pcf_skill_id	pcf_skill	rank	esco_skill_uri	esco_skill_label
pcf:accessibility	Accessibility	1	http://data.europa.eu/esco/skill/e8ef317f-c880-4c7a-929f-e08053f976bb	develop strategies for accessibility
pcf:accessibility	Accessibility	2	http://data.europa.eu/esco/skill/c2ff1e5f-77ba-4527-bd88-dc7e5d67e2b9	ensure vehicles are equipped with accessibility equipment
pcf:accessibility	Accessibility	3	http://data.europa.eu/esco/skill/3e23db60-0c3d-498a-a6ac-ffbed0ecb033	ICT accessibility standards
pcf:accessibility	Accessibility	4	http://data.europa.eu/esco/skill/0332f526-6dc0-4f09-8a7c-2b9473c50736	ensure infrastructure accessibility
pcf:accessibility	Accessibility	5	http://data.europa.eu/esco/skill/be64bb4c-84ac-4c83-8cc7-fc8593e15136	test system accessibility for users with special needs
pcf:accessibility	Accessibility	6	http://data.europa.eu/esco/skill/eccf3b4f-881f-4ae6-b96a-666be929d780	access to documents regulations
pcf:adapting-to-delivery-methodologies	Adapting to delivery methodologies	1	http://data.europa.eu/esco/skill/409a7608-20ac-40b6-a022-5cb74d23799d	develop methodologies for supplier evaluation
pcf:adapting-to-delivery-methodologies	Adapting to delivery methodologies	2	http://data.europa.eu/esco/skill/32db65d3-5ef3-43eb-9bf8-752c9cf0b22e	customise project methodologies
pcf:adapting-to-delivery-methodologies	Adapting to delivery methodologies	3	http://data.europa.eu/esco/skill/9ef0f3a0-9ce2-4ef1-a987-0366b5cb2dbe	database development tools
pcf:adapting-to-delivery-methodologies	Adapting to delivery methodologies	4	http://data.europa.eu/esco/skill/f6068fdb-8033-48ee-9444-5cbd2b40ba64	apply credit stress testing methodologies
pcf:adapting-to-delivery-methodologies	Adapting to delivery methodologies	5	http://data.europa.eu/esco/skill/32fff719-0b03-4370-a0f4-25abbce2f221	analyse processes influencing health care delivery
pcf:adapting-to-delivery-methodologies	Adapting to delivery methodologies	6	http://data.europa.eu/esco/skill/28123a65-be06-4466-b117-e2ff289899f8	handle delivery of furniture goods
pcf:agile-and-lean-practices	Agile and Lean practices	1	http://data.europa.eu/esco/skill/dba46f87-0831-49cd-a1c7-340a653c0221	Agile development
pcf:agile-and-lean-practices	Agile and Lean practices	2	http://data.europa.eu/esco/skill/0a9acb6b-1139-4be9-b431-3a80a959f2f4	Agile project management
pcf:agile-and-lean-practices	Agile and Lean practices	3	http://data.europa.eu/esco/skill/da6393d5-a53c-4863-abc7-51f36281d74e	lean project management
pcf:agile-and-lean-practices	Agile and Lean practices	4	http://data.europa.eu/esco/skill/bec4359e-cb92-468f-a997-8fb28e32fba9	ICT project management methodologies
pcf:agile-and-lean-practices	Agile and Lean practices	5	http://data.europa.eu/esco/skill/d9449998-c1f5-478c-a103-2255398cf0b6	apply hygiene standards
pcf:agile-and-lean-practices	Agile and Lean practices	6	http://data.europa.eu/esco/skill/2c71ffc8-dae9-4584-ae7f-5b3a78c8cc69	furniture trends
pcf:agile-research-practices	Agile research practices	1	http://data.europa.eu/esco/skill/dba46f87-0831-49cd-a1c7-340a653c0221	Agile development
pcf:agile-research-practices	Agile research practices	2	http://data.europa.eu/esco/skill/0a9acb6b-1139-4be9-b431-3a80a959f2f4	Agile project management
pcf:agile-research-practices	Agile research practices	3	http://data.europa.eu/esco/skill/349ba297-53b3-4bb6-9952-5c5e65f7e047	evaluation methodologies in paramedic practice
pcf:agile-research-practices	Agile research practices	4	http://data.europa.eu/esco/skill/0c8e6a83-8350-47b9-9619-ae8c796086b0	conduct training on monitoring and evaluation frameworks
pcf:agile-research-practices	Agile research practices	5	http://data.europa.eu/esco/skill/a8d24a95-47b3-4f88-92e7-06600bcd3612	manage personal professional development
pcf:agile-research-practices	Agile research practices	6	http://data.europa.eu/esco/skill/7159e587-c7cb-4ec0-a662-03e1dee2cccb	research design
pcf:agile-working	Agile working	1	http://data.europa.eu/esco/skill/dba46f87-0831-49cd-a1c7-340a653c0221	Agile development
pcf:agile-working	Agile working	2	http://data.europa.eu/esco/skill/0a9acb6b-1139-4be9-b431-3a80a959f2f4	Agile project management
pcf:agile-working	Agile working	3	http://data.europa.eu/esco/skill/bec4359e-cb92-468f-a997-8fb28e32fba9	ICT project management methodologies
pcf:agile-working	Agile working	4	http://data.europa.eu/esco/skill/77176c98-a246-4b3c-8777-dcb32e54e955	handle fragile items
pcf:agile-working	Agile working	5	http://data.europa.eu/esco/skill/dd504527-793b-4bd2-9ad1-a5024c4b4e1d	pack fragile items for transportation
pcf:agile-working	Agile working	6	http://data.europa.eu/esco/skill/4e2d4d0a-fd08-4a02-994c-38d989ad9184	glassworking
pcf:analysis	Analysis	1	http://data.europa.eu/esco/skill/fdeabe51-1d92-4770-acfe-eff9769b3d4f	landscape analysis
pcf:analysis	Analysis	2	http://data.europa.eu/esco/skill/21331900-9d2a-4806-9a0c-a1885e16dc3d	perform forest analysis
pcf:analysis	Analysis	3	http://data.europa.eu/esco/skill/4bbb309f-9162-49b9-93da-fb2c371e5c5f	collect samples for analysis
pcf:analysis	Analysis	4	http://data.europa.eu/esco/skill/ecf2deca-8e91-4dd3-8315-a8b69d621492	gel permeation chromatography
pcf:analysis	Analysis	5	http://data.europa.eu/esco/skill/75f650d0-9096-4b8f-bbd6-ad05ee3f6121	document analysis results
pcf:analysis	Analysis	6	http://data.europa.eu/esco/skill/2dd6ecdf-8a08-438b-8b4b-e0374f7b523b	carry out sales analysis
pcf:analysis-and-insight	Analysis and insight	1	http://data.europa.eu/esco/skill/f263da7f-0708-42c2-b1a9-39083416f632	communicate analytical insights
pcf:analysis-and-insight	Analysis and insight	2	http://data.europa.eu/esco/skill/d523d7bf-cb3d-4310-9bf3-5670659c9b83	news analytics
pcf:analysis-and-insight	Analysis and insight	3	http://data.europa.eu/esco/skill/05fc6f8d-639c-4329-a6de-dfdd800ed091	customer insight
pcf:analysis-and-insight	Analysis and insight	4	http://data.europa.eu/esco/skill/a18b1d91-f0bd-495d-ba8e-d9532f117b89	video-games functionalities
pcf:analysis-and-insight	Analysis and insight	5	http://data.europa.eu/esco/skill/a68b64aa-3cda-45e0-9007-3a6614938f62	forensic linguistics
pcf:analysis-and-insight	Analysis and insight	6	http://data.europa.eu/esco/skill/896563fc-6255-4419-89c2-ffed30159ad6	conduct research interview
pcf:analysis-and-synthesis	Analysis and synthesis	1	http://data.europa.eu/esco/skill/f715be1d-5fc4-49d3-82a5-0b8090d12849	synthesise information
pcf:analysis-and-synthesis	Analysis and synthesis	2	http://data.europa.eu/esco/skill/d90c6800-e653-4bdf-bc39-5f4e366fe68d	advanced materials
pcf:analysis-and-synthesis	Analysis and synthesis	3	http://data.europa.eu/esco/skill/b74a4387-80dc-4d78-aab4-11215c86b1dc	inorganic chemistry
pcf:analysis-and-synthesis	Analysis and synthesis	4	http://data.europa.eu/esco/skill/ad8a0488-c130-48cf-bebb-7d9dfa30c09b	synthesise clothing with accessories
pcf:analysis-and-synthesis	Analysis and synthesis	5	http://data.europa.eu/esco/skill/acbb31e0-7cfb-4987-a9a7-4df119e0b83b	pharmaceutical chemistry
pcf:analysis-and-synthesis	Analysis and synthesis	6	http://data.europa.eu/esco/skill/fdeabe51-1d92-4770-acfe-eff9769b3d4f	landscape analysis
pcf:analysis-and-synthesis-for-data-and-ai-ethics	Analysis and synthesis for data and AI ethics	1	http://data.europa.eu/esco/skill/e9575f7f-053a-439e-8074-f93df3334e92	data ethics
pcf:analysis-and-synthesis-for-data-and-ai-ethics	Analysis and synthesis for data and AI ethics	2	http://data.europa.eu/esco/skill/2b92a5b2-6758-4ee3-9fb4-b6387a55cc8f	perform data analysis
pcf:analysis-and-synthesis-for-data-and-ai-ethics	Analysis and synthesis for data and AI ethics	3	http://data.europa.eu/esco/skill/7ee4c2ea-b349-4bd2-81a3-ec31475d4833	statistics
pcf:analysis-and-synthesis-for-data-and-ai-ethics	Analysis and synthesis for data and AI ethics	4	http://data.europa.eu/esco/skill/edebd83d-35f6-4ed5-a940-6c203d178c01	data science
pcf:analysis-and-synthesis-for-data-and-ai-ethics	Analysis and synthesis for data and AI ethics	5	http://data.europa.eu/esco/skill/0f365cf9-4f68-4a25-affc-75de20bcdc09	conduct analysis of ship data
pcf:analysis-and-synthesis-for-data-and-ai-ethics	Analysis and synthesis for data and AI ethics	6	http://data.europa.eu/esco/skill/382c11ed-20d5-4ae7-b60e-15fec527fa6c	apply statistical analysis techniques
pcf:applied-empathy-and-inclusivity	Applied empathy and inclusivity	1	http://data.europa.eu/esco/skill/0ee94af1-b445-4973-9c3f-459fab250342	apply conflict management
pcf:applied-empathy-and-inclusivity	Applied empathy and inclusivity	2	http://data.europa.eu/esco/skill/77b636e8-fab3-41a8-8022-1e0a354059dc	show empathy
pcf:applied-empathy-and-inclusivity	Applied empathy and inclusivity	3	http://data.europa.eu/esco/skill/3f13dda5-f504-4997-a595-f0d60719897c	empathise with the woman's family during and after pregnancy
pcf:applied-empathy-and-inclusivity	Applied empathy and inclusivity	4	http://data.europa.eu/esco/skill/f780a6ad-b01e-4c35-9746-af8fc0c5ad06	apply crisis management
pcf:applied-empathy-and-inclusivity	Applied empathy and inclusivity	5	http://data.europa.eu/esco/skill/a90fa5ff-5b4f-4152-8160-ad80a6d3d13e	assess others feelings
pcf:applied-empathy-and-inclusivity	Applied empathy and inclusivity	6	http://data.europa.eu/esco/skill/85c13cba-d555-429f-88cf-589b409fe978	physical science applied to paramedical practice
pcf:applied-maths-statistics-and-scientific-practices	Applied maths, statistics and scientific practices	1	http://data.europa.eu/esco/skill/85c13cba-d555-429f-88cf-589b409fe978	physical science applied to paramedical practice
pcf:applied-maths-statistics-and-scientific-practices	Applied maths, statistics and scientific practices	2	http://data.europa.eu/esco/skill/f6a90f59-5a07-4088-b318-e486a42ca58c	evidence-based approach in general practice
pcf:applied-maths-statistics-and-scientific-practices	Applied maths, statistics and scientific practices	3	http://data.europa.eu/esco/skill/6860efa0-dcf4-441f-94c0-73826fa95d33	research and development in textiles
pcf:applied-maths-statistics-and-scientific-practices	Applied maths, statistics and scientific practices	4	http://data.europa.eu/esco/skill/a261c61a-29b8-4b6a-a283-e5a7d5077352	biostatistics
pcf:applied-maths-statistics-and-scientific-practices	Applied maths, statistics and scientific practices	5	http://data.europa.eu/esco/skill/ecee574b-4332-4cb4-b81c-d7ac71a0e2e2	apply good clinical practices
pcf:applied-maths-statistics-and-scientific-practices	Applied maths, statistics and scientific practices	6	http://data.europa.eu/esco/skill/7ee4c2ea-b349-4bd2-81a3-ec31475d4833	statistics
pcf:applied-social-sciences	Applied social sciences	1	http://data.europa.eu/esco/skill/82068fe6-183e-4396-9996-27d0152d713a	sociology applied to paramedical science
pcf:applied-social-sciences	Applied social sciences	2	http://data.europa.eu/esco/skill/4e097377-7950-4993-9e22-a61b067b5c00	social sciences
pcf:applied-social-sciences	Applied social sciences	3	http://data.europa.eu/esco/skill/0d9c959a-cdd4-41f7-aa82-5e2e25b27e3f	social work theory
pcf:applied-social-sciences	Applied social sciences	4	http://data.europa.eu/esco/skill/01e66e1c-97d9-4829-bee1-f3ab649161e8	biomedical science
pcf:applied-social-sciences	Applied social sciences	5	http://data.europa.eu/esco/skill/85c13cba-d555-429f-88cf-589b409fe978	physical science applied to paramedical practice
pcf:applied-social-sciences	Applied social sciences	6	http://data.europa.eu/esco/skill/deb3c1bc-d48a-42e6-b0cc-cb238534ec28	apply knowledge of social sciences and humanities
pcf:applying-statistical-and-analytical-tools-and-techniques	Applying statistical and analytical tools and techniques	1	http://data.europa.eu/esco/skill/382c11ed-20d5-4ae7-b60e-15fec527fa6c	apply statistical analysis techniques
pcf:applying-statistical-and-analytical-tools-and-techniques	Applying statistical and analytical tools and techniques	2	http://data.europa.eu/esco/skill/ddfe79e2-c2e3-4ba7-9bdf-3820b4f75b54	identify ICT user needs
pcf:applying-statistical-and-analytical-tools-and-techniques	Applying statistical and analytical tools and techniques	3	http://data.europa.eu/esco/skill/fd6d2981-3d4a-4ce2-9741-cfc98c5b74bd	implement data warehousing techniques
pcf:applying-statistical-and-analytical-tools-and-techniques	Applying statistical and analytical tools and techniques	4	http://data.europa.eu/esco/skill/6a536b36-c5c7-4d10-bf67-a4fb0f8549b2	audit techniques
pcf:applying-statistical-and-analytical-tools-and-techniques	Applying statistical and analytical tools and techniques	5	http://data.europa.eu/esco/skill/68ef0e4d-5542-4e64-84f4-752cce5a3c22	statistical modeling techniques
pcf:applying-statistical-and-analytical-tools-and-techniques	Applying statistical and analytical tools and techniques	6	http://data.europa.eu/esco/skill/c9f4efcd-e16a-4515-a0cb-60c6c479853d	actuarial science
pcf:applying-user-centred-insights	Applying user-centred insights	1	http://data.europa.eu/esco/skill/72c8df9c-b882-4e18-a350-47b75cb04a73	use person-centred planning
pcf:applying-user-centred-insights	Applying user-centred insights	2	http://data.europa.eu/esco/skill/ddfe79e2-c2e3-4ba7-9bdf-3820b4f75b54	identify ICT user needs
pcf:applying-user-centred-insights	Applying user-centred insights	3	http://data.europa.eu/esco/skill/7a63f944-6948-4ae4-9c1f-d08e492535c9	apply person-centred care
pcf:applying-user-centred-insights	Applying user-centred insights	4	http://data.europa.eu/esco/skill/a68b64aa-3cda-45e0-9007-3a6614938f62	forensic linguistics
pcf:applying-user-centred-insights	Applying user-centred insights	5	http://data.europa.eu/esco/skill/6c870993-9341-438b-91c0-c7fe4f96d8f5	apply strategic thinking
pcf:applying-user-centred-insights	Applying user-centred insights	6	http://data.europa.eu/esco/skill/05fc6f8d-639c-4329-a6de-dfdd800ed091	customer insight
pcf:architect-for-the-whole-context	Architect for the whole context	1	http://data.europa.eu/esco/skill/c24f8b78-95c2-4dd0-8314-0cddaeba0399	write an architectural brief
pcf:architect-for-the-whole-context	Architect for the whole context	2	http://data.europa.eu/esco/skill/5a19182a-7f24-4b34-91ed-9c342787f821	liaise with architects
pcf:architect-for-the-whole-context	Architect for the whole context	3	http://data.europa.eu/esco/skill/d329b1ed-6e7a-400e-bca2-7c1936fbfbcb	advise architects
pcf:architect-for-the-whole-context	Architect for the whole context	4	http://data.europa.eu/esco/skill/d74fb4cc-222e-4ad7-a064-78411fa4dc63	balance participants' personal needs with group needs
pcf:architect-for-the-whole-context	Architect for the whole context	5	http://data.europa.eu/esco/skill/373be061-01a2-421b-abf0-269ac36e847d	perceive context when interpreting
pcf:architect-for-the-whole-context	Architect for the whole context	6	http://data.europa.eu/esco/skill/f5eae448-0e52-4550-b982-9ff108c2ef55	advise on historical context
pcf:architecture-communication	Architecture communication	1	http://data.europa.eu/esco/skill/4f1afd9d-77a7-40f8-a3c7-fe18b984ce43	telecommunication trunking
pcf:architecture-communication	Architecture communication	2	http://data.europa.eu/esco/skill/88680a21-57f9-46b6-8268-7d8e42aef849	architecture regulations
pcf:architecture-communication	Architecture communication	3	http://data.europa.eu/esco/skill/4c598891-db23-4b7c-9b39-233ba8eaf848	landscape architecture
pcf:architecture-communication	Architecture communication	4	http://data.europa.eu/esco/skill/7adb8473-bcc6-4ff8-9850-76d945d40092	analyse ICT system
pcf:architecture-communication	Architecture communication	5	http://data.europa.eu/esco/skill/9f5e899e-a53f-4b7a-a137-aade7fb18b86	architectural theory
pcf:architecture-communication	Architecture communication	6	http://data.europa.eu/esco/skill/77a9c736-154e-4a19-8476-4246ed25fd54	historic architecture
pcf:asset-and-configuration-management	Asset and configuration management	1	http://data.europa.eu/esco/skill/ed183385-b82e-46c5-83d0-dfdd2625d2ff	manage brand assets
pcf:asset-and-configuration-management	Asset and configuration management	2	http://data.europa.eu/esco/skill/b02b38c4-d46d-44da-9479-1310060bd74d	asset management
pcf:asset-and-configuration-management	Asset and configuration management	3	http://data.europa.eu/esco/skill/6417a4cc-6f61-4459-a114-761a7fa0279d	Puppet (tools for software configuration management)
pcf:asset-and-configuration-management	Asset and configuration management	4	http://data.europa.eu/esco/skill/c7451027-8249-405a-bb1b-342ff0f3fb3b	Salt (tools for software configuration management)
pcf:asset-and-configuration-management	Asset and configuration management	5	http://data.europa.eu/esco/skill/4b28bf98-7e93-4364-9104-51fca5a5f20e	administer debtor's assets
pcf:asset-and-configuration-management	Asset and configuration management	6	http://data.europa.eu/esco/skill/49f85a99-086c-45b6-a6fa-eb90305af7b1	Chef (tools for software configuration management)
pcf:availability-and-capacity-management	Availability and capacity management	1	http://data.europa.eu/esco/skill/860fa4a6-1fba-4c00-bf77-97a860616c12	manage fleet capacity
pcf:availability-and-capacity-management	Availability and capacity management	2	http://data.europa.eu/esco/skill/a2fef437-6719-47c2-8552-73b9fe81df86	plan ICT capacity
pcf:availability-and-capacity-management	Availability and capacity management	3	http://data.europa.eu/esco/skill/d17b127e-5483-4e39-89f1-f5d914880467	apply frequency management
pcf:availability-and-capacity-management	Availability and capacity management	4	http://data.europa.eu/esco/skill/60d48be0-4260-4b2e-85b9-aedff7a9b7d9	ICT capacity planning strategies
pcf:availability-and-capacity-management	Availability and capacity management	5	http://data.europa.eu/esco/skill/60493b7f-8613-431e-91ea-6a2c0410c6d4	vehicle cargo capacity
pcf:availability-and-capacity-management	Availability and capacity management	6	http://data.europa.eu/esco/skill/69f23426-9279-4fe6-a283-24c2aa4c855d	ensure equipment availability
pcf:business-analysis-it-operations	Business analysis (IT operations)	1	http://data.europa.eu/esco/skill/9e84a506-df06-4be3-874a-fa01293e3dd5	business processes
pcf:business-analysis-it-operations	Business analysis (IT operations)	2	http://data.europa.eu/esco/skill/633a3637-2c6b-40ae-ac38-289eb2a62aa6	business analysis
pcf:business-analysis-it-operations	Business analysis (IT operations)	3	http://data.europa.eu/esco/skill/99571e68-801f-49af-a897-5f75996642e1	financial analysis
pcf:business-analysis-it-operations	Business analysis (IT operations)	4	http://data.europa.eu/esco/skill/27ed854c-15b8-4ba2-90e9-ae888a219703	perform business analysis
pcf:business-analysis-it-operations	Business analysis (IT operations)	5	http://data.europa.eu/esco/skill/29d3663f-348a-4b67-a8db-b94fd3912385	teach business principles
pcf:business-analysis-it-operations	Business analysis (IT operations)	6	http://data.europa.eu/esco/skill/4b3ae518-6746-4487-8d3b-4cfc063a43d0	use business simulation tools
pcf:business-and-user-acceptance-testing	Business and user acceptance testing	1	http://data.europa.eu/esco/skill/85f46538-ae70-498a-bfbc-b8ddafe96c7d	levels of software testing
pcf:business-and-user-acceptance-testing	Business and user acceptance testing	2	http://data.europa.eu/esco/skill/08f0af26-2178-40d2-9267-6d50a7346555	combine business technology with user experience
pcf:business-and-user-acceptance-testing	Business and user acceptance testing	3	http://data.europa.eu/esco/skill/95ee5e38-5c1e-4cd2-a21d-6921390025a9	usability engineering
pcf:business-and-user-acceptance-testing	Business and user acceptance testing	4	http://data.europa.eu/esco/skill/ce354460-500e-4eaa-8e95-8f243fcea3db	manage system testing
pcf:business-and-user-acceptance-testing	Business and user acceptance testing	5	http://data.europa.eu/esco/skill/be0ff6d8-5e61-4021-9c89-e40cf0b75cc6	measure software usability
pcf:business-and-user-acceptance-testing	Business and user acceptance testing	6	http://data.europa.eu/esco/skill/78a74fd1-efc6-49dc-adb1-1b0fbe35c22c	provide software testing documentation
pcf:business-architecture	Business architecture	1	http://data.europa.eu/esco/skill/ee3c1d54-f46a-43c7-a0f9-0ba3648164d0	design enterprise architecture
pcf:business-architecture	Business architecture	2	http://data.europa.eu/esco/skill/11430d93-c835-48ed-8e70-285fa69c9ae6	design cloud architecture
pcf:business-architecture	Business architecture	3	http://data.europa.eu/esco/skill/63f0aa84-5e4c-4eb6-8e8c-876d9feedf1f	Outsourcing model
pcf:business-architecture	Business architecture	4	http://data.europa.eu/esco/skill/83218cac-3599-417e-93d2-26013cdccd98	service-oriented modelling
pcf:business-architecture	Business architecture	5	http://data.europa.eu/esco/skill/b16200f4-4f39-4b8b-aa9d-3568054d6bdb	Open source model
pcf:business-architecture	Business architecture	6	http://data.europa.eu/esco/skill/88680a21-57f9-46b6-8268-7d8e42aef849	architecture regulations
pcf:business-modelling	Business modelling	1	http://data.europa.eu/esco/skill/d686f015-5568-4288-9135-74936cd7b655	blockchain-based business models
pcf:business-modelling	Business modelling	2	http://data.europa.eu/esco/skill/3c1cbc5e-2220-4f45-bcc8-3d52c8c9cae0	analyse business model
pcf:business-modelling	Business modelling	3	http://data.europa.eu/esco/skill/812b8819-9b7a-4df9-9c9f-1b60888d0861	e-tailoring
pcf:business-modelling	Business modelling	4	http://data.europa.eu/esco/skill/20cafa47-c3e5-4ab6-83dc-f948183a38fc	fishing industry
pcf:business-modelling	Business modelling	5	http://data.europa.eu/esco/skill/71b48d23-8a2d-4f99-8d90-7e904de607ca	aquaculture industry
pcf:business-modelling	Business modelling	6	http://data.europa.eu/esco/skill/f130eab9-64a5-47f8-a63e-e4788aa935ce	market entry planning
pcf:business-process-improvement	Business process improvement	1	http://data.europa.eu/esco/skill/958b8802-ec3e-4813-97f7-6c8f48610dbd	identify process improvements
pcf:business-process-improvement	Business process improvement	2	http://data.europa.eu/esco/skill/9e84a506-df06-4be3-874a-fa01293e3dd5	business processes
pcf:business-process-improvement	Business process improvement	3	http://data.europa.eu/esco/skill/f1b5800e-b763-4740-9586-3fef30568e81	analyse production processes for improvement
pcf:business-process-improvement	Business process improvement	4	http://data.europa.eu/esco/skill/c2617b44-886a-485e-8393-bc0fc6339539	management consulting
pcf:business-process-improvement	Business process improvement	5	http://data.europa.eu/esco/skill/0550431f-9c8b-4204-9c45-59bc5feacf06	continuous improvement philosophies
pcf:business-process-improvement	Business process improvement	6	http://data.europa.eu/esco/skill/07e51c60-763a-4335-b4ec-70a15f66d328	propose ICT solutions to business problems
pcf:capability-building-for-digital-data-and-technology	Capability building for digital, data and technology	1	http://data.europa.eu/esco/skill/737f8895-46df-4283-8f38-13f3f0fc3b77	digital twin technology
pcf:capability-building-for-digital-data-and-technology	Capability building for digital, data and technology	2	http://data.europa.eu/esco/skill/40001d93-8937-4859-89d5-2dca53290ff4	share through digital technologies
pcf:capability-building-for-digital-data-and-technology	Capability building for digital, data and technology	3	http://data.europa.eu/esco/skill/bbb653b1-677a-4dc2-9504-374cba290bf1	assess vessel capability
pcf:capability-building-for-digital-data-and-technology	Capability building for digital, data and technology	4	http://data.europa.eu/esco/skill/fa3e5cec-703e-4d46-b3bb-e8a89540ab54	manage digital archives
pcf:capability-building-for-digital-data-and-technology	Capability building for digital, data and technology	5	http://data.europa.eu/esco/skill/79e29b8b-47d1-470d-b7b1-32506bfe7d9a	collect ICT data
pcf:capability-building-for-digital-data-and-technology	Capability building for digital, data and technology	6	http://data.europa.eu/esco/skill/71f81e1a-e2ca-48d6-b7b8-7a34c56c51f8	transmission technology
pcf:change-benefits-and-adoption-analysis	Change, benefits and adoption analysis	1	http://data.europa.eu/esco/skill/cb5bac93-9111-4275-af1d-f40b0a73511b	identify the health benefits of nutritional changes
pcf:change-benefits-and-adoption-analysis	Change, benefits and adoption analysis	2	http://data.europa.eu/esco/skill/48b68726-0fd6-4e03-a5eb-82236516ee7a	provide cost benefit analysis reports
pcf:change-benefits-and-adoption-analysis	Change, benefits and adoption analysis	3	http://data.europa.eu/esco/skill/5d26851b-270a-4fbe-abeb-2bfd6eba3e2d	analyse logistic changes
pcf:change-benefits-and-adoption-analysis	Change, benefits and adoption analysis	4	http://data.europa.eu/esco/skill/3f86173d-e101-4fcd-934f-ff9de29c081c	perform system analysis
pcf:change-benefits-and-adoption-analysis	Change, benefits and adoption analysis	5	http://data.europa.eu/esco/skill/9508b9a4-690a-4bf3-ba28-fcfba9f5e7d2	manage animal adoption
pcf:change-benefits-and-adoption-analysis	Change, benefits and adoption analysis	6	http://data.europa.eu/esco/skill/f28c3e9b-8666-48d4-a5e4-542ac193879b	advise on social security benefits
pcf:change-management	Change management	1	http://data.europa.eu/esco/skill/3c03ee71-4a23-448f-b79e-81fd75d27dca	apply change management
pcf:change-management	Change management	2	http://data.europa.eu/esco/skill/5d1f71c1-fe52-4ade-b43d-5fc85ee16ad3	manage gambling operation
pcf:change-management	Change management	3	http://data.europa.eu/esco/skill/b1ef509e-f191-405a-8419-51663b08922e	implement a management system
pcf:change-management	Change management	4	http://data.europa.eu/esco/skill/c241f5a5-e23f-47bf-ad24-d83ea0010166	ensure proper document management
pcf:change-management	Change management	5	http://data.europa.eu/esco/skill/ccb2e5f2-4279-48fd-9d85-a1db42ff1e13	project configuration management
pcf:change-management	Change management	6	http://data.europa.eu/esco/skill/707c54fb-b6b8-45a4-9abd-030a40a582c9	manage currency exchange risk mitigation techniques
pcf:changing-security-culture	Changing security culture	1	http://data.europa.eu/esco/skill/63b23e76-63cd-44e9-9685-173842d8b691	ensure health and safety of customers
pcf:changing-security-culture	Changing security culture	2	http://data.europa.eu/esco/skill/5592ab32-4e7a-4cda-8e64-ca36d5de8a10	adapt to changing situations
pcf:changing-security-culture	Changing security culture	3	http://data.europa.eu/esco/skill/b478d218-21df-447f-9eba-6fb11f94b071	maintain telephony system
pcf:changing-security-culture	Changing security culture	4	http://data.europa.eu/esco/skill/049c8caf-dd12-45fc-9bfa-b64051f32a19	respond to changing situations in health care
pcf:changing-security-culture	Changing security culture	5	http://data.europa.eu/esco/skill/56e30a60-0a87-4631-85ea-c69bc8bd0519	study cultures
pcf:changing-security-culture	Changing security culture	6	http://data.europa.eu/esco/skill/f9738fc9-4d67-43e8-bfda-954123e34d42	coordinate security
pcf:coaching-in-an-agile-environment	Coaching in an agile environment	1	http://data.europa.eu/esco/skill/dba46f87-0831-49cd-a1c7-340a653c0221	Agile development
pcf:coaching-in-an-agile-environment	Coaching in an agile environment	2	http://data.europa.eu/esco/skill/0a9acb6b-1139-4be9-b431-3a80a959f2f4	Agile project management
pcf:coaching-in-an-agile-environment	Coaching in an agile environment	3	http://data.europa.eu/esco/skill/e30bd8c3-28e4-4f8c-857c-e29f5a4af2bc	develop artistic coaching programme
pcf:coaching-in-an-agile-environment	Coaching in an agile environment	4	http://data.europa.eu/esco/skill/a0380e94-61dc-4dc4-b1f8-61d768fbc6db	subject of music coaching
pcf:coaching-in-an-agile-environment	Coaching in an agile environment	5	http://data.europa.eu/esco/skill/1d38a162-61a0-42e8-83ca-47ce3e881032	develop a coaching style
pcf:coaching-in-an-agile-environment	Coaching in an agile environment	6	http://data.europa.eu/esco/skill/bec4359e-cb92-468f-a997-8fb28e32fba9	ICT project management methodologies
pcf:coding-and-scripting	Coding and scripting	1	http://data.europa.eu/esco/skill/dcdd5ddf-82a6-4ac3-8edc-d4b23cae9a88	VBScript
pcf:coding-and-scripting	Coding and scripting	2	http://data.europa.eu/esco/skill/af582ee4-bbc8-436c-96f2-df0cb2049f5d	products coding system
pcf:coding-and-scripting	Coding and scripting	3	http://data.europa.eu/esco/skill/5ef0c719-5bcb-49f8-b8eb-824388225333	use scripting programming
pcf:coding-and-scripting	Coding and scripting	4	http://data.europa.eu/esco/skill/3cd569a2-4f88-4c1e-9995-8dce8c5e51a7	JavaScript
pcf:coding-and-scripting	Coding and scripting	5	http://data.europa.eu/esco/skill/4b88b1ee-c2d9-473a-9fe8-ba3b9c0c179a	implement ICT coding conventions
pcf:coding-and-scripting	Coding and scripting	6	http://data.europa.eu/esco/skill/f022b5ff-8496-4722-a7a3-ef3c072f01f6	perform clinical coding procedures
pcf:commercial-management	Commercial management	1	http://data.europa.eu/esco/skill/729ee685-e714-4858-8c49-584a29cbcd6e	liaise with mine professionals
pcf:commercial-management	Commercial management	2	http://data.europa.eu/esco/skill/56fa904b-eb1c-4f34-a671-8c5dc6af6de1	liaise with geology professionals
pcf:commercial-management	Commercial management	3	http://data.europa.eu/esco/skill/80ae18bf-f3a4-4f83-b372-7c5c9d686865	manage commercial risks
pcf:commercial-management	Commercial management	4	http://data.europa.eu/esco/skill/b1dfada9-183f-4f54-a0d4-a365adfc8412	security in commercial buildings
pcf:commercial-management	Commercial management	5	http://data.europa.eu/esco/skill/726abd5a-d23c-44b9-abb0-f22bbe95f1d3	operational research
pcf:commercial-management	Commercial management	6	http://data.europa.eu/esco/skill/d63c2bad-817d-4116-b4d8-b927cb01212d	commercial law
pcf:commercial-perspective	Commercial perspective	1	http://data.europa.eu/esco/skill/d63c2bad-817d-4116-b4d8-b927cb01212d	commercial law
pcf:commercial-perspective	Commercial perspective	2	http://data.europa.eu/esco/skill/d4673a6d-4b7e-439b-81b0-e6d5ee67d396	isometric perspective
pcf:commercial-perspective	Commercial perspective	3	http://data.europa.eu/esco/skill/80ae18bf-f3a4-4f83-b372-7c5c9d686865	manage commercial risks
pcf:commercial-perspective	Commercial perspective	4	http://data.europa.eu/esco/skill/b1dfada9-183f-4f54-a0d4-a365adfc8412	security in commercial buildings
pcf:commercial-perspective	Commercial perspective	5	http://data.europa.eu/esco/skill/39d92981-7b68-47de-bfc0-5374c067dba9	control trade commercial documentation
pcf:commercial-perspective	Commercial perspective	6	http://data.europa.eu/esco/skill/7ca5d3c2-2cea-4fac-88e4-f2955c5b705c	use IT systems for commercial purposes
pcf:communicating-analysis-and-insight	Communicating analysis and insight	1	http://data.europa.eu/esco/skill/f263da7f-0708-42c2-b1a9-39083416f632	communicate analytical insights
pcf:communicating-analysis-and-insight	Communicating analysis and insight	2	http://data.europa.eu/esco/skill/d523d7bf-cb3d-4310-9bf3-5670659c9b83	news analytics
pcf:communicating-analysis-and-insight	Communicating analysis and insight	3	http://data.europa.eu/esco/skill/05fc6f8d-639c-4329-a6de-dfdd800ed091	customer insight
pcf:communicating-analysis-and-insight	Communicating analysis and insight	4	http://data.europa.eu/esco/skill/d71a09e6-04a7-4588-9ae5-d2e205238c29	provide veterinary information to the public
pcf:communicating-analysis-and-insight	Communicating analysis and insight	5	http://data.europa.eu/esco/skill/a18b1d91-f0bd-495d-ba8e-d9532f117b89	video-games functionalities
pcf:communicating-analysis-and-insight	Communicating analysis and insight	6	http://data.europa.eu/esco/skill/a68b64aa-3cda-45e0-9007-3a6614938f62	forensic linguistics
pcf:communicating-between-the-technical-and-non-technical	Communicating between the technical and non-technical	1	http://data.europa.eu/esco/skill/0b957e7e-a2ef-4a2f-b6cf-e29564e82372	coordinate technical standards for global interoperability
pcf:communicating-between-the-technical-and-non-technical	Communicating between the technical and non-technical	2	http://data.europa.eu/esco/skill/c32ad607-0c4d-4e34-b73f-668298f7bf13	apply technical communication skills
pcf:communicating-between-the-technical-and-non-technical	Communicating between the technical and non-technical	3	http://data.europa.eu/esco/skill/5b26f08b-88bc-45f0-b901-530d7786466b	scientific computing
pcf:communicating-between-the-technical-and-non-technical	Communicating between the technical and non-technical	4	http://data.europa.eu/esco/skill/754c460b-0c3e-4cc5-b56b-f9006828dcbe	teach windsurfing
pcf:communicating-between-the-technical-and-non-technical	Communicating between the technical and non-technical	5	http://data.europa.eu/esco/skill/881cd4ec-5b52-46c6-abc4-60551d58b355	make technical drawings of fashion pieces
pcf:communicating-between-the-technical-and-non-technical	Communicating between the technical and non-technical	6	http://data.europa.eu/esco/skill/9bb7a97a-1a16-431e-8ea6-ad0f9f59aa0a	control objectives for information and related technology
pcf:communicating-data	Communicating data	1	http://data.europa.eu/esco/skill/7ca5d3c2-2cea-4fac-88e4-f2955c5b705c	use IT systems for commercial purposes
pcf:communicating-data	Communicating data	2	http://data.europa.eu/esco/skill/debef2fc-7af4-4bff-ac92-4d0317915a84	electronic communication
pcf:communicating-data	Communicating data	3	http://data.europa.eu/esco/skill/0c766ca3-9364-4203-916b-fed16e4814c1	gather data for forensic purposes
pcf:communicating-data	Communicating data	4	http://data.europa.eu/esco/skill/0d6714c6-720e-4985-9791-5ab85d28da79	gather data
pcf:communicating-data	Communicating data	5	http://data.europa.eu/esco/skill/81086bb0-a110-470d-ba5a-2c68fc535407	manage flight data communications programme
pcf:communicating-data	Communicating data	6	http://data.europa.eu/esco/skill/3ec2e4d6-7000-4905-bf1a-c5b1679416de	data warehouse
pcf:communicating-information	Communicating information	1	http://data.europa.eu/esco/skill/25df422a-bf0a-4f76-8631-d0be91cb8751	model based system engineering
pcf:communicating-information	Communicating information	2	http://data.europa.eu/esco/skill/da5caa6a-4daa-4254-911d-138e4e3f99d2	communicate information during sport game
pcf:communicating-information	Communicating information	3	http://data.europa.eu/esco/skill/52272cdd-7a52-4b88-a12b-7ca442c37f99	provide project information on exhibitions
pcf:communicating-information	Communicating information	4	http://data.europa.eu/esco/skill/22f9d9a9-404b-4de7-8467-5ae8ff4b8676	watch for maritime navigation aids
pcf:communicating-information	Communicating information	5	http://data.europa.eu/esco/skill/f24d196c-fda3-412b-aa8d-c9d36db80cd8	circulate information
pcf:communicating-information	Communicating information	6	http://data.europa.eu/esco/skill/d5ac6a93-7fba-49d4-93fd-b38d23b556e8	inform on interest rates
pcf:communication-security-architect	Communication (security architect)	1	http://data.europa.eu/esco/skill/15d76317-c71a-4fa2-aadc-2ecc34e627b7	communication
pcf:communication-security-architect	Communication (security architect)	2	http://data.europa.eu/esco/skill/fe30a4b0-1a99-4fc7-afff-b162b8c834ba	communication principles
pcf:communication-security-architect	Communication (security architect)	3	http://data.europa.eu/esco/skill/79c366d4-0316-4838-b72e-c3be4f90fbd3	use communication devices
pcf:communication-security-architect	Communication (security architect)	4	http://data.europa.eu/esco/skill/7ff2c668-0e86-418a-a962-4958262ee337	use communication techniques
pcf:communication-security-architect	Communication (security architect)	5	http://data.europa.eu/esco/skill/77786157-8482-4c8c-82c6-999b85073c4d	teach intercultural communication methods
pcf:communication-security-architect	Communication (security architect)	6	http://data.europa.eu/esco/skill/107cfd0b-d429-4f74-b049-627efbf7b4dc	teach communication sciences
pcf:community-collaboration	Community collaboration	1	http://data.europa.eu/esco/skill/149e5f0d-eb46-4e75-9265-e91f6b2ca596	social innovation
pcf:community-collaboration	Community collaboration	2	http://data.europa.eu/esco/skill/a5c20674-0471-45fa-8055-8d1d81aed0c4	collaborate with stakeholders in leading community arts
pcf:community-collaboration	Community collaboration	3	http://data.europa.eu/esco/skill/93e65de1-923c-437e-aa5b-e6002967ce71	web based collaborative platforms
pcf:community-collaboration	Community collaboration	4	http://data.europa.eu/esco/skill/c779cf40-506b-44b6-a366-b3bff0a5e11a	use intranet
pcf:community-collaboration	Community collaboration	5	http://data.europa.eu/esco/skill/b080a008-a35d-4bd0-92e9-edf3773bb2b7	use communication and collaboration software
pcf:community-collaboration	Community collaboration	6	http://data.europa.eu/esco/skill/0f5374e3-0b9b-4b16-af7a-49654ce0bb15	human-robot collaboration
pcf:consultancy	Consultancy	1	http://data.europa.eu/esco/skill/6299f204-534b-4251-9338-7aaa386ce49e	act as a resource person in dance
pcf:consultancy	Consultancy	2	http://data.europa.eu/esco/skill/b34f8562-9fcc-4e58-bd1c-8088ebadd315	advise on nature conservation
pcf:consultancy	Consultancy	3	http://data.europa.eu/esco/skill/d2ae1ea1-d899-4f9e-87f5-481987e2e5e8	advise on housing
pcf:consultancy	Consultancy	4	http://data.europa.eu/esco/skill/7ef2fc4f-1d8a-4169-bad3-20f5cd878e35	advise food industry
pcf:consultancy	Consultancy	5	http://data.europa.eu/esco/skill/e809c833-67ae-435e-9c30-8f0a067070dc	consult on malt beverages
pcf:consultancy	Consultancy	6	http://data.europa.eu/esco/skill/90267570-aad1-4c54-9c9c-5a1a5847a819	advise on training courses
pcf:content-management-and-architecture	Content management and architecture	1	http://data.europa.eu/esco/skill/56a10e3e-c9e7-4d39-b6f1-6013398fcb3a	use content management system software
pcf:content-management-and-architecture	Content management and architecture	2	http://data.europa.eu/esco/skill/d6c29154-9cc1-48a4-a2de-3d1d0d7f0831	publishing strategy
pcf:content-management-and-architecture	Content management and architecture	3	http://data.europa.eu/esco/skill/81672802-5463-4676-87aa-3d0f7d8d4f8e	framework for a safety management system
pcf:content-management-and-architecture	Content management and architecture	4	http://data.europa.eu/esco/skill/9710092c-f174-4e84-95bf-2064d39ad7a0	manage content metadata
pcf:content-management-and-architecture	Content management and architecture	5	http://data.europa.eu/esco/skill/ac516e9b-8bfa-4b72-8e3e-340b0a3a51d5	manage content development projects
pcf:content-management-and-architecture	Content management and architecture	6	http://data.europa.eu/esco/skill/237db40b-4600-47c0-837f-4a2c4f3014ab	project management principles
pcf:context-problem-and-option-analysis	Context, problem and option analysis	1	http://data.europa.eu/esco/skill/0fc9b742-ad2e-4ae1-bcc1-5207e0496675	counsel patients on improving hearing
pcf:context-problem-and-option-analysis	Context, problem and option analysis	2	http://data.europa.eu/esco/skill/ceeb2e10-f354-4e6a-8c6a-3e46b80798e5	carry out social work research
pcf:context-problem-and-option-analysis	Context, problem and option analysis	3	http://data.europa.eu/esco/skill/adc6dc11-3376-467b-96c5-9b0a21edc869	solve problems
pcf:context-problem-and-option-analysis	Context, problem and option analysis	4	http://data.europa.eu/esco/skill/bc946ebd-caa8-4e18-b5c5-5928768f45fa	analyse route possibilities in pipeline projects
pcf:context-problem-and-option-analysis	Context, problem and option analysis	5	http://data.europa.eu/esco/skill/55514865-3066-4abd-86a9-dbe45a440882	root cause analysis
pcf:context-problem-and-option-analysis	Context, problem and option analysis	6	http://data.europa.eu/esco/skill/27ed854c-15b8-4ba2-90e9-ae888a219703	perform business analysis
pcf:continual-service-improvement	Continual service improvement	1	http://data.europa.eu/esco/skill/f2ee4067-d66b-4c18-bb56-27e32a0c88dc	improve rail service delivery
pcf:continual-service-improvement	Continual service improvement	2	http://data.europa.eu/esco/skill/0550431f-9c8b-4204-9c45-59bc5feacf06	continuous improvement philosophies
pcf:continual-service-improvement	Continual service improvement	3	http://data.europa.eu/esco/skill/30a494f3-117e-4181-949f-9b11ef5da730	lead healthcare services changes
pcf:continual-service-improvement	Continual service improvement	4	http://data.europa.eu/esco/skill/7b49115c-8a9b-4474-9d88-cee7732174c8	provide quality assurance for meteorological services+H40
pcf:continual-service-improvement	Continual service improvement	5	http://data.europa.eu/esco/skill/9d59f4e5-20a5-428e-b8b3-645043500457	create a work atmosphere of continuous improvement
pcf:continual-service-improvement	Continual service improvement	6	http://data.europa.eu/esco/skill/c09c5786-a479-46de-b0aa-d5d2d8ccc123	manage customer service
pcf:continuity-management	Continuity management	1	http://data.europa.eu/esco/skill/301ec262-3005-420a-a4cd-c5e80f6a7e56	check continuity requirements
pcf:continuity-management	Continuity management	2	http://data.europa.eu/esco/skill/82d50117-db00-400f-9f09-708857ef59c2	prepare film continuity reports
pcf:continuity-management	Continuity management	3	http://data.europa.eu/esco/skill/13724e7d-b946-4773-915e-9621340237bc	contribute to continuity of health care
pcf:continuity-management	Continuity management	4	http://data.europa.eu/esco/skill/58b934cc-b243-4267-b2b8-5c7babe95728	ensure continuous styling of artists
pcf:continuity-management	Continuity management	5	http://data.europa.eu/esco/skill/909a28ce-d4b6-4567-9b74-d111f1ed9633	maintain plan for continuity of operations
pcf:continuity-management	Continuity management	6	http://data.europa.eu/esco/skill/0550431f-9c8b-4204-9c45-59bc5feacf06	continuous improvement philosophies
pcf:creating-value-for-money	Creating value for money	1	http://data.europa.eu/esco/skill/3427db4f-e236-4308-a06c-65e6769609e8	redistribute wagered money
pcf:creating-value-for-money	Creating value for money	2	http://data.europa.eu/esco/skill/42cad89f-afd4-4418-8439-8ce87eff1f26	count money
pcf:creating-value-for-money	Creating value for money	3	http://data.europa.eu/esco/skill/6c6dbc9f-5607-4fba-b831-8c814dc71cd6	evaluate nutritional value of feeds
pcf:creating-value-for-money	Creating value for money	4	http://data.europa.eu/esco/skill/2d1b62ac-3786-4b54-bf4b-a98ba115979b	textile marketing techniques
pcf:creating-value-for-money	Creating value for money	5	http://data.europa.eu/esco/skill/5ce5236e-93e2-4899-8971-fff526f85a01	blockchain applications
pcf:creating-value-for-money	Creating value for money	6	http://data.europa.eu/esco/skill/6dd4ce8c-1813-429d-9f06-3382c4833ca3	assess procurement needs
pcf:customer-service-management	Customer service management	1	http://data.europa.eu/esco/skill/91306a20-9b81-4f3d-97eb-f5368b607da7	perform customer management
pcf:customer-service-management	Customer service management	2	http://data.europa.eu/esco/skill/dc9a236c-c640-43c3-812f-269403591edb	customer relationship management
pcf:customer-service-management	Customer service management	3	http://data.europa.eu/esco/skill/9889b795-d755-41b2-8afd-2e3c87a65a38	use customer relationship management software
pcf:customer-service-management	Customer service management	4	http://data.europa.eu/esco/skill/4b95c7bb-5672-4e4a-88ea-ba96c12e8ca2	manage the customer experience
pcf:customer-service-management	Customer service management	5	http://data.europa.eu/esco/skill/c09c5786-a479-46de-b0aa-d5d2d8ccc123	manage customer service
pcf:customer-service-management	Customer service management	6	http://data.europa.eu/esco/skill/de03f4fd-c147-4477-a048-7109e5ba2d6f	marketing principles
pcf:cyber-incident-management	Cyber incident management	1	http://data.europa.eu/esco/skill/8181aa4c-42bc-4036-a3d2-5cb6bbb34239	handle cybersecurity incidents
pcf:cyber-incident-management	Cyber incident management	2	http://data.europa.eu/esco/skill/3ff589b7-68df-4ea5-ae41-b395bdb2378f	ICT security standards
pcf:cyber-incident-management	Cyber incident management	3	http://data.europa.eu/esco/skill/5898d99a-62a4-4e10-a2e3-0d815ce44248	cyber attack counter-measures
pcf:cyber-incident-management	Cyber incident management	4	http://data.europa.eu/esco/skill/32ac6bfb-8b86-4312-9421-dcb8e0203ab5	process incident reports for prevention
pcf:cyber-incident-management	Cyber incident management	5	http://data.europa.eu/esco/skill/54d774a3-de3b-4425-b0d7-c03bc99a0937	set up cybersecurity training programmes
pcf:cyber-incident-management	Cyber incident management	6	http://data.europa.eu/esco/skill/fcbb3a90-cdde-49ff-9ecc-8e2c0a6dfca2	collect cyber defence data
pcf:cyber-risk-management	Cyber risk management	1	http://data.europa.eu/esco/skill/3ff589b7-68df-4ea5-ae41-b395bdb2378f	ICT security standards
pcf:cyber-risk-management	Cyber risk management	2	http://data.europa.eu/esco/skill/5acf6408-e084-4202-9442-ffcf0119811c	security threats
pcf:cyber-risk-management	Cyber risk management	3	http://data.europa.eu/esco/skill/5898d99a-62a4-4e10-a2e3-0d815ce44248	cyber attack counter-measures
pcf:cyber-risk-management	Cyber risk management	4	http://data.europa.eu/esco/skill/4918ec9a-0204-4935-8b09-b0112370daa8	establish an Information Security Management System
pcf:cyber-risk-management	Cyber risk management	5	http://data.europa.eu/esco/skill/80ae18bf-f3a4-4f83-b372-7c5c9d686865	manage commercial risks
pcf:cyber-risk-management	Cyber risk management	6	http://data.europa.eu/esco/skill/96550830-539b-4746-96aa-92aa4959945d	apply risk management processes
pcf:cyber-security-governance	Cyber security governance	1	http://data.europa.eu/esco/skill/5acf6408-e084-4202-9442-ffcf0119811c	security threats
pcf:cyber-security-governance	Cyber security governance	2	http://data.europa.eu/esco/skill/54d774a3-de3b-4425-b0d7-c03bc99a0937	set up cybersecurity training programmes
pcf:cyber-security-governance	Cyber security governance	3	http://data.europa.eu/esco/skill/5898d99a-62a4-4e10-a2e3-0d815ce44248	cyber attack counter-measures
pcf:cyber-security-governance	Cyber security governance	4	http://data.europa.eu/esco/skill/3ff589b7-68df-4ea5-ae41-b395bdb2378f	ICT security standards
pcf:cyber-security-governance	Cyber security governance	5	http://data.europa.eu/esco/skill/8181aa4c-42bc-4036-a3d2-5cb6bbb34239	handle cybersecurity incidents
pcf:cyber-security-governance	Cyber security governance	6	http://data.europa.eu/esco/skill/8088750d-8388-4170-a76f-48354c469c44	cyber security
pcf:data-analysis-and-synthesis	Data analysis and synthesis	1	http://data.europa.eu/esco/skill/2b92a5b2-6758-4ee3-9fb4-b6387a55cc8f	perform data analysis
pcf:data-analysis-and-synthesis	Data analysis and synthesis	2	http://data.europa.eu/esco/skill/0f365cf9-4f68-4a25-affc-75de20bcdc09	conduct analysis of ship data
pcf:data-analysis-and-synthesis	Data analysis and synthesis	3	http://data.europa.eu/esco/skill/c95c29fe-3971-46b7-80e9-1f7e75ba99b3	use specific data analysis software
pcf:data-analysis-and-synthesis	Data analysis and synthesis	4	http://data.europa.eu/esco/skill/062320e5-79d1-45e8-8b7e-5deeb53279a2	perform online data analysis
pcf:data-analysis-and-synthesis	Data analysis and synthesis	5	http://data.europa.eu/esco/skill/7ee4c2ea-b349-4bd2-81a3-ec31475d4833	statistics
pcf:data-analysis-and-synthesis	Data analysis and synthesis	6	http://data.europa.eu/esco/skill/e9b99d6e-c7ec-4f87-b7b4-b5322733c998	interpret seismic data
pcf:data-and-ai-ethics-communication	Data and AI ethics communication	1	http://data.europa.eu/esco/skill/e9575f7f-053a-439e-8074-f93df3334e92	data ethics
pcf:data-and-ai-ethics-communication	Data and AI ethics communication	2	http://data.europa.eu/esco/skill/edebd83d-35f6-4ed5-a940-6c203d178c01	data science
pcf:data-and-ai-ethics-communication	Data and AI ethics communication	3	http://data.europa.eu/esco/skill/81086bb0-a110-470d-ba5a-2c68fc535407	manage flight data communications programme
pcf:data-and-ai-ethics-communication	Data and AI ethics communication	4	http://data.europa.eu/esco/skill/18eeffee-2879-42e0-b5fe-5739c6883a01	develop data link services for navigation purposes
pcf:data-and-ai-ethics-communication	Data and AI ethics communication	5	http://data.europa.eu/esco/skill/0c52f41b-4e95-4a3c-9d47-0c71e61cf82a	analyse transmitted communications
pcf:data-and-ai-ethics-communication	Data and AI ethics communication	6	http://data.europa.eu/esco/skill/5ae07007-1348-4068-ab55-e6f420fa3874	communication sciences
pcf:data-and-ai-ethics-product-management	Data and AI ethics product management	1	http://data.europa.eu/esco/skill/e2d0daae-2aa1-40cc-99e2-b340b02f97d3	product data management
pcf:data-and-ai-ethics-product-management	Data and AI ethics product management	2	http://data.europa.eu/esco/skill/e9575f7f-053a-439e-8074-f93df3334e92	data ethics
pcf:data-and-ai-ethics-product-management	Data and AI ethics product management	3	http://data.europa.eu/esco/skill/edebd83d-35f6-4ed5-a940-6c203d178c01	data science
pcf:data-and-ai-ethics-product-management	Data and AI ethics product management	4	http://data.europa.eu/esco/skill/e3fcd642-5f9c-48ee-be58-258dd895d281	collect biological data
pcf:data-and-ai-ethics-product-management	Data and AI ethics product management	5	http://data.europa.eu/esco/skill/c5efe5ad-c5e3-4bd1-9c8b-4a514940f4d6	record production data
pcf:data-and-ai-ethics-product-management	Data and AI ethics product management	6	http://data.europa.eu/esco/skill/733db58b-f62e-4548-8078-b0f4e5182383	sports ethics
pcf:data-architecture	Data architecture	1	http://data.europa.eu/esco/skill/1bba98a7-92b9-450b-9235-e0c905f8f3c4	information architecture
pcf:data-architecture	Data architecture	2	http://data.europa.eu/esco/skill/4d85b881-e490-4b4c-897a-2faa4ef53956	manage ICT data architecture
pcf:data-architecture	Data architecture	3	http://data.europa.eu/esco/skill/7e796b51-49d7-4e73-95af-2e7323763f15	design database in the cloud
pcf:data-architecture	Data architecture	4	http://data.europa.eu/esco/skill/7b5cce4d-c7fe-4119-b48f-70aa05391787	computer science
pcf:data-architecture	Data architecture	5	http://data.europa.eu/esco/skill/fae27053-8924-4bfd-b565-c9fe502044c9	system design
pcf:data-architecture	Data architecture	6	http://data.europa.eu/esco/skill/02058de6-4b98-449f-8a45-8588b0eb2446	network engineering
pcf:data-compliance-and-security	Data compliance and security	1	http://data.europa.eu/esco/skill/3ff589b7-68df-4ea5-ae41-b395bdb2378f	ICT security standards
pcf:data-compliance-and-security	Data compliance and security	2	http://data.europa.eu/esco/skill/9a0d0abc-010d-440b-8242-7e31510471ba	information governance compliance
pcf:data-compliance-and-security	Data compliance and security	3	http://data.europa.eu/esco/skill/adcca622-b933-4ba3-bc43-bf371879edc3	data security principles
pcf:data-compliance-and-security	Data compliance and security	4	http://data.europa.eu/esco/skill/1c2978b8-bb0d-4249-9c23-877571a4dffa	cloud security and compliance
pcf:data-compliance-and-security	Data compliance and security	5	http://data.europa.eu/esco/skill/06358891-8424-43c5-891e-d40f226bef40	manage IT security compliances
pcf:data-compliance-and-security	Data compliance and security	6	http://data.europa.eu/esco/skill/bad614fb-fc66-4401-b75b-3d366013a493	write security reports
pcf:data-development-process	Data development process	1	http://data.europa.eu/esco/skill/3606bf22-1987-4356-b8c4-13e89d8f6c69	interpret extraction data
pcf:data-development-process	Data development process	2	http://data.europa.eu/esco/skill/2daec0e6-f0c1-43e8-8178-aedba99130ec	establish data processes
pcf:data-development-process	Data development process	3	http://data.europa.eu/esco/skill/f2d57f41-43b4-4f5b-8100-3df5c21eda50	process data
pcf:data-development-process	Data development process	4	http://data.europa.eu/esco/skill/48db96bf-3314-45c6-bad8-fdb6e20e5639	data engineering
pcf:data-development-process	Data development process	5	http://data.europa.eu/esco/skill/f9670490-8aa4-4540-b121-d440a8294aab	develop data processing applications
pcf:data-development-process	Data development process	6	http://data.europa.eu/esco/skill/629685b8-5f9e-4522-8cff-b3e2c4ec625a	digital data processing
pcf:data-engineering	Data engineering	1	http://data.europa.eu/esco/skill/48db96bf-3314-45c6-bad8-fdb6e20e5639	data engineering
pcf:data-engineering	Data engineering	2	http://data.europa.eu/esco/skill/71b300d6-8de6-4282-b3c0-9a0401d9095f	analyse drill engineering
pcf:data-engineering	Data engineering	3	http://data.europa.eu/esco/skill/4f449a5e-302a-4d02-808f-a7e687532400	provide petroleum engineering support
pcf:data-engineering	Data engineering	4	http://data.europa.eu/esco/skill/6f1edc19-191f-4ba5-a048-ee69aff05bab	security engineering
pcf:data-engineering	Data engineering	5	http://data.europa.eu/esco/skill/02058de6-4b98-449f-8a45-8588b0eb2446	network engineering
pcf:data-engineering	Data engineering	6	http://data.europa.eu/esco/skill/3e2ab38a-4519-4bef-b762-a8bf4836a775	perform dimensionality reduction
pcf:data-ethics-and-privacy	Data ethics and privacy	1	http://data.europa.eu/esco/skill/a4346013-a967-4a58-a533-6b32ad1364c5	data protection
pcf:data-ethics-and-privacy	Data ethics and privacy	2	http://data.europa.eu/esco/skill/33a82b83-c838-4889-ae62-fae1317481eb	protect personal data and privacy
pcf:data-ethics-and-privacy	Data ethics and privacy	3	http://data.europa.eu/esco/skill/e9575f7f-053a-439e-8074-f93df3334e92	data ethics
pcf:data-ethics-and-privacy	Data ethics and privacy	4	http://data.europa.eu/esco/skill/71717c33-dd63-4acf-b052-a5fd5d9fc490	ensure information privacy
pcf:data-ethics-and-privacy	Data ethics and privacy	5	http://data.europa.eu/esco/skill/bc0b0b5d-f6be-405a-b224-b6902a4dbe97	manage digital identity
pcf:data-ethics-and-privacy	Data ethics and privacy	6	http://data.europa.eu/esco/skill/a56dec32-05ef-45de-a256-ee6741f356db	information confidentiality
pcf:data-governance	Data governance	1	http://data.europa.eu/esco/skill/9a0d0abc-010d-440b-8242-7e31510471ba	information governance compliance
pcf:data-governance	Data governance	2	http://data.europa.eu/esco/skill/f2c63b7a-ed6c-4890-9f8c-7685d172624c	implement corporate governance
pcf:data-governance	Data governance	3	http://data.europa.eu/esco/skill/1b1cf435-46ba-4471-afda-5029b36b3862	government representation
pcf:data-governance	Data governance	4	http://data.europa.eu/esco/skill/097c6a36-f031-4d3e-b5c1-62d6ffcb430b	respect data protection principles
pcf:data-governance	Data governance	5	http://data.europa.eu/esco/skill/0d6714c6-720e-4985-9791-5ab85d28da79	gather data
pcf:data-governance	Data governance	6	http://data.europa.eu/esco/skill/3ec2e4d6-7000-4905-bf1a-c5b1679416de	data warehouse
pcf:data-governance-data-architect	Data governance (data architect)	1	http://data.europa.eu/esco/skill/9a0d0abc-010d-440b-8242-7e31510471ba	information governance compliance
pcf:data-governance-data-architect	Data governance (data architect)	2	http://data.europa.eu/esco/skill/f2c63b7a-ed6c-4890-9f8c-7685d172624c	implement corporate governance
pcf:data-governance-data-architect	Data governance (data architect)	3	http://data.europa.eu/esco/skill/1b1cf435-46ba-4471-afda-5029b36b3862	government representation
pcf:data-governance-data-architect	Data governance (data architect)	4	http://data.europa.eu/esco/skill/097c6a36-f031-4d3e-b5c1-62d6ffcb430b	respect data protection principles
pcf:data-governance-data-architect	Data governance (data architect)	5	http://data.europa.eu/esco/skill/0d6714c6-720e-4985-9791-5ab85d28da79	gather data
pcf:data-governance-data-architect	Data governance (data architect)	6	http://data.europa.eu/esco/skill/3ec2e4d6-7000-4905-bf1a-c5b1679416de	data warehouse
pcf:data-governance-leadership	Data governance leadership	1	http://data.europa.eu/esco/skill/9a0d0abc-010d-440b-8242-7e31510471ba	information governance compliance
pcf:data-governance-leadership	Data governance leadership	2	http://data.europa.eu/esco/skill/cf6ca1fc-f2be-4deb-bb35-1fffe4099023	leadership in nursing
pcf:data-governance-leadership	Data governance leadership	3	http://data.europa.eu/esco/skill/79c012c7-4b09-497e-8152-e73e5d1d3384	adapt leadership styles in healthcare
pcf:data-governance-leadership	Data governance leadership	4	http://data.europa.eu/esco/skill/75d8e5d9-bef3-418b-9011-01bff9f27207	lead others
pcf:data-governance-leadership	Data governance leadership	5	http://data.europa.eu/esco/skill/524c4331-5090-4565-a0bc-0a9ae874938d	demonstrate leadership in social service cases
pcf:data-governance-leadership	Data governance leadership	6	http://data.europa.eu/esco/skill/d5145a9a-602e-40bf-b3e1-f04cf9c3ef86	leadership principles
pcf:data-innovation	Data innovation	1	http://data.europa.eu/esco/skill/1e77e42a-181f-4b48-8e74-201ce50ffc29	interpret current data
pcf:data-innovation	Data innovation	2	http://data.europa.eu/esco/skill/f6fcc895-3dfc-4b00-bb83-348e3c9c72e1	interpret data in food manufacturing
pcf:data-innovation	Data innovation	3	http://data.europa.eu/esco/skill/2fb8480e-de3c-462b-b169-e8bbb344da68	innovation processes
pcf:data-innovation	Data innovation	4	http://data.europa.eu/esco/skill/c299c135-7cdf-4c06-ad9d-50da94ae2d21	keep up with innovations in food manufacturing
pcf:data-innovation	Data innovation	5	http://data.europa.eu/esco/skill/149e5f0d-eb46-4e75-9265-e91f6b2ca596	social innovation
pcf:data-innovation	Data innovation	6	http://data.europa.eu/esco/skill/9bbe0d37-822c-4096-8b56-8729e5783b4b	implement procurement of innovation
pcf:data-integration-design	Data integration design	1	http://data.europa.eu/esco/skill/fda917eb-0d6a-4371-8c93-2a10bf950966	manage ICT semantic integration
pcf:data-integration-design	Data integration design	2	http://data.europa.eu/esco/skill/6141595f-a016-4ef9-9487-3829f6804715	design a media integration system
pcf:data-integration-design	Data integration design	3	http://data.europa.eu/esco/skill/9d0d89be-bffa-4393-b6f6-8d05bea49051	data extraction, transformation and loading tools
pcf:data-integration-design	Data integration design	4	http://data.europa.eu/esco/skill/6f7512ab-d46d-402a-8c30-a8878d7c1f88	SQL Server Integration Services
pcf:data-integration-design	Data integration design	5	http://data.europa.eu/esco/skill/42c3287f-5e50-4559-a2d1-2000c70e0aab	Pentaho Data Integration
pcf:data-integration-design	Data integration design	6	http://data.europa.eu/esco/skill/a47d194d-0ffd-4aaa-b695-fbbe0255000e	design information system
pcf:data-life-cycle	Data life cycle	1	http://data.europa.eu/esco/skill/29431e90-435e-4a3b-9eb5-c89f6d7f4fea	record malting cycle data
pcf:data-life-cycle	Data life cycle	2	http://data.europa.eu/esco/skill/4e87c852-602a-4a0e-b8d8-20709ce14ac5	assess the life cycle of resources
pcf:data-life-cycle	Data life cycle	3	http://data.europa.eu/esco/skill/09f2f811-a3fb-4de3-a70f-6420a6935575	systems development life-cycle
pcf:data-life-cycle	Data life cycle	4	http://data.europa.eu/esco/skill/21e0cad8-4eef-42be-b18b-0f8e37f0dbd0	product life-cycle
pcf:data-life-cycle	Data life cycle	5	http://data.europa.eu/esco/skill/5e80353d-53ed-4e64-a5ff-0e3ec52156fa	direct logistical functions
pcf:data-life-cycle	Data life cycle	6	http://data.europa.eu/esco/skill/9ff9db9d-d14b-426e-83f3-e7449af6c79f	manage data
pcf:data-literacy-improvement	Data literacy improvement	1	http://data.europa.eu/esco/skill/2c66f1a3-0f4c-498c-acbe-1b369dfcb6f2	teach literacy as a social practice
pcf:data-literacy-improvement	Data literacy improvement	2	http://data.europa.eu/esco/skill/11c56452-fcec-4b00-9695-cca4728e5048	marketing analytics
pcf:data-literacy-improvement	Data literacy improvement	3	http://data.europa.eu/esco/skill/f0f2da78-ef60-4653-b2c8-ff0a7a9ea2f8	instruct library users in digital literacy
pcf:data-literacy-improvement	Data literacy improvement	4	http://data.europa.eu/esco/skill/d15ce60f-ddab-41ce-ba56-398451b77b60	have computer literacy
pcf:data-literacy-improvement	Data literacy improvement	5	http://data.europa.eu/esco/skill/1f403e44-7a79-4b91-b86a-e406208be161	interpret visual literacy
pcf:data-literacy-improvement	Data literacy improvement	6	http://data.europa.eu/esco/skill/d4571b99-fac8-4cf7-8944-fdae399f4413	teach ESOL literacy class
pcf:data-management	Data management	1	http://data.europa.eu/esco/skill/e5a6e1e0-1b07-4432-83ba-77d593b2cb47	SAS Data Management
pcf:data-management	Data management	2	http://data.europa.eu/esco/skill/e2d0daae-2aa1-40cc-99e2-b340b02f97d3	product data management
pcf:data-management	Data management	3	http://data.europa.eu/esco/skill/3bf7e0ee-2580-41e8-924d-9d504dc98546	manage mine site data
pcf:data-management	Data management	4	http://data.europa.eu/esco/skill/d3286405-49f8-4e8a-8046-a4376b4e7963	manage cloud data and storage
pcf:data-management	Data management	5	http://data.europa.eu/esco/skill/99814cb0-5f6c-4663-99a4-af28b11d5d2f	healthcare data systems
pcf:data-management	Data management	6	http://data.europa.eu/esco/skill/08b04e53-ed25-41a2-9f90-0b9cd939ba3d	manage research data
pcf:data-maturity	Data maturity	1	http://data.europa.eu/esco/skill/fafe0b9d-dbd9-46bd-b770-26299539ce66	ICT process quality models
pcf:data-maturity	Data maturity	2	http://data.europa.eu/esco/skill/0d6714c6-720e-4985-9791-5ab85d28da79	gather data
pcf:data-maturity	Data maturity	3	http://data.europa.eu/esco/skill/3ec2e4d6-7000-4905-bf1a-c5b1679416de	data warehouse
pcf:data-maturity	Data maturity	4	http://data.europa.eu/esco/skill/f2d57f41-43b4-4f5b-8100-3df5c21eda50	process data
pcf:data-maturity	Data maturity	5	http://data.europa.eu/esco/skill/a571ae14-3e16-4fd3-a615-5646e0b0b696	inspect data
pcf:data-maturity	Data maturity	6	http://data.europa.eu/esco/skill/47a49cd6-097d-457a-9f7b-c290c14930d5	analyse big data
pcf:data-modelling	Data modelling	1	http://data.europa.eu/esco/skill/fecf8a0d-62c4-4e71-9b03-0f4fc2ad7bf5	data models
pcf:data-modelling	Data modelling	2	http://data.europa.eu/esco/skill/6f993130-082b-4732-b62f-52cdf2096ad9	use methods of logistical data analysis
pcf:data-modelling	Data modelling	3	http://data.europa.eu/esco/skill/fbafa41f-cd05-4109-a649-8b44d306d779	create data models
pcf:data-modelling	Data modelling	4	http://data.europa.eu/esco/skill/c5e8abde-d2ba-4e8e-a65e-720b71180666	unstructured data
pcf:data-modelling	Data modelling	5	http://data.europa.eu/esco/skill/4570a262-b51f-46a1-a834-13ff67bee1c8	decentralised identifiers
pcf:data-modelling	Data modelling	6	http://data.europa.eu/esco/skill/e819cc1e-09d9-47f2-b418-93972852daef	MarkLogic
pcf:data-modelling-cleansing-and-enrichment	Data modelling, cleansing and enrichment	1	http://data.europa.eu/esco/skill/cc7370dd-69fa-4c67-a96f-d4d135d38700	data quality assessment
pcf:data-modelling-cleansing-and-enrichment	Data modelling, cleansing and enrichment	2	http://data.europa.eu/esco/skill/50b100ea-74fd-4706-99db-3e4ca55e51b8	perform data cleansing
pcf:data-modelling-cleansing-and-enrichment	Data modelling, cleansing and enrichment	3	http://data.europa.eu/esco/skill/fecf8a0d-62c4-4e71-9b03-0f4fc2ad7bf5	data models
pcf:data-modelling-cleansing-and-enrichment	Data modelling, cleansing and enrichment	4	http://data.europa.eu/esco/skill/9ff9db9d-d14b-426e-83f3-e7449af6c79f	manage data
pcf:data-modelling-cleansing-and-enrichment	Data modelling, cleansing and enrichment	5	http://data.europa.eu/esco/skill/6360a934-cc87-4954-9656-b32db20592e3	quantitative analysis
pcf:data-modelling-cleansing-and-enrichment	Data modelling, cleansing and enrichment	6	http://data.europa.eu/esco/skill/661f929f-3874-4841-903a-e9d3d3f7f5e2	environmental enrichment for animals
pcf:data-preparation-and-linkage	Data preparation and linkage	1	http://data.europa.eu/esco/skill/e43084e8-6e3d-4649-93e9-2455ff53bc84	prepare well data sheets
pcf:data-preparation-and-linkage	Data preparation and linkage	2	http://data.europa.eu/esco/skill/c0326e27-5fa8-4dca-aecb-ed89ab491513	prepare visual data
pcf:data-preparation-and-linkage	Data preparation and linkage	3	http://data.europa.eu/esco/skill/07889c08-7220-47c8-96f7-6068fbea00dc	normalise data
pcf:data-preparation-and-linkage	Data preparation and linkage	4	http://data.europa.eu/esco/skill/0d6714c6-720e-4985-9791-5ab85d28da79	gather data
pcf:data-preparation-and-linkage	Data preparation and linkage	5	http://data.europa.eu/esco/skill/807d89b5-3557-4259-8e2c-1b374d497fe8	analyse data for aeronautical publications
pcf:data-preparation-and-linkage	Data preparation and linkage	6	http://data.europa.eu/esco/skill/a89a94fb-c417-49b4-a9a9-9a22e0f12697	manage data for legal matters
pcf:data-risk-management	Data risk management	1	http://data.europa.eu/esco/skill/69cfc5ed-6569-4aca-a4cc-fd782ba51d9c	implement ICT risk management
pcf:data-risk-management	Data risk management	2	http://data.europa.eu/esco/skill/96835f47-da71-415b-8cbf-d37386dc98d4	conduct environmental surveys
pcf:data-risk-management	Data risk management	3	http://data.europa.eu/esco/skill/c2432314-940b-43a0-bb99-7abe069ddb37	analyse seismic risk
pcf:data-risk-management	Data risk management	4	http://data.europa.eu/esco/skill/6aef2baa-5fa7-4c16-bd28-3e070ec4e4df	educate on data confidentiality
pcf:data-risk-management	Data risk management	5	http://data.europa.eu/esco/skill/80ae18bf-f3a4-4f83-b372-7c5c9d686865	manage commercial risks
pcf:data-risk-management	Data risk management	6	http://data.europa.eu/esco/skill/edf081e4-d2dc-4a60-8c49-7b7e45b5ebe3	create risk maps
pcf:data-science-innovation	Data science innovation	1	http://data.europa.eu/esco/skill/edebd83d-35f6-4ed5-a940-6c203d178c01	data science
pcf:data-science-innovation	Data science innovation	2	http://data.europa.eu/esco/skill/1e77e42a-181f-4b48-8e74-201ce50ffc29	interpret current data
pcf:data-science-innovation	Data science innovation	3	http://data.europa.eu/esco/skill/36ff57b0-637d-4a83-a0e8-d14f86f9f078	analyse scientific data
pcf:data-science-innovation	Data science innovation	4	http://data.europa.eu/esco/skill/f6fcc895-3dfc-4b00-bb83-348e3c9c72e1	interpret data in food manufacturing
pcf:data-science-innovation	Data science innovation	5	http://data.europa.eu/esco/skill/5ae07007-1348-4068-ab55-e6f420fa3874	communication sciences
pcf:data-science-innovation	Data science innovation	6	http://data.europa.eu/esco/skill/b8990fac-b9d6-4c9a-980c-fd6753757106	dentistry science
pcf:data-standards	Data standards	1	http://data.europa.eu/esco/skill/3ff589b7-68df-4ea5-ae41-b395bdb2378f	ICT security standards
pcf:data-standards	Data standards	2	http://data.europa.eu/esco/skill/cb5cccc9-abe4-4b11-abe6-d27e5cd85fb1	manage standards for data exchange
pcf:data-standards	Data standards	3	http://data.europa.eu/esco/skill/36ff57b0-637d-4a83-a0e8-d14f86f9f078	analyse scientific data
pcf:data-standards	Data standards	4	http://data.europa.eu/esco/skill/e2b82b00-f07f-4fc8-a7bb-c8febf65efe5	compare survey computations
pcf:data-standards	Data standards	5	http://data.europa.eu/esco/skill/b5c7e0dc-dda3-4790-a7d1-d6d8023b3089	database quality standards
pcf:data-standards	Data standards	6	http://data.europa.eu/esco/skill/4d614c92-0c48-4a11-a5ed-416b34fd50d2	manage healthcare users' data
pcf:data-visualisation	Data visualisation	1	http://data.europa.eu/esco/skill/c3e36d05-8ae8-447f-bb2b-6f9409f85389	deliver visual presentation of data
pcf:data-visualisation	Data visualisation	2	http://data.europa.eu/esco/skill/edf081e4-d2dc-4a60-8c49-7b7e45b5ebe3	create risk maps
pcf:data-visualisation	Data visualisation	3	http://data.europa.eu/esco/skill/65e58886-bd1e-4c5b-8ca5-8d9b353c8aa1	data visualisation software
pcf:data-visualisation	Data visualisation	4	http://data.europa.eu/esco/skill/4ce06d6b-f3df-40b6-b950-570be5008032	analyse scanned data of the body
pcf:data-visualisation	Data visualisation	5	http://data.europa.eu/esco/skill/348b74cd-49ce-4844-8bdf-ec188b497213	visual presentation techniques
pcf:data-visualisation	Data visualisation	6	http://data.europa.eu/esco/skill/47a2917b-a771-4687-90fc-5562523cf4a6	use performance 3D visualisation techniques
pcf:defining-and-managing-business-needs-user-needs-and-requirements	Defining and managing business needs, user needs and requirements	1	http://data.europa.eu/esco/skill/ddfe79e2-c2e3-4ba7-9bdf-3820b4f75b54	identify ICT user needs
pcf:defining-and-managing-business-needs-user-needs-and-requirements	Defining and managing business needs, user needs and requirements	2	http://data.europa.eu/esco/skill/f43ee9cc-7284-406f-b23f-3eedb0581141	identify clients' needs
pcf:defining-and-managing-business-needs-user-needs-and-requirements	Defining and managing business needs, user needs and requirements	3	http://data.europa.eu/esco/skill/0ee94c0a-3716-494a-95a2-dcbab9e58be2	business requirements techniques
pcf:defining-and-managing-business-needs-user-needs-and-requirements	Defining and managing business needs, user needs and requirements	4	http://data.europa.eu/esco/skill/25f46432-5ee9-4cb7-a18b-d2ee41761823	manage needs for stationery items
pcf:defining-and-managing-business-needs-user-needs-and-requirements	Defining and managing business needs, user needs and requirements	5	http://data.europa.eu/esco/skill/ca73ac82-867a-4afa-9732-834aebe896ff	ICT system user requirements
pcf:defining-and-managing-business-needs-user-needs-and-requirements	Defining and managing business needs, user needs and requirements	6	http://data.europa.eu/esco/skill/cb108a0a-88e6-4579-885d-b1e794ada512	manage office appliance requirements
pcf:delivering-business-impact	Delivering business impact	1	http://data.europa.eu/esco/skill/64036db9-ee31-421e-9279-36a933281ce7	deliver business research proposals
pcf:delivering-business-impact	Delivering business impact	2	http://data.europa.eu/esco/skill/17c9a790-5664-4673-8237-c4cf3c5a8da5	conduct impact evaluation of ICT processes on business
pcf:delivering-business-impact	Delivering business impact	3	http://data.europa.eu/esco/skill/2f4cdc7e-d98d-4e6c-9811-3dc28255c7ff	social entreprise
pcf:delivering-business-impact	Delivering business impact	4	http://data.europa.eu/esco/skill/d84326c9-a3d3-4e22-a6a1-1ad42a356f10	sustainability consulting
pcf:delivering-business-impact	Delivering business impact	5	http://data.europa.eu/esco/skill/06d09f70-6ca8-4078-be72-4c2c2a11ee61	program management
pcf:delivering-business-impact	Delivering business impact	6	http://data.europa.eu/esco/skill/d3a8ef9c-8572-438c-91dc-010537070be3	manage environmental impact
pcf:delivering-business-impact-through-data	Delivering business impact through data	1	http://data.europa.eu/esco/skill/98a1dec3-8138-4f46-a596-5e2a83b884b9	business analytics
pcf:delivering-business-impact-through-data	Delivering business impact through data	2	http://data.europa.eu/esco/skill/64036db9-ee31-421e-9279-36a933281ce7	deliver business research proposals
pcf:delivering-business-impact-through-data	Delivering business impact through data	3	http://data.europa.eu/esco/skill/1c9bb265-6ff7-428e-9a72-9c8df75178b8	assess impact of industrial activities
pcf:delivering-business-impact-through-data	Delivering business impact through data	4	http://data.europa.eu/esco/skill/33f39236-ab8c-4554-b80c-ca506cafde45	evaluate social work program's impact
pcf:delivering-business-impact-through-data	Delivering business impact through data	5	http://data.europa.eu/esco/skill/e9575f7f-053a-439e-8074-f93df3334e92	data ethics
pcf:delivering-business-impact-through-data	Delivering business impact through data	6	http://data.europa.eu/esco/skill/e9b99d6e-c7ec-4f87-b7b4-b5322733c998	interpret seismic data
pcf:design-communication	Design communication	1	http://data.europa.eu/esco/skill/755a5df2-863e-44c1-b4a2-83eb33bac492	design brand's online communication plan
pcf:design-communication	Design communication	2	http://data.europa.eu/esco/skill/de0be6e8-644c-4cc9-9c8d-925dd98dda56	software interaction design
pcf:design-communication	Design communication	3	http://data.europa.eu/esco/skill/d52382fe-f236-421f-95fe-34fe69d48dbd	collaborate with designers
pcf:design-communication	Design communication	4	http://data.europa.eu/esco/skill/97272b3e-d497-4420-893d-612b15d377d9	e-agriculture
pcf:design-communication	Design communication	5	http://data.europa.eu/esco/skill/fc4fcb4b-993f-4f2c-b158-c2171ec18ed8	draw design sketches
pcf:design-communication	Design communication	6	http://data.europa.eu/esco/skill/fac1dd53-45e0-4519-a4bf-59e023e18740	connect vehicle maintenance and operations departments
pcf:designing-and-executing-tests	Designing and executing tests	1	http://data.europa.eu/esco/skill/a9dc215e-4e26-4ac0-b1e8-a721a88af813	execute conversion testing
pcf:designing-and-executing-tests	Designing and executing tests	2	http://data.europa.eu/esco/skill/50597e96-9b6a-4736-ac79-dd80f36c0269	Metasploit
pcf:designing-and-executing-tests	Designing and executing tests	3	http://data.europa.eu/esco/skill/6a322874-e32f-4cd8-9683-badce67a7f73	develop automated software tests
pcf:designing-and-executing-tests	Designing and executing tests	4	http://data.europa.eu/esco/skill/abcfd4de-3b3d-48ed-a002-36071bad8d46	manage chemical testing procedures
pcf:designing-and-executing-tests	Designing and executing tests	5	http://data.europa.eu/esco/skill/726629ad-29f1-4e46-9723-13c023ed43b4	execute fertilisation
pcf:designing-and-executing-tests	Designing and executing tests	6	http://data.europa.eu/esco/skill/3cb69f14-c297-474a-8950-5e7af4da0049	perform physical stress tests on models
pcf:designing-for-everyone	Designing for everyone	1	http://data.europa.eu/esco/skill/f334a048-ad2a-40f5-b5dc-a9a846c38623	monitor military equipment use
pcf:designing-for-everyone	Designing for everyone	2	http://data.europa.eu/esco/skill/ffea25cf-8eab-44ad-b78c-89b2a813d536	design clocks
pcf:designing-for-everyone	Designing for everyone	3	http://data.europa.eu/esco/skill/f96f5aa5-6ed7-40dc-a431-68b0a09d6d4b	design automation components
pcf:designing-for-everyone	Designing for everyone	4	http://data.europa.eu/esco/skill/4b7f00c6-d280-47dd-b15c-b22aaf8b1706	formulate cosmetic products
pcf:designing-for-everyone	Designing for everyone	5	http://data.europa.eu/esco/skill/6d12ac9b-5ec0-49b9-bd70-5a19352585cb	design integrated circuits
pcf:designing-for-everyone	Designing for everyone	6	http://data.europa.eu/esco/skill/6221a924-095c-4cfc-814a-bb056cdba8d8	apply social distancing protocols
pcf:designing-secure-systems	Designing secure systems	1	http://data.europa.eu/esco/skill/f96f5aa5-6ed7-40dc-a431-68b0a09d6d4b	design automation components
pcf:designing-secure-systems	Designing secure systems	2	http://data.europa.eu/esco/skill/065ec709-e0f4-407f-91fe-9feab66942be	design sprinkler systems
pcf:designing-secure-systems	Designing secure systems	3	http://data.europa.eu/esco/skill/1c8327dd-9af0-4124-9c4e-0342d90189d4	design pharmaceutical manufacturing systems
pcf:designing-secure-systems	Designing secure systems	4	http://data.europa.eu/esco/skill/b73bda36-9c32-4045-ad4b-168b81d44662	design optical systems
pcf:designing-secure-systems	Designing secure systems	5	http://data.europa.eu/esco/skill/feb717ff-fba6-4a91-aa10-ee11cf2da6b4	design electronic systems
pcf:designing-secure-systems	Designing secure systems	6	http://data.europa.eu/esco/skill/ec065d9b-748f-450d-b628-925a33cf688b	design natural gas processing systems
pcf:designing-strategically	Designing strategically	1	http://data.europa.eu/esco/skill/87b27b84-daa7-4ff1-b888-6f33e5d82e96	create strategic maps
pcf:designing-strategically	Designing strategically	2	http://data.europa.eu/esco/skill/6c870993-9341-438b-91c0-c7fe4f96d8f5	apply strategic thinking
pcf:designing-strategically	Designing strategically	3	http://data.europa.eu/esco/skill/ffea25cf-8eab-44ad-b78c-89b2a813d536	design clocks
pcf:designing-strategically	Designing strategically	4	http://data.europa.eu/esco/skill/f96f5aa5-6ed7-40dc-a431-68b0a09d6d4b	design automation components
pcf:designing-strategically	Designing strategically	5	http://data.europa.eu/esco/skill/6d12ac9b-5ec0-49b9-bd70-5a19352585cb	design integrated circuits
pcf:designing-strategically	Designing strategically	6	http://data.europa.eu/esco/skill/162c7407-14ec-43ef-a4c2-31ccd1267850	design firmware
pcf:designing-together	Designing together	1	http://data.europa.eu/esco/skill/d52382fe-f236-421f-95fe-34fe69d48dbd	collaborate with designers
pcf:designing-together	Designing together	2	http://data.europa.eu/esco/skill/ffea25cf-8eab-44ad-b78c-89b2a813d536	design clocks
pcf:designing-together	Designing together	3	http://data.europa.eu/esco/skill/f96f5aa5-6ed7-40dc-a431-68b0a09d6d4b	design automation components
pcf:designing-together	Designing together	4	http://data.europa.eu/esco/skill/6d12ac9b-5ec0-49b9-bd70-5a19352585cb	design integrated circuits
pcf:designing-together	Designing together	5	http://data.europa.eu/esco/skill/cb56bff0-676b-4911-a04a-6b17da728bde	clip sheet metal objects together
pcf:designing-together	Designing together	6	http://data.europa.eu/esco/skill/162c7407-14ec-43ef-a4c2-31ccd1267850	design firmware
pcf:developing-code-for-analysis	Developing code for analysis	1	http://data.europa.eu/esco/skill/51586df8-1c46-4b47-8583-773cb63bf00b	R
pcf:developing-code-for-analysis	Developing code for analysis	2	http://data.europa.eu/esco/skill/58d7a289-dafd-4363-833f-d1dc4140885e	APL
pcf:developing-code-for-analysis	Developing code for analysis	3	http://data.europa.eu/esco/skill/4c016b68-4116-468c-9dc6-42710c239e4a	C#
pcf:developing-code-for-analysis	Developing code for analysis	4	http://data.europa.eu/esco/skill/ffddfc7c-a9dd-449f-9e96-882dc447c8b6	Scala
pcf:developing-code-for-analysis	Developing code for analysis	5	http://data.europa.eu/esco/skill/000f1d3d-220f-4789-9c0a-cc742521fb02	Haskell
pcf:developing-code-for-analysis	Developing code for analysis	6	http://data.europa.eu/esco/skill/e8b89eb6-51e8-4c3a-babb-88b2e110376b	Pascal (computer programming)
pcf:developing-data-science-capability	Developing data science capability	1	http://data.europa.eu/esco/skill/bbb653b1-677a-4dc2-9504-374cba290bf1	assess vessel capability
pcf:developing-data-science-capability	Developing data science capability	2	http://data.europa.eu/esco/skill/edebd83d-35f6-4ed5-a940-6c203d178c01	data science
pcf:developing-data-science-capability	Developing data science capability	3	http://data.europa.eu/esco/skill/811bdb9d-5bf7-4b5a-a3f5-4fc2002f6d57	financial capability
pcf:developing-data-science-capability	Developing data science capability	4	http://data.europa.eu/esco/skill/36ff57b0-637d-4a83-a0e8-d14f86f9f078	analyse scientific data
pcf:developing-data-science-capability	Developing data science capability	5	http://data.europa.eu/esco/skill/48db96bf-3314-45c6-bad8-fdb6e20e5639	data engineering
pcf:developing-data-science-capability	Developing data science capability	6	http://data.europa.eu/esco/skill/5ae07007-1348-4068-ab55-e6f420fa3874	communication sciences
pcf:development-process-optimisation	Development process optimisation	1	http://data.europa.eu/esco/skill/10026df1-670d-4c75-b3d5-ee0037f9d59b	lead process optimisation
pcf:development-process-optimisation	Development process optimisation	2	http://data.europa.eu/esco/skill/a0bf9b9d-e53f-418c-a839-5d99eff718fe	conduct search engine optimisation
pcf:development-process-optimisation	Development process optimisation	3	http://data.europa.eu/esco/skill/d56358e4-3bcc-4b5d-981d-ea15b2743e9e	quality control systems
pcf:development-process-optimisation	Development process optimisation	4	http://data.europa.eu/esco/skill/3b3b7373-220a-4287-87cf-e24a208b63c6	quality and cycle time optimisation
pcf:development-process-optimisation	Development process optimisation	5	http://data.europa.eu/esco/skill/ddce2912-bc0f-4a47-aa2b-c1de48bc4b44	energy conservation
pcf:development-process-optimisation	Development process optimisation	6	http://data.europa.eu/esco/skill/cb1b0777-0388-4b01-a0cf-7c6bbfbbd61d	review development process of an organisation
pcf:digital-and-data-systems-analysis	Digital and data systems analysis	1	http://data.europa.eu/esco/skill/611ed16b-99bf-4840-9cab-f55d1d286e0a	store digital data and systems
pcf:digital-and-data-systems-analysis	Digital and data systems analysis	2	http://data.europa.eu/esco/skill/48db96bf-3314-45c6-bad8-fdb6e20e5639	data engineering
pcf:digital-and-data-systems-analysis	Digital and data systems analysis	3	http://data.europa.eu/esco/skill/79e29b8b-47d1-470d-b7b1-32506bfe7d9a	collect ICT data
pcf:digital-and-data-systems-analysis	Digital and data systems analysis	4	http://data.europa.eu/esco/skill/33efa504-2f26-424d-b662-cee77e6e9c93	digital identity management
pcf:digital-and-data-systems-analysis	Digital and data systems analysis	5	http://data.europa.eu/esco/skill/6b30644d-bdc5-4bca-b1af-edbf5c6b15ee	process collected survey data
pcf:digital-and-data-systems-analysis	Digital and data systems analysis	6	http://data.europa.eu/esco/skill/ad59afe4-6f8a-4bc4-acfd-0f228277508a	statistical analysis system software
pcf:enabling-and-informing-risk-based-decisions	Enabling and informing risk-based decisions	1	http://data.europa.eu/esco/skill/4095c6dd-3b00-44d1-9308-878e08737e92	create advocacy material
pcf:enabling-and-informing-risk-based-decisions	Enabling and informing risk-based decisions	2	http://data.europa.eu/esco/skill/be20d05c-f6b4-4580-9fcf-f00f4baab562	make data-driven decisions
pcf:enabling-and-informing-risk-based-decisions	Enabling and informing risk-based decisions	3	http://data.europa.eu/esco/skill/f60c9e52-95fc-4ca1-a73c-18a491153b63	make strategic business decisions
pcf:enabling-and-informing-risk-based-decisions	Enabling and informing risk-based decisions	4	http://data.europa.eu/esco/skill/4646bd22-2067-42d0-a02e-e20ef771b4da	advise on timber-based products
pcf:enabling-and-informing-risk-based-decisions	Enabling and informing risk-based decisions	5	http://data.europa.eu/esco/skill/8e0bfbba-6e9d-48e0-b152-2cc949e5022a	implement scientific decision making in healthcare
pcf:enabling-and-informing-risk-based-decisions	Enabling and informing risk-based decisions	6	http://data.europa.eu/esco/skill/05ab4b2c-7389-4495-9355-ba0a69effe4f	provide pre-treatment information
pcf:ensuring-resilience-of-digital-data-and-technology	Ensuring resilience of digital, data and technology	1	http://data.europa.eu/esco/skill/40001d93-8937-4859-89d5-2dca53290ff4	share through digital technologies
pcf:ensuring-resilience-of-digital-data-and-technology	Ensuring resilience of digital, data and technology	2	http://data.europa.eu/esco/skill/737f8895-46df-4283-8f38-13f3f0fc3b77	digital twin technology
pcf:ensuring-resilience-of-digital-data-and-technology	Ensuring resilience of digital, data and technology	3	http://data.europa.eu/esco/skill/6f1edc19-191f-4ba5-a048-ee69aff05bab	security engineering
pcf:ensuring-resilience-of-digital-data-and-technology	Ensuring resilience of digital, data and technology	4	http://data.europa.eu/esco/skill/fa3e5cec-703e-4d46-b3bb-e8a89540ab54	manage digital archives
pcf:ensuring-resilience-of-digital-data-and-technology	Ensuring resilience of digital, data and technology	5	http://data.europa.eu/esco/skill/79e29b8b-47d1-470d-b7b1-32506bfe7d9a	collect ICT data
pcf:ensuring-resilience-of-digital-data-and-technology	Ensuring resilience of digital, data and technology	6	http://data.europa.eu/esco/skill/71f81e1a-e2ca-48d6-b7b8-7a34c56c51f8	transmission technology
pcf:enterprise-architecture	Enterprise architecture	1	http://data.europa.eu/esco/skill/63f0aa84-5e4c-4eb6-8e8c-876d9feedf1f	Outsourcing model
pcf:enterprise-architecture	Enterprise architecture	2	http://data.europa.eu/esco/skill/ee3c1d54-f46a-43c7-a0f9-0ba3648164d0	design enterprise architecture
pcf:enterprise-architecture	Enterprise architecture	3	http://data.europa.eu/esco/skill/b16200f4-4f39-4b8b-aa9d-3568054d6bdb	Open source model
pcf:enterprise-architecture	Enterprise architecture	4	http://data.europa.eu/esco/skill/83218cac-3599-417e-93d2-26013cdccd98	service-oriented modelling
pcf:enterprise-architecture	Enterprise architecture	5	http://data.europa.eu/esco/skill/67a118f4-8a5f-48f7-8e5f-de34b9ca2c37	hybrid model
pcf:enterprise-architecture	Enterprise architecture	6	http://data.europa.eu/esco/skill/4d85b881-e490-4b4c-897a-2faa4ef53956	manage ICT data architecture
pcf:evaluation-delivery	Evaluation delivery	1	http://data.europa.eu/esco/skill/2912fc2d-6e4f-4f8c-b40b-5926d57da483	evaluate delivery of radiation treatment
pcf:evaluation-delivery	Evaluation delivery	2	http://data.europa.eu/esco/skill/409a7608-20ac-40b6-a022-5cb74d23799d	develop methodologies for supplier evaluation
pcf:evaluation-delivery	Evaluation delivery	3	http://data.europa.eu/esco/skill/6c2857b2-4d78-4ddf-97b3-4f79cad891af	follow evaluation procedures of materials at reception
pcf:evaluation-delivery	Evaluation delivery	4	http://data.europa.eu/esco/skill/9fd3b0ab-8eb4-4790-9733-9d383df53df3	evaluation in specialised nursing care
pcf:evaluation-delivery	Evaluation delivery	5	http://data.europa.eu/esco/skill/ef3b0fe7-236f-4910-994a-5cf8f126cb9d	types of evaluation
pcf:evaluation-delivery	Evaluation delivery	6	http://data.europa.eu/esco/skill/457c2e47-07e6-4073-827e-e1c21f3e5869	evaluation theory
pcf:evaluation-planning-and-strategy	Evaluation planning and strategy	1	http://data.europa.eu/esco/skill/eff1bb34-b454-4482-8c29-65f820619f3c	insourcing strategy
pcf:evaluation-planning-and-strategy	Evaluation planning and strategy	2	http://data.europa.eu/esco/skill/08fd2839-670c-4f16-8024-97437f2035ab	plan marketing strategy
pcf:evaluation-planning-and-strategy	Evaluation planning and strategy	3	http://data.europa.eu/esco/skill/72c7f1a4-b283-45d0-b36f-754f0a9445d9	camouflage
pcf:evaluation-planning-and-strategy	Evaluation planning and strategy	4	http://data.europa.eu/esco/skill/906e5de0-f86d-4a10-a89b-30cee6a09adf	hoshin kanri strategic planning
pcf:evaluation-planning-and-strategy	Evaluation planning and strategy	5	http://data.europa.eu/esco/skill/6f8baa62-bc2b-4cc1-942b-f540c837cfa2	outsourcing strategy
pcf:evaluation-planning-and-strategy	Evaluation planning and strategy	6	http://data.europa.eu/esco/skill/956cd4b3-6cf2-4871-b275-9a34a770c633	advise on provision of social services
pcf:evidence-based-design	Evidence-based design	1	http://data.europa.eu/esco/skill/64d1250f-1c2b-4bea-929e-626ba927ea35	evidence-based radiography practice
pcf:evidence-based-design	Evidence-based design	2	http://data.europa.eu/esco/skill/f6a90f59-5a07-4088-b318-e486a42ca58c	evidence-based approach in general practice
pcf:evidence-based-design	Evidence-based design	3	http://data.europa.eu/esco/skill/b729d6bc-326b-46cd-aa63-ea280024b116	evidence-based nursing care
pcf:evidence-based-design	Evidence-based design	4	http://data.europa.eu/esco/skill/cc150c03-03b6-47c5-ab2e-8551f8020c89	diagnose advanced nursing care
pcf:evidence-based-design	Evidence-based design	5	http://data.europa.eu/esco/skill/8e0bfbba-6e9d-48e0-b152-2cc949e5022a	implement scientific decision making in healthcare
pcf:evidence-based-design	Evidence-based design	6	http://data.europa.eu/esco/skill/f6ac6241-adb2-4ce2-b35f-09832cbb11ea	empirical analysis
pcf:financial-decision-making-for-technology	Financial decision making for technology	1	http://data.europa.eu/esco/skill/52e53619-fa77-4f72-b237-5e4aae784dc2	financial management
pcf:financial-decision-making-for-technology	Financial decision making for technology	2	http://data.europa.eu/esco/skill/59429f7f-8b95-4094-b1cf-97cbb556f03d	participatory decision-making
pcf:financial-decision-making-for-technology	Financial decision making for technology	3	http://data.europa.eu/esco/skill/0c9da986-721e-4f75-b566-0c6c212a8f60	make investment decisions
pcf:financial-decision-making-for-technology	Financial decision making for technology	4	http://data.europa.eu/esco/skill/fa6acfc3-0a4f-4192-b77d-80e94d0faf2a	manage financial aspects of a company
pcf:financial-decision-making-for-technology	Financial decision making for technology	5	http://data.europa.eu/esco/skill/d62d2b4c-a6f8-439e-8a1b-4f29ab5f2c47	make decisions
pcf:financial-decision-making-for-technology	Financial decision making for technology	6	http://data.europa.eu/esco/skill/c8195036-dab3-4d87-b83b-395a59b18a42	make decisions regarding forestry management
pcf:financial-management	Financial management	1	http://data.europa.eu/esco/skill/52e53619-fa77-4f72-b237-5e4aae784dc2	financial management
pcf:financial-management	Financial management	2	http://data.europa.eu/esco/skill/2d008d5a-b7bd-46f7-bbb1-5d70a0af9c84	control financial resources
pcf:financial-management	Financial management	3	http://data.europa.eu/esco/skill/4b2db903-cd8e-48ce-97fb-a92db4def54e	financial forecasting
pcf:financial-management	Financial management	4	http://data.europa.eu/esco/skill/79c36c91-28a5-44b7-ab9b-7093b2d4b21e	advise on financial matters
pcf:financial-management	Financial management	5	http://data.europa.eu/esco/skill/3e9b580d-811b-48df-a5d1-a7bdd26f901f	prepare financial auditing reports
pcf:financial-management	Financial management	6	http://data.europa.eu/esco/skill/7f7756fc-d89d-41d5-93ef-85991603f4ad	manage financial risk
pcf:financial-management-for-digital-data-and-technology	Financial management for digital, data and technology	1	http://data.europa.eu/esco/skill/40001d93-8937-4859-89d5-2dca53290ff4	share through digital technologies
pcf:financial-management-for-digital-data-and-technology	Financial management for digital, data and technology	2	http://data.europa.eu/esco/skill/fa3e5cec-703e-4d46-b3bb-e8a89540ab54	manage digital archives
pcf:financial-management-for-digital-data-and-technology	Financial management for digital, data and technology	3	http://data.europa.eu/esco/skill/811bdb9d-5bf7-4b5a-a3f5-4fc2002f6d57	financial capability
pcf:financial-management-for-digital-data-and-technology	Financial management for digital, data and technology	4	http://data.europa.eu/esco/skill/737f8895-46df-4283-8f38-13f3f0fc3b77	digital twin technology
pcf:financial-management-for-digital-data-and-technology	Financial management for digital, data and technology	5	http://data.europa.eu/esco/skill/79e29b8b-47d1-470d-b7b1-32506bfe7d9a	collect ICT data
pcf:financial-management-for-digital-data-and-technology	Financial management for digital, data and technology	6	http://data.europa.eu/esco/skill/71f81e1a-e2ca-48d6-b7b8-7a34c56c51f8	transmission technology
pcf:financial-ownership	Financial ownership	1	http://data.europa.eu/esco/skill/075c68d7-efe4-4466-be4a-9acc726504df	mergers and acquisitions
pcf:financial-ownership	Financial ownership	2	http://data.europa.eu/esco/skill/efe9be37-2433-4b58-95f4-283f2c048104	advise on participation in financial markets
pcf:financial-ownership	Financial ownership	3	http://data.europa.eu/esco/skill/3dbb132f-fb62-4227-8277-7c89a9fe4749	compile appraisal reports
pcf:financial-ownership	Financial ownership	4	http://data.europa.eu/esco/skill/379ec127-c158-4ce3-90dc-9996678bf05c	conveyancing
pcf:financial-ownership	Financial ownership	5	http://data.europa.eu/esco/skill/b048b4d3-80d6-4a6a-a02d-804faf0e2632	review closing procedures
pcf:financial-ownership	Financial ownership	6	http://data.europa.eu/esco/skill/816cb632-848e-43ee-9be0-d13b685498f8	joint ventures
pcf:governance-and-assurance	Governance and assurance	1	http://data.europa.eu/esco/skill/f2c63b7a-ed6c-4890-9f8c-7685d172624c	implement corporate governance
pcf:governance-and-assurance	Governance and assurance	2	http://data.europa.eu/esco/skill/b535516b-9f8a-4c29-b6aa-a0a4561e1086	call quality assurance management
pcf:governance-and-assurance	Governance and assurance	3	http://data.europa.eu/esco/skill/1b1cf435-46ba-4471-afda-5029b36b3862	government representation
pcf:governance-and-assurance	Governance and assurance	4	http://data.europa.eu/esco/skill/c7cc6dc5-d56b-4323-8e5c-47c4022f615f	quality assurance methodologies
pcf:governance-and-assurance	Governance and assurance	5	http://data.europa.eu/esco/skill/9a0d0abc-010d-440b-8242-7e31510471ba	information governance compliance
pcf:governance-and-assurance	Governance and assurance	6	http://data.europa.eu/esco/skill/99ca6ed2-b6b8-4eb0-8180-92e750e546be	liaise with quality assurance
pcf:governance-and-assurance-accessibility	Governance and assurance (accessibility)	1	http://data.europa.eu/esco/skill/f2c63b7a-ed6c-4890-9f8c-7685d172624c	implement corporate governance
pcf:governance-and-assurance-accessibility	Governance and assurance (accessibility)	2	http://data.europa.eu/esco/skill/b535516b-9f8a-4c29-b6aa-a0a4561e1086	call quality assurance management
pcf:governance-and-assurance-accessibility	Governance and assurance (accessibility)	3	http://data.europa.eu/esco/skill/1b1cf435-46ba-4471-afda-5029b36b3862	government representation
pcf:governance-and-assurance-accessibility	Governance and assurance (accessibility)	4	http://data.europa.eu/esco/skill/c7cc6dc5-d56b-4323-8e5c-47c4022f615f	quality assurance methodologies
pcf:governance-and-assurance-accessibility	Governance and assurance (accessibility)	5	http://data.europa.eu/esco/skill/9a0d0abc-010d-440b-8242-7e31510471ba	information governance compliance
pcf:governance-and-assurance-accessibility	Governance and assurance (accessibility)	6	http://data.europa.eu/esco/skill/99ca6ed2-b6b8-4eb0-8180-92e750e546be	liaise with quality assurance
pcf:incident-management	Incident management	1	http://data.europa.eu/esco/skill/3ff589b7-68df-4ea5-ae41-b395bdb2378f	ICT security standards
pcf:incident-management	Incident management	2	http://data.europa.eu/esco/skill/32ac6bfb-8b86-4312-9421-dcb8e0203ab5	process incident reports for prevention
pcf:incident-management	Incident management	3	http://data.europa.eu/esco/skill/a3ce2bf7-5562-4639-9b52-fdb4850a3904	ICT problem management techniques
pcf:incident-management	Incident management	4	http://data.europa.eu/esco/skill/f735e153-1f57-4841-afe9-4712cc740054	manage multiple patients simultaneously
pcf:incident-management	Incident management	5	http://data.europa.eu/esco/skill/4fb7c7aa-9f19-4cc3-9e19-64ce564f22f5	handle incidents
pcf:incident-management	Incident management	6	http://data.europa.eu/esco/skill/8071881c-d652-46e7-9cf4-e06a7f1e57c7	manage major incidents
pcf:inclusive-research	Inclusive research	1	http://data.europa.eu/esco/skill/cd50d616-1f8b-481e-983f-68d2674ff82d	integrate gender dimension in research
pcf:inclusive-research	Inclusive research	2	http://data.europa.eu/esco/skill/59429f7f-8b95-4094-b1cf-97cbb556f03d	participatory decision-making
pcf:inclusive-research	Inclusive research	3	http://data.europa.eu/esco/skill/5bac4bcc-1846-4688-ba02-ad2b51544282	develop inclusive communication material
pcf:inclusive-research	Inclusive research	4	http://data.europa.eu/esco/skill/cd0f35cd-fc71-4057-a85e-b73dee89e541	research fragrances
pcf:inclusive-research	Inclusive research	5	http://data.europa.eu/esco/skill/434fb032-3c05-45bd-aaf2-09468ee34d7f	identify research topics
pcf:inclusive-research	Inclusive research	6	http://data.europa.eu/esco/skill/b10c9a92-d6ff-40bc-ac64-4705949a2ac7	perform field research
pcf:information-security	Information security	1	http://data.europa.eu/esco/skill/8088750d-8388-4170-a76f-48354c469c44	cyber security
pcf:information-security	Information security	2	http://data.europa.eu/esco/skill/3579208e-49b3-4ce4-98e7-20e41b1ce8d4	develop information security strategy
pcf:information-security	Information security	3	http://data.europa.eu/esco/skill/6833e58b-eceb-4599-9375-1b7e6ec64087	ensure information security
pcf:information-security	Information security	4	http://data.europa.eu/esco/skill/4918ec9a-0204-4935-8b09-b0112370daa8	establish an Information Security Management System
pcf:information-security	Information security	5	http://data.europa.eu/esco/skill/06358891-8424-43c5-891e-d40f226bef40	manage IT security compliances
pcf:information-security	Information security	6	http://data.europa.eu/esco/skill/adcca622-b933-4ba3-bc43-bf371879edc3	data security principles
pcf:innovation-in-digital-data-and-technology	Innovation in digital, data and technology	1	http://data.europa.eu/esco/skill/40001d93-8937-4859-89d5-2dca53290ff4	share through digital technologies
pcf:innovation-in-digital-data-and-technology	Innovation in digital, data and technology	2	http://data.europa.eu/esco/skill/737f8895-46df-4283-8f38-13f3f0fc3b77	digital twin technology
pcf:innovation-in-digital-data-and-technology	Innovation in digital, data and technology	3	http://data.europa.eu/esco/skill/1a4cc54f-1e53-442b-a6d2-1682dc8ef8f9	creatively use digital technologies
pcf:innovation-in-digital-data-and-technology	Innovation in digital, data and technology	4	http://data.europa.eu/esco/skill/fa3e5cec-703e-4d46-b3bb-e8a89540ab54	manage digital archives
pcf:innovation-in-digital-data-and-technology	Innovation in digital, data and technology	5	http://data.europa.eu/esco/skill/71f81e1a-e2ca-48d6-b7b8-7a34c56c51f8	transmission technology
pcf:innovation-in-digital-data-and-technology	Innovation in digital, data and technology	6	http://data.europa.eu/esco/skill/79e29b8b-47d1-470d-b7b1-32506bfe7d9a	collect ICT data
pcf:iterative-design	Iterative design	1	http://data.europa.eu/esco/skill/33d49d4f-31ec-473f-9b8a-b555aa5116bb	iterative development
pcf:iterative-design	Iterative design	2	http://data.europa.eu/esco/skill/1c7fbce8-741b-416a-8b34-f9900e0ddd52	Shiva (digital game creation systems)
pcf:iterative-design	Iterative design	3	http://data.europa.eu/esco/skill/a7723f06-53c3-4228-9fd0-1952ea1d7391	Havok Vision
pcf:iterative-design	Iterative design	4	http://data.europa.eu/esco/skill/9faa44df-0821-4f69-8f86-184c799cf44f	HeroEngine
pcf:iterative-design	Iterative design	5	http://data.europa.eu/esco/skill/cd56a093-3400-4635-80bd-b9611dcf1542	Gamemaker Studio
pcf:iterative-design	Iterative design	6	http://data.europa.eu/esco/skill/05b70efb-6b80-4f04-9a25-67cd317daf37	CryEngine
pcf:it-infrastructure	IT infrastructure	1	http://data.europa.eu/esco/skill/9f419402-ceea-4e44-bae2-9f11fbcf8f08	monitor swimming-pool infrastructure
pcf:it-infrastructure	IT infrastructure	2	http://data.europa.eu/esco/skill/ceb0d9a0-96c6-4334-bcf4-c529e314d1ac	rail infrastructure
pcf:it-infrastructure	IT infrastructure	3	http://data.europa.eu/esco/skill/d619761b-cf3b-471b-8113-87792b256939	advise on railway infrastructure repairs
pcf:it-infrastructure	IT infrastructure	4	http://data.europa.eu/esco/skill/b251544f-7b92-46d5-8e14-97f59ce1c7dc	promote innovative infrastructure design
pcf:it-infrastructure	IT infrastructure	5	http://data.europa.eu/esco/skill/414bfea8-a6bd-44e1-8820-80b1238a39cc	detect flaws in pipeline infrastructure
pcf:it-infrastructure	IT infrastructure	6	http://data.europa.eu/esco/skill/63395522-32f0-46c4-851d-69c2d3800a8a	prevent damage to utility infrastructure
pcf:it-service-reporting	IT service reporting	1	http://data.europa.eu/esco/skill/8efa6a7a-6556-4cb8-908d-59d3b5c58d2f	cloud monitoring and reporting
pcf:it-service-reporting	IT service reporting	2	http://data.europa.eu/esco/skill/9d2f77af-4307-4ac5-bc50-a9980cec7e83	develop reporting software
pcf:it-service-reporting	IT service reporting	3	http://data.europa.eu/esco/skill/bf987b9a-64f3-44b7-98f1-a60e4585b69b	prepare purchasing reportings
pcf:it-service-reporting	IT service reporting	4	http://data.europa.eu/esco/skill/9bcfccac-8920-4024-9aef-a06f8c035063	follow reporting procedures
pcf:it-service-reporting	IT service reporting	5	http://data.europa.eu/esco/skill/bbcc7e1b-3d4d-4422-9fac-efd636eb9de4	lead the sustainability reporting process
pcf:it-service-reporting	IT service reporting	6	http://data.europa.eu/esco/skill/ace1a04d-b08b-4628-9311-d30a29e55d39	report to captain
pcf:leadership-and-guidance	Leadership and guidance	1	http://data.europa.eu/esco/skill/cf6ca1fc-f2be-4deb-bb35-1fffe4099023	leadership in nursing
pcf:leadership-and-guidance	Leadership and guidance	2	http://data.europa.eu/esco/skill/79c012c7-4b09-497e-8152-e73e5d1d3384	adapt leadership styles in healthcare
pcf:leadership-and-guidance	Leadership and guidance	3	http://data.europa.eu/esco/skill/75d8e5d9-bef3-418b-9011-01bff9f27207	lead others
pcf:leadership-and-guidance	Leadership and guidance	4	http://data.europa.eu/esco/skill/524c4331-5090-4565-a0bc-0a9ae874938d	demonstrate leadership in social service cases
pcf:leadership-and-guidance	Leadership and guidance	5	http://data.europa.eu/esco/skill/d5145a9a-602e-40bf-b3e1-f04cf9c3ef86	leadership principles
pcf:leadership-and-guidance	Leadership and guidance	6	http://data.europa.eu/esco/skill/f9d70f2a-c3f0-475d-ac55-dc2e2ba856e8	lead inspections
pcf:leadership-and-guidance-frontend-developer	Leadership and guidance (frontend developer)	1	http://data.europa.eu/esco/skill/cf6ca1fc-f2be-4deb-bb35-1fffe4099023	leadership in nursing
pcf:leadership-and-guidance-frontend-developer	Leadership and guidance (frontend developer)	2	http://data.europa.eu/esco/skill/79c012c7-4b09-497e-8152-e73e5d1d3384	adapt leadership styles in healthcare
pcf:leadership-and-guidance-frontend-developer	Leadership and guidance (frontend developer)	3	http://data.europa.eu/esco/skill/75d8e5d9-bef3-418b-9011-01bff9f27207	lead others
pcf:leadership-and-guidance-frontend-developer	Leadership and guidance (frontend developer)	4	http://data.europa.eu/esco/skill/524c4331-5090-4565-a0bc-0a9ae874938d	demonstrate leadership in social service cases
pcf:leadership-and-guidance-frontend-developer	Leadership and guidance (frontend developer)	5	http://data.europa.eu/esco/skill/d5145a9a-602e-40bf-b3e1-f04cf9c3ef86	leadership principles
pcf:leadership-and-guidance-frontend-developer	Leadership and guidance (frontend developer)	6	http://data.europa.eu/esco/skill/f9d70f2a-c3f0-475d-ac55-dc2e2ba856e8	lead inspections
pcf:leading-design	Leading design	1	http://data.europa.eu/esco/skill/6ebb869b-3931-4c7f-b168-07e2a271b1bc	lead hard landscape projects
pcf:leading-design	Leading design	2	http://data.europa.eu/esco/skill/6acf652c-33b2-4e28-8f79-1e553f255229	plan nursing care
pcf:leading-design	Leading design	3	http://data.europa.eu/esco/skill/10026df1-670d-4c75-b3d5-ee0037f9d59b	lead process optimisation
pcf:leading-design	Leading design	4	http://data.europa.eu/esco/skill/ff755c48-8597-4735-98ef-bc6081072c86	assess your competencies in leading community arts
pcf:leading-design	Leading design	5	http://data.europa.eu/esco/skill/a5c20674-0471-45fa-8055-8d1d81aed0c4	collaborate with stakeholders in leading community arts
pcf:leading-design	Leading design	6	http://data.europa.eu/esco/skill/b7c00b85-e5b5-4c97-8bef-f0d7bd9db8d7	transfer designs
pcf:leading-digital-products-and-services	Leading digital products and services	1	http://data.europa.eu/esco/skill/22a1cbbd-58fd-4fda-99f0-e91b688788d8	lead a team in fishery services
pcf:leading-digital-products-and-services	Leading digital products and services	2	http://data.europa.eu/esco/skill/4c21c36d-b699-4f36-b539-c01842d24989	lead a team in forestry services
pcf:leading-digital-products-and-services	Leading digital products and services	3	http://data.europa.eu/esco/skill/a06a0d41-10fa-4ba7-a988-e8b5eba966fb	mobility as a service
pcf:leading-digital-products-and-services	Leading digital products and services	4	http://data.europa.eu/esco/skill/16a00c69-9c74-4c37-96d7-6301d285e5ce	use e-services
pcf:leading-digital-products-and-services	Leading digital products and services	5	http://data.europa.eu/esco/skill/1a4cc54f-1e53-442b-a6d2-1682dc8ef8f9	creatively use digital technologies
pcf:leading-digital-products-and-services	Leading digital products and services	6	http://data.europa.eu/esco/skill/bc0b0b5d-f6be-405a-b224-b6902a4dbe97	manage digital identity
pcf:leading-performance-and-benefits	Leading performance and benefits	1	http://data.europa.eu/esco/skill/a5c20674-0471-45fa-8055-8d1d81aed0c4	collaborate with stakeholders in leading community arts
pcf:leading-performance-and-benefits	Leading performance and benefits	2	http://data.europa.eu/esco/skill/f28c3e9b-8666-48d4-a5e4-542ac193879b	advise on social security benefits
pcf:leading-performance-and-benefits	Leading performance and benefits	3	http://data.europa.eu/esco/skill/a4e50b95-8962-4408-81f9-f5de71461276	calculate employee benefits
pcf:leading-performance-and-benefits	Leading performance and benefits	4	http://data.europa.eu/esco/skill/26355e95-23d3-4038-be63-96f9a6d92577	evaluate benefit plans
pcf:leading-performance-and-benefits	Leading performance and benefits	5	http://data.europa.eu/esco/skill/ff755c48-8597-4735-98ef-bc6081072c86	assess your competencies in leading community arts
pcf:leading-performance-and-benefits	Leading performance and benefits	6	http://data.europa.eu/esco/skill/77f1c711-64bc-4923-83f3-1150978711ce	communicate with beneficiaries
pcf:life-cycle-management	Life cycle management	1	http://data.europa.eu/esco/skill/09f2f811-a3fb-4de3-a70f-6420a6935575	systems development life-cycle
pcf:life-cycle-management	Life cycle management	2	http://data.europa.eu/esco/skill/21e0cad8-4eef-42be-b18b-0f8e37f0dbd0	product life-cycle
pcf:life-cycle-management	Life cycle management	3	http://data.europa.eu/esco/skill/4e87c852-602a-4a0e-b8d8-20709ce14ac5	assess the life cycle of resources
pcf:life-cycle-management	Life cycle management	4	http://data.europa.eu/esco/skill/d4f9906e-3b22-4c27-9b32-1c1f457ced44	oversee record management
pcf:life-cycle-management	Life cycle management	5	http://data.europa.eu/esco/skill/5e80353d-53ed-4e64-a5ff-0e3ec52156fa	direct logistical functions
pcf:life-cycle-management	Life cycle management	6	http://data.europa.eu/esco/skill/12428071-1ec8-4d52-a0ce-3eee78e1e1be	perform records management
pcf:maintaining-delivery-momentum	Maintaining delivery momentum	1	http://data.europa.eu/esco/skill/9938def0-0398-49d6-ae1e-fee16d9ff8b7	maintain vehicle delivery documentation
pcf:maintaining-delivery-momentum	Maintaining delivery momentum	2	http://data.europa.eu/esco/skill/31eecea5-c1ef-4e5c-96a9-808ff4e43813	track price trends
pcf:maintaining-delivery-momentum	Maintaining delivery momentum	3	http://data.europa.eu/esco/skill/360e1c45-d335-4a19-b717-e1932927a72b	handle delivery of raw materials
pcf:maintaining-delivery-momentum	Maintaining delivery momentum	4	http://data.europa.eu/esco/skill/bef39770-1abe-4b86-830a-7c168f69c459	keep records of merchandise delivery
pcf:maintaining-delivery-momentum	Maintaining delivery momentum	5	http://data.europa.eu/esco/skill/017d3b78-ebfa-431d-acc5-8050e9b0fdc8	operate wrecking ball
pcf:maintaining-delivery-momentum	Maintaining delivery momentum	6	http://data.europa.eu/esco/skill/28123a65-be06-4466-b117-e2ff289899f8	handle delivery of furniture goods
pcf:making-and-guiding-decisions	Making and guiding decisions	1	http://data.europa.eu/esco/skill/6dc2dfac-3e21-44dd-a71c-9a1c8fe2514c	make independent operating decisions
pcf:making-and-guiding-decisions	Making and guiding decisions	2	http://data.europa.eu/esco/skill/d62d2b4c-a6f8-439e-8a1b-4f29ab5f2c47	make decisions
pcf:making-and-guiding-decisions	Making and guiding decisions	3	http://data.europa.eu/esco/skill/fd2d573f-8d35-45ca-b0a4-91cad3b178d1	make diplomatic decisions
pcf:making-and-guiding-decisions	Making and guiding decisions	4	http://data.europa.eu/esco/skill/c8195036-dab3-4d87-b83b-395a59b18a42	make decisions regarding forestry management
pcf:making-and-guiding-decisions	Making and guiding decisions	5	http://data.europa.eu/esco/skill/59429f7f-8b95-4094-b1cf-97cbb556f03d	participatory decision-making
pcf:making-and-guiding-decisions	Making and guiding decisions	6	http://data.europa.eu/esco/skill/875217fb-fe22-4c2c-adf4-b57f2052626a	make time-critical decisions
pcf:making-a-process-work	Making a process work	1	http://data.europa.eu/esco/skill/a9661351-4d11-477e-9f8c-e22dab6596d6	apply decision making within social work
pcf:making-a-process-work	Making a process work	2	http://data.europa.eu/esco/skill/d2346fd6-f031-4801-a5ee-81f72f58a668	monitor winemaking process
pcf:making-a-process-work	Making a process work	3	http://data.europa.eu/esco/skill/e9e263aa-11d7-41c8-bdb3-d823e4cbc1a7	adjust the work during the creative process
pcf:making-a-process-work	Making a process work	4	http://data.europa.eu/esco/skill/ed883d6b-cd2a-4d87-8bef-13f66f80fcb6	work in a food processing team
pcf:making-a-process-work	Making a process work	5	http://data.europa.eu/esco/skill/59429f7f-8b95-4094-b1cf-97cbb556f03d	participatory decision-making
pcf:making-a-process-work	Making a process work	6	http://data.europa.eu/esco/skill/f54cb941-6e9b-43ee-a135-9fda4ad7237b	manage aftersales processes to comply with business standards
pcf:making-architectural-decisions	Making architectural decisions	1	http://data.europa.eu/esco/skill/6dc2dfac-3e21-44dd-a71c-9a1c8fe2514c	make independent operating decisions
pcf:making-architectural-decisions	Making architectural decisions	2	http://data.europa.eu/esco/skill/d62d2b4c-a6f8-439e-8a1b-4f29ab5f2c47	make decisions
pcf:making-architectural-decisions	Making architectural decisions	3	http://data.europa.eu/esco/skill/fd2d573f-8d35-45ca-b0a4-91cad3b178d1	make diplomatic decisions
pcf:making-architectural-decisions	Making architectural decisions	4	http://data.europa.eu/esco/skill/c8195036-dab3-4d87-b83b-395a59b18a42	make decisions regarding forestry management
pcf:making-architectural-decisions	Making architectural decisions	5	http://data.europa.eu/esco/skill/59429f7f-8b95-4094-b1cf-97cbb556f03d	participatory decision-making
pcf:making-architectural-decisions	Making architectural decisions	6	http://data.europa.eu/esco/skill/875217fb-fe22-4c2c-adf4-b57f2052626a	make time-critical decisions
pcf:making-strategic-performance-led-change	Making strategic performance-led change	1	http://data.europa.eu/esco/skill/089bab26-a854-40fb-8c04-5be4f693315a	integrate strategic foundation in daily performance
pcf:making-strategic-performance-led-change	Making strategic performance-led change	2	http://data.europa.eu/esco/skill/808d259b-acce-4ca5-8169-97bb1790f346	perform quick hair changeovers
pcf:making-strategic-performance-led-change	Making strategic performance-led change	3	http://data.europa.eu/esco/skill/1e159aa3-0ed2-4211-8096-9c010e881778	perform quick make-up changeovers
pcf:making-strategic-performance-led-change	Making strategic performance-led change	4	http://data.europa.eu/esco/skill/96a00736-1564-4650-9190-a1a8660829ca	perform costume changeovers
pcf:making-strategic-performance-led-change	Making strategic performance-led change	5	http://data.europa.eu/esco/skill/c9c14ff6-df79-4d37-934c-39502467fff0	perform fast changeover
pcf:making-strategic-performance-led-change	Making strategic performance-led change	6	http://data.europa.eu/esco/skill/e0c6fdd1-336a-4e2f-91d1-ab4a2f9c385d	make the beds
pcf:managing-a-data-project	Managing a data project	1	http://data.europa.eu/esco/skill/b401183d-cda3-4137-9feb-eb1054e2771e	supervise landscape projects
pcf:managing-a-data-project	Managing a data project	2	http://data.europa.eu/esco/skill/6a899482-8bcf-40ca-ae67-579a1cc467ab	manage engineering project
pcf:managing-a-data-project	Managing a data project	3	http://data.europa.eu/esco/skill/d37bc902-f640-48d7-9db4-544db9aa65fa	prepare financial projections
pcf:managing-a-data-project	Managing a data project	4	http://data.europa.eu/esco/skill/c5a135be-218d-48e6-a422-5225a576dcd8	manage project metrics
pcf:managing-a-data-project	Managing a data project	5	http://data.europa.eu/esco/skill/4ca91852-c534-4b98-ab1c-59a126534c88	project commissioning
pcf:managing-a-data-project	Managing a data project	6	http://data.europa.eu/esco/skill/770d4956-b5e0-4d44-bf42-3a766b232c5d	maintain a central project repository
pcf:managing-decisions-and-risks	Managing decisions and risks	1	http://data.europa.eu/esco/skill/80ae18bf-f3a4-4f83-b372-7c5c9d686865	manage commercial risks
pcf:managing-decisions-and-risks	Managing decisions and risks	2	http://data.europa.eu/esco/skill/a5a21732-eb04-4f94-a72f-c138b3f7c33f	clinical decision-making at advanced practice
pcf:managing-decisions-and-risks	Managing decisions and risks	3	http://data.europa.eu/esco/skill/707c54fb-b6b8-45a4-9abd-030a40a582c9	manage currency exchange risk mitigation techniques
pcf:managing-decisions-and-risks	Managing decisions and risks	4	http://data.europa.eu/esco/skill/283cbcd3-7101-4dbb-be37-56f3625515b1	provide ICT consulting advice
pcf:managing-decisions-and-risks	Managing decisions and risks	5	http://data.europa.eu/esco/skill/c8195036-dab3-4d87-b83b-395a59b18a42	make decisions regarding forestry management
pcf:managing-decisions-and-risks	Managing decisions and risks	6	http://data.europa.eu/esco/skill/0d564cb6-98ef-4c18-9392-dd69e6724cbf	risk transfer
pcf:managing-product-outcomes	Managing product outcomes	1	http://data.europa.eu/esco/skill/b71e3394-599c-4205-a592-1778e45626ec	critically reflect on artistic production processes
pcf:managing-product-outcomes	Managing product outcomes	2	http://data.europa.eu/esco/skill/568e4759-c698-4879-a6c2-708b4e6a0dc7	manage farm products
pcf:managing-product-outcomes	Managing product outcomes	3	http://data.europa.eu/esco/skill/4913d0c0-133a-4c46-aac3-f5d4989a982e	product usage risks analysis
pcf:managing-product-outcomes	Managing product outcomes	4	http://data.europa.eu/esco/skill/24783286-361a-44db-b0f1-aaabe35aef5d	manage wine production
pcf:managing-product-outcomes	Managing product outcomes	5	http://data.europa.eu/esco/skill/3714d0e3-0246-4fe6-b341-8dbeeab836b9	manage time in agricultural production
pcf:managing-product-outcomes	Managing product outcomes	6	http://data.europa.eu/esco/skill/435d1751-8667-41ec-8b32-865b7cd3c684	manage production enterprise
pcf:managing-reporting-and-resolving-defects	Managing, reporting and resolving defects	1	http://data.europa.eu/esco/skill/88806f52-96a1-4a40-a172-6dcdcee066d8	report chimney defects
pcf:managing-reporting-and-resolving-defects	Managing, reporting and resolving defects	2	http://data.europa.eu/esco/skill/d886f903-88b0-4dc5-845c-ab3a9fffd0c6	report anomalies in aircraft interiors
pcf:managing-reporting-and-resolving-defects	Managing, reporting and resolving defects	3	http://data.europa.eu/esco/skill/45a87caf-d38d-4ad2-a8fa-4289e8f4b5d6	manage fluid production in gas
pcf:managing-reporting-and-resolving-defects	Managing, reporting and resolving defects	4	http://data.europa.eu/esco/skill/47d2f266-aaf2-4852-9c66-607e76b1fa8b	detect product defects
pcf:managing-reporting-and-resolving-defects	Managing, reporting and resolving defects	5	http://data.europa.eu/esco/skill/c65c7304-03b5-4065-a140-ddc405e670d1	develop procedures in case of defects
pcf:managing-reporting-and-resolving-defects	Managing, reporting and resolving defects	6	http://data.europa.eu/esco/skill/9214bb50-f24e-4b82-8dd2-f299ccba2258	identify defects in concrete
pcf:metadata-management	Metadata management	1	http://data.europa.eu/esco/skill/9710092c-f174-4e84-95bf-2064d39ad7a0	manage content metadata
pcf:metadata-management	Metadata management	2	http://data.europa.eu/esco/skill/06f33d6a-f7a7-4a2b-baa5-8c3c53bd1a9c	keywords in digital content
pcf:metadata-management	Metadata management	3	http://data.europa.eu/esco/skill/d523d7bf-cb3d-4310-9bf3-5670659c9b83	news analytics
pcf:metadata-management	Metadata management	4	http://data.europa.eu/esco/skill/99b163e8-7815-43e2-83f3-a47f3076354c	accounting entries
pcf:metadata-management	Metadata management	5	http://data.europa.eu/esco/skill/f8bf9a84-d60b-4edc-bfa0-b0ece9bf8954	create documented procedures
pcf:metadata-management	Metadata management	6	http://data.europa.eu/esco/skill/7ee4c2ea-b349-4bd2-81a3-ec31475d4833	statistics
pcf:methods-and-tools	Methods and tools	1	http://data.europa.eu/esco/skill/f6868852-9bf6-4899-a5d6-5f9532fb877d	design component interfaces
pcf:methods-and-tools	Methods and tools	2	http://data.europa.eu/esco/skill/bc7a6b88-a279-4b6e-ac5e-21666bc51dae	innovation in nursing
pcf:methods-and-tools	Methods and tools	3	http://data.europa.eu/esco/skill/b105ec9b-0857-41d6-8d07-a83e58b73d90	ICT system programming
pcf:methods-and-tools	Methods and tools	4	http://data.europa.eu/esco/skill/bf12b461-1c53-4d81-a395-8ba77f7483c4	investment analysis
pcf:methods-and-tools	Methods and tools	5	http://data.europa.eu/esco/skill/f6424ebb-8401-446b-9f7e-10d7c854da02	ICT network simulation
pcf:methods-and-tools	Methods and tools	6	http://data.europa.eu/esco/skill/442f1140-fc9e-4652-b6d8-28cccc288a13	detect microorganisms
pcf:modern-development-standards	Modern development standards	1	http://data.europa.eu/esco/skill/42cb7669-c371-4903-9c0b-13db67b2e4bb	emergent technologies
pcf:modern-development-standards	Modern development standards	2	http://data.europa.eu/esco/skill/c1aacf9a-b6f6-44cd-b756-edf87922fa9d	modern brewing systems
pcf:modern-development-standards	Modern development standards	3	http://data.europa.eu/esco/skill/0b449eb1-d082-4e62-95d7-5cf59bdf2097	use modern electronic navigational aids
pcf:modern-development-standards	Modern development standards	4	http://data.europa.eu/esco/skill/310da5da-517c-4496-a673-92001098a2b7	modern languages
pcf:modern-development-standards	Modern development standards	5	http://data.europa.eu/esco/skill/8696aff0-18c0-4ba6-a4d0-9a21861b3e5e	World Wide Web Consortium standards
pcf:modern-development-standards	Modern development standards	6	http://data.europa.eu/esco/skill/0aabcae7-71de-456e-8e38-d9e40a4e0272	modern power signalling systems
pcf:monitoring-and-evaluation-across-the-product-life-cycle	Monitoring and evaluation across the product life cycle	1	http://data.europa.eu/esco/skill/4e87c852-602a-4a0e-b8d8-20709ce14ac5	assess the life cycle of resources
pcf:monitoring-and-evaluation-across-the-product-life-cycle	Monitoring and evaluation across the product life cycle	2	http://data.europa.eu/esco/skill/21e0cad8-4eef-42be-b18b-0f8e37f0dbd0	product life-cycle
pcf:monitoring-and-evaluation-across-the-product-life-cycle	Monitoring and evaluation across the product life cycle	3	http://data.europa.eu/esco/skill/5e80353d-53ed-4e64-a5ff-0e3ec52156fa	direct logistical functions
pcf:monitoring-and-evaluation-across-the-product-life-cycle	Monitoring and evaluation across the product life cycle	4	http://data.europa.eu/esco/skill/327d15c8-29ff-4ad4-a4fe-6536d777a45f	documentation types
pcf:monitoring-and-evaluation-across-the-product-life-cycle	Monitoring and evaluation across the product life cycle	5	http://data.europa.eu/esco/skill/944c8843-dcea-4883-af9a-f265d21a75a3	dairy animal production
pcf:monitoring-and-evaluation-across-the-product-life-cycle	Monitoring and evaluation across the product life cycle	6	http://data.europa.eu/esco/skill/09f2f811-a3fb-4de3-a70f-6420a6935575	systems development life-cycle
pcf:operational-management	Operational management	1	http://data.europa.eu/esco/skill/2d140a3a-45a6-4248-80dd-b3760ebc9cc6	operations management
pcf:operational-management	Operational management	2	http://data.europa.eu/esco/skill/c2b81b34-b009-4f62-85e9-cbf304d7f2f7	manage carriers
pcf:operational-management	Operational management	3	http://data.europa.eu/esco/skill/25605f81-d995-4b18-8244-aa91586d8a1e	manage the lightering operation
pcf:operational-management	Operational management	4	http://data.europa.eu/esco/skill/93261e82-8ffe-4a8b-b8b0-02265edbf562	supervise laboratory operations
pcf:operational-management	Operational management	5	http://data.europa.eu/esco/skill/917cf6e2-ea25-4162-a0f8-a8e3541858e0	manage cellar operations
pcf:operational-management	Operational management	6	http://data.europa.eu/esco/skill/0c1bbbd7-7827-4594-9254-a4b91cb8163f	conduct financial surveys
pcf:optimising-technology-and-data-architecture	Optimising technology and data architecture	1	http://data.europa.eu/esco/skill/02058de6-4b98-449f-8a45-8588b0eb2446	network engineering
pcf:optimising-technology-and-data-architecture	Optimising technology and data architecture	2	http://data.europa.eu/esco/skill/4d85b881-e490-4b4c-897a-2faa4ef53956	manage ICT data architecture
pcf:optimising-technology-and-data-architecture	Optimising technology and data architecture	3	http://data.europa.eu/esco/skill/1bba98a7-92b9-450b-9235-e0c905f8f3c4	information architecture
pcf:optimising-technology-and-data-architecture	Optimising technology and data architecture	4	http://data.europa.eu/esco/skill/fae27053-8924-4bfd-b565-c9fe502044c9	system design
pcf:optimising-technology-and-data-architecture	Optimising technology and data architecture	5	http://data.europa.eu/esco/skill/bd14968e-e409-45af-b362-3495ed7b10e0	cloud technologies
pcf:optimising-technology-and-data-architecture	Optimising technology and data architecture	6	http://data.europa.eu/esco/skill/7e796b51-49d7-4e73-95af-2e7323763f15	design database in the cloud
pcf:ownership-and-initiative	Ownership and initiative	1	http://data.europa.eu/esco/skill/001115fb-569f-4ee6-8381-c6807ef2527f	show initiative
pcf:ownership-and-initiative	Ownership and initiative	2	http://data.europa.eu/esco/skill/075c68d7-efe4-4466-be4a-9acc726504df	mergers and acquisitions
pcf:ownership-and-initiative	Ownership and initiative	3	http://data.europa.eu/esco/skill/379ec127-c158-4ce3-90dc-9996678bf05c	conveyancing
pcf:ownership-and-initiative	Ownership and initiative	4	http://data.europa.eu/esco/skill/b048b4d3-80d6-4a6a-a02d-804faf0e2632	review closing procedures
pcf:ownership-and-initiative	Ownership and initiative	5	http://data.europa.eu/esco/skill/816cb632-848e-43ee-9be0-d13b685498f8	joint ventures
pcf:ownership-and-initiative	Ownership and initiative	6	http://data.europa.eu/esco/skill/658605f2-1c95-49f0-bd98-0af7b15ad0b0	entrepreneurship
pcf:performance-measurement	Performance measurement	1	http://data.europa.eu/esco/skill/6c315001-d329-4930-9294-9cf2c7afb672	revise quality control systems documentation
pcf:performance-measurement	Performance measurement	2	http://data.europa.eu/esco/skill/5e50a0f1-4089-4df6-a15b-34b39d3aeab4	conduct performance measurement
pcf:performance-measurement	Performance measurement	3	http://data.europa.eu/esco/skill/2996fc73-1a41-4a08-8b42-764a900653a5	measure light levels
pcf:performance-measurement	Performance measurement	4	http://data.europa.eu/esco/skill/8e91c9b3-45de-4db2-91df-138d10031cf0	log transmitter readings
pcf:performance-measurement	Performance measurement	5	http://data.europa.eu/esco/skill/b92758d4-4591-4df1-9ceb-f907aa71ebd9	use measurement instruments
pcf:performance-measurement	Performance measurement	6	http://data.europa.eu/esco/skill/0c5d2db1-6b19-4620-950a-b31a13b936d9	perform gravity measurements
pcf:planning	Planning	1	http://data.europa.eu/esco/skill/e49f4158-9d4c-425d-bf32-dfe89b19840a	plan
pcf:planning	Planning	2	http://data.europa.eu/esco/skill/1f632076-fd9b-4b18-a9a2-b59a59181d3e	urban planning law
pcf:planning	Planning	3	http://data.europa.eu/esco/skill/f7b5d916-52f0-4865-b6a6-e1a3b711cb5e	implement strategic planning
pcf:planning	Planning	4	http://data.europa.eu/esco/skill/f1f5eb7f-1776-456b-83a4-f3e06df2da5a	apply territory planning
pcf:planning	Planning	5	http://data.europa.eu/esco/skill/4b905e0b-6323-49fb-aca2-e1bf8c3d5a81	oversee mine planning activities
pcf:planning	Planning	6	http://data.europa.eu/esco/skill/d15ba5cb-9212-4a90-85af-2c560da59925	perform product planning
pcf:problem-definition-and-shaping	Problem definition and shaping	1	http://data.europa.eu/esco/skill/f0fc8821-3b60-487d-9905-6228842ba259	create definitions
pcf:problem-definition-and-shaping	Problem definition and shaping	2	http://data.europa.eu/esco/skill/7b0d5000-00da-4864-b776-6de49a87a669	computer vision
pcf:problem-definition-and-shaping	Problem definition and shaping	3	http://data.europa.eu/esco/skill/9132541b-d9b4-4f98-ad69-a7d619b7db8e	use shaping machinery
pcf:problem-definition-and-shaping	Problem definition and shaping	4	http://data.europa.eu/esco/skill/adc6dc11-3376-467b-96c5-9b0a21edc869	solve problems
pcf:problem-definition-and-shaping	Problem definition and shaping	5	http://data.europa.eu/esco/skill/f2bf8eae-5b91-47ba-93d3-557af74e23eb	evaluate vineyard problems
pcf:problem-definition-and-shaping	Problem definition and shaping	6	http://data.europa.eu/esco/skill/118efbcd-8fc5-4668-81d1-c383a0d16070	handle helpdesk problems
pcf:problem-management	Problem management	1	http://data.europa.eu/esco/skill/a3ce2bf7-5562-4639-9b52-fdb4850a3904	ICT problem management techniques
pcf:problem-management	Problem management	2	http://data.europa.eu/esco/skill/adc6dc11-3376-467b-96c5-9b0a21edc869	solve problems
pcf:problem-management	Problem management	3	http://data.europa.eu/esco/skill/07090471-265a-48ec-b744-72b357e801ed	handle children's problems
pcf:problem-management	Problem management	4	http://data.europa.eu/esco/skill/18226538-812b-4b59-a361-cdd58d76673d	manage buildings' damp problems
pcf:problem-management	Problem management	5	http://data.europa.eu/esco/skill/0ee94af1-b445-4973-9c3f-459fab250342	apply conflict management
pcf:problem-management	Problem management	6	http://data.europa.eu/esco/skill/60d48be0-4260-4b2e-85b9-aedff7a9b7d9	ICT capacity planning strategies
pcf:product-and-service-monitoring	Product and service monitoring	1	http://data.europa.eu/esco/skill/9148c1e4-beae-433c-bd72-e4a009440744	monitor production developments
pcf:product-and-service-monitoring	Product and service monitoring	2	http://data.europa.eu/esco/skill/a572fd00-6735-428b-9fb1-fd2bf6262b21	monitor online competitors
pcf:product-and-service-monitoring	Product and service monitoring	3	http://data.europa.eu/esco/skill/e9d3081f-d1c9-4981-8dc3-617eab62de1c	monitor hatchery production
pcf:product-and-service-monitoring	Product and service monitoring	4	http://data.europa.eu/esco/skill/787e449d-d635-46c1-a0d2-e4bd0b49dee0	monitor forest productivity
pcf:product-and-service-monitoring	Product and service monitoring	5	http://data.europa.eu/esco/skill/9ebae336-b0dc-4711-9aef-0aeb3504ba63	monitor mine production
pcf:product-and-service-monitoring	Product and service monitoring	6	http://data.europa.eu/esco/skill/c19f8594-92cd-4e65-aa04-d8b153f5ccd0	monitor the production of eggs
pcf:product-leadership	Product leadership	1	http://data.europa.eu/esco/skill/cf6ca1fc-f2be-4deb-bb35-1fffe4099023	leadership in nursing
pcf:product-leadership	Product leadership	2	http://data.europa.eu/esco/skill/37e5bf28-bb5a-478b-aa96-fce66cb742c3	negotiate artistic productions
pcf:product-leadership	Product leadership	3	http://data.europa.eu/esco/skill/79c012c7-4b09-497e-8152-e73e5d1d3384	adapt leadership styles in healthcare
pcf:product-leadership	Product leadership	4	http://data.europa.eu/esco/skill/75d8e5d9-bef3-418b-9011-01bff9f27207	lead others
pcf:product-leadership	Product leadership	5	http://data.europa.eu/esco/skill/524c4331-5090-4565-a0bc-0a9ae874938d	demonstrate leadership in social service cases
pcf:product-leadership	Product leadership	6	http://data.europa.eu/esco/skill/d5145a9a-602e-40bf-b3e1-f04cf9c3ef86	leadership principles
pcf:product-management	Product management	1	http://data.europa.eu/esco/skill/29fb886c-6be0-4e93-9ea1-232881f2092a	plan product management
pcf:product-management	Product management	2	http://data.europa.eu/esco/skill/568e4759-c698-4879-a6c2-708b4e6a0dc7	manage farm products
pcf:product-management	Product management	3	http://data.europa.eu/esco/skill/24783286-361a-44db-b0f1-aaabe35aef5d	manage wine production
pcf:product-management	Product management	4	http://data.europa.eu/esco/skill/3c209873-c757-47bb-91b5-9b6dc05df116	banking activities
pcf:product-management	Product management	5	http://data.europa.eu/esco/skill/d3d99bf2-cdad-4bdf-acd3-c94d599c4808	manage livestock
pcf:product-management	Product management	6	http://data.europa.eu/esco/skill/754de174-292f-4ddc-ae08-24b8fb8cff2e	manage crop production
pcf:programming-and-build-data-and-analytics-engineering	Programming and build (data and analytics engineering)	1	http://data.europa.eu/esco/skill/505e4ef3-7ce4-437d-b7b4-5c608f71c258	build recommender systems
pcf:programming-and-build-data-and-analytics-engineering	Programming and build (data and analytics engineering)	2	http://data.europa.eu/esco/skill/87a0c0e6-c114-4ea1-b2d0-933bce1f3c5f	assemble machines
pcf:programming-and-build-data-and-analytics-engineering	Programming and build (data and analytics engineering)	3	http://data.europa.eu/esco/skill/f9670490-8aa4-4540-b121-d440a8294aab	develop data processing applications
pcf:programming-and-build-data-and-analytics-engineering	Programming and build (data and analytics engineering)	4	http://data.europa.eu/esco/skill/aab001d9-6d45-4f06-9976-9c1e0c253e3f	monitor broadcast programming
pcf:programming-and-build-data-and-analytics-engineering	Programming and build (data and analytics engineering)	5	http://data.europa.eu/esco/skill/7c3cde53-9ff7-4e82-8396-13fdfadd3432	design buildings
pcf:programming-and-build-data-and-analytics-engineering	Programming and build (data and analytics engineering)	6	http://data.europa.eu/esco/skill/94579fbb-0485-48d4-b97e-ca85e15691d3	develop programming schedule
pcf:programming-and-build-data-science	Programming and build (data science)	1	http://data.europa.eu/esco/skill/505e4ef3-7ce4-437d-b7b4-5c608f71c258	build recommender systems
pcf:programming-and-build-data-science	Programming and build (data science)	2	http://data.europa.eu/esco/skill/87a0c0e6-c114-4ea1-b2d0-933bce1f3c5f	assemble machines
pcf:programming-and-build-data-science	Programming and build (data science)	3	http://data.europa.eu/esco/skill/f9670490-8aa4-4540-b121-d440a8294aab	develop data processing applications
pcf:programming-and-build-data-science	Programming and build (data science)	4	http://data.europa.eu/esco/skill/aab001d9-6d45-4f06-9976-9c1e0c253e3f	monitor broadcast programming
pcf:programming-and-build-data-science	Programming and build (data science)	5	http://data.europa.eu/esco/skill/7c3cde53-9ff7-4e82-8396-13fdfadd3432	design buildings
pcf:programming-and-build-data-science	Programming and build (data science)	6	http://data.europa.eu/esco/skill/94579fbb-0485-48d4-b97e-ca85e15691d3	develop programming schedule
pcf:programming-and-build-frontend-developer	Programming and build (frontend developer)	1	http://data.europa.eu/esco/skill/505e4ef3-7ce4-437d-b7b4-5c608f71c258	build recommender systems
pcf:programming-and-build-frontend-developer	Programming and build (frontend developer)	2	http://data.europa.eu/esco/skill/87a0c0e6-c114-4ea1-b2d0-933bce1f3c5f	assemble machines
pcf:programming-and-build-frontend-developer	Programming and build (frontend developer)	3	http://data.europa.eu/esco/skill/f9670490-8aa4-4540-b121-d440a8294aab	develop data processing applications
pcf:programming-and-build-frontend-developer	Programming and build (frontend developer)	4	http://data.europa.eu/esco/skill/aab001d9-6d45-4f06-9976-9c1e0c253e3f	monitor broadcast programming
pcf:programming-and-build-frontend-developer	Programming and build (frontend developer)	5	http://data.europa.eu/esco/skill/7c3cde53-9ff7-4e82-8396-13fdfadd3432	design buildings
pcf:programming-and-build-frontend-developer	Programming and build (frontend developer)	6	http://data.europa.eu/esco/skill/94579fbb-0485-48d4-b97e-ca85e15691d3	develop programming schedule
pcf:programming-and-build-software-engineering	Programming and build (software engineering)	1	http://data.europa.eu/esco/skill/505e4ef3-7ce4-437d-b7b4-5c608f71c258	build recommender systems
pcf:programming-and-build-software-engineering	Programming and build (software engineering)	2	http://data.europa.eu/esco/skill/87a0c0e6-c114-4ea1-b2d0-933bce1f3c5f	assemble machines
pcf:programming-and-build-software-engineering	Programming and build (software engineering)	3	http://data.europa.eu/esco/skill/f9670490-8aa4-4540-b121-d440a8294aab	develop data processing applications
pcf:programming-and-build-software-engineering	Programming and build (software engineering)	4	http://data.europa.eu/esco/skill/aab001d9-6d45-4f06-9976-9c1e0c253e3f	monitor broadcast programming
pcf:programming-and-build-software-engineering	Programming and build (software engineering)	5	http://data.europa.eu/esco/skill/7c3cde53-9ff7-4e82-8396-13fdfadd3432	design buildings
pcf:programming-and-build-software-engineering	Programming and build (software engineering)	6	http://data.europa.eu/esco/skill/94579fbb-0485-48d4-b97e-ca85e15691d3	develop programming schedule
pcf:prototyping	Prototyping	1	http://data.europa.eu/esco/skill/ed1d8bd4-cd2a-4c64-b665-56d70651026c	Prototyping development
pcf:prototyping	Prototyping	2	http://data.europa.eu/esco/skill/0f16809e-a1a4-46a4-ae8e-058f5d0d358a	prototyping in the wearing apparel industry
pcf:prototyping	Prototyping	3	http://data.europa.eu/esco/skill/94d43a61-690d-4286-b2e1-a1b57199a3bb	prepare footwear samples
pcf:prototyping	Prototyping	4	http://data.europa.eu/esco/skill/087521a5-830f-4b9f-80d7-ea38d34f461b	prepare leather goods samples
pcf:prototyping	Prototyping	5	http://data.europa.eu/esco/skill/0fdc32f8-d7f4-48c3-895a-5aefc23a44b4	perform ideation activities
pcf:prototyping	Prototyping	6	http://data.europa.eu/esco/skill/bb165899-d95f-4433-95f2-173fefd716d2	develop statistical software
pcf:quality-assurance-of-data-and-analysis	Quality assurance of data and analysis	1	http://data.europa.eu/esco/skill/713fb616-118e-40bc-9366-4a69879a49d5	implement data quality processes
pcf:quality-assurance-of-data-and-analysis	Quality assurance of data and analysis	2	http://data.europa.eu/esco/skill/2879a6f9-868b-40a1-a424-d50007ca8354	record production data for quality control
pcf:quality-assurance-of-data-and-analysis	Quality assurance of data and analysis	3	http://data.europa.eu/esco/skill/cc7370dd-69fa-4c67-a96f-d4d135d38700	data quality assessment
pcf:quality-assurance-of-data-and-analysis	Quality assurance of data and analysis	4	http://data.europa.eu/esco/skill/2579f843-87e8-4a9f-83ce-1284b2218b56	manage aeronautical information management services
pcf:quality-assurance-of-data-and-analysis	Quality assurance of data and analysis	5	http://data.europa.eu/esco/skill/f879a418-3e81-4216-9533-aaedce55fa97	ensure accuracy of aeronautical data
pcf:quality-assurance-of-data-and-analysis	Quality assurance of data and analysis	6	http://data.europa.eu/esco/skill/b535516b-9f8a-4c29-b6aa-a0a4561e1086	call quality assurance management
pcf:research-and-innovation	Research and innovation	1	http://data.europa.eu/esco/skill/8327754d-3990-4056-b07e-4faa49cfcd26	innovate in ICT
pcf:research-and-innovation	Research and innovation	2	http://data.europa.eu/esco/skill/cc61f9e5-d4fc-470e-8606-1ce865ff8386	develop professional network with researchers and scientists
pcf:research-and-innovation	Research and innovation	3	http://data.europa.eu/esco/skill/872a1632-f1db-4feb-bb27-0a6a359b7591	promote open innovation in research
pcf:research-and-innovation	Research and innovation	4	http://data.europa.eu/esco/skill/6860efa0-dcf4-441f-94c0-73826fa95d33	research and development in textiles
pcf:research-and-innovation	Research and innovation	5	http://data.europa.eu/esco/skill/ec6df9cb-be92-4027-80fa-83b70aabce58	industrial research and development
pcf:research-and-innovation	Research and innovation	6	http://data.europa.eu/esco/skill/4fc1d2b4-9645-4fda-be99-abdf8e66c88d	research new ideas
pcf:research-management-leadership-and-assurance	Research management, leadership and assurance	1	http://data.europa.eu/esco/skill/cf6ca1fc-f2be-4deb-bb35-1fffe4099023	leadership in nursing
pcf:research-management-leadership-and-assurance	Research management, leadership and assurance	2	http://data.europa.eu/esco/skill/75d8e5d9-bef3-418b-9011-01bff9f27207	lead others
pcf:research-management-leadership-and-assurance	Research management, leadership and assurance	3	http://data.europa.eu/esco/skill/d5145a9a-602e-40bf-b3e1-f04cf9c3ef86	leadership principles
pcf:research-management-leadership-and-assurance	Research management, leadership and assurance	4	http://data.europa.eu/esco/skill/b535516b-9f8a-4c29-b6aa-a0a4561e1086	call quality assurance management
pcf:research-management-leadership-and-assurance	Research management, leadership and assurance	5	http://data.europa.eu/esco/skill/f9d70f2a-c3f0-475d-ac55-dc2e2ba856e8	lead inspections
pcf:research-management-leadership-and-assurance	Research management, leadership and assurance	6	http://data.europa.eu/esco/skill/59b4f49d-a82a-4206-ba93-3e423640de22	salon management
pcf:security-architecture	Security architecture	1	http://data.europa.eu/esco/skill/88680a21-57f9-46b6-8268-7d8e42aef849	architecture regulations
pcf:security-architecture	Security architecture	2	http://data.europa.eu/esco/skill/4c598891-db23-4b7c-9b39-233ba8eaf848	landscape architecture
pcf:security-architecture	Security architecture	3	http://data.europa.eu/esco/skill/9f5e899e-a53f-4b7a-a137-aade7fb18b86	architectural theory
pcf:security-architecture	Security architecture	4	http://data.europa.eu/esco/skill/77a9c736-154e-4a19-8476-4246ed25fd54	historic architecture
pcf:security-architecture	Security architecture	5	http://data.europa.eu/esco/skill/80c042de-bc1a-4d78-b266-35bc80ba3093	architectural design
pcf:security-architecture	Security architecture	6	http://data.europa.eu/esco/skill/e043aeeb-78f5-4049-afbf-12bba52225bc	hardware architectures
pcf:security-technology	Security technology	1	http://data.europa.eu/esco/skill/8088750d-8388-4170-a76f-48354c469c44	cyber security
pcf:security-technology	Security technology	2	http://data.europa.eu/esco/skill/3ff589b7-68df-4ea5-ae41-b395bdb2378f	ICT security standards
pcf:security-technology	Security technology	3	http://data.europa.eu/esco/skill/6f1edc19-191f-4ba5-a048-ee69aff05bab	security engineering
pcf:security-technology	Security technology	4	http://data.europa.eu/esco/skill/cdaf66a1-eaf3-4fef-af6e-2e9bbe2c326c	distributed ledger technologies vulnerabilities
pcf:security-technology	Security technology	5	http://data.europa.eu/esco/skill/0e8d16c9-e2db-4862-ac06-1567f01ef806	building systems monitoring technology
pcf:security-technology	Security technology	6	http://data.europa.eu/esco/skill/426ceaba-6867-481c-bb6b-aee3933da7d2	ICT safety
pcf:service-focus	Service focus	1	http://data.europa.eu/esco/skill/cb15ece1-2afd-488c-852d-0b52c13409ef	focus on service
pcf:service-focus	Service focus	2	http://data.europa.eu/esco/skill/08365fba-e874-497b-aa9a-1c09d2aecd4d	focus on passengers
pcf:service-focus	Service focus	3	http://data.europa.eu/esco/skill/49d81d86-e748-4181-84e9-106173058081	services marketing
pcf:service-focus	Service focus	4	http://data.europa.eu/esco/skill/fdc83a3b-0ea5-4c2e-af42-8cc0ffce5670	focus lighting equipment
pcf:service-focus	Service focus	5	http://data.europa.eu/esco/skill/b7c8f418-08d5-45d6-b697-ab26c6ecbfb4	ensure client orientation
pcf:service-focus	Service focus	6	http://data.europa.eu/esco/skill/a6d2edbd-5f87-40e0-a227-b7ae8c08db03	adjust projector
pcf:service-management-framework-knowledge	Service management framework knowledge	1	http://data.europa.eu/esco/skill/81672802-5463-4676-87aa-3d0f7d8d4f8e	framework for a safety management system
pcf:service-management-framework-knowledge	Service management framework knowledge	2	http://data.europa.eu/esco/skill/97e46fd4-8b3a-4068-859b-6eaa7216da54	implement safety management systems
pcf:service-management-framework-knowledge	Service management framework knowledge	3	http://data.europa.eu/esco/skill/d39022ab-d102-4720-b689-540d6f056b17	public administration
pcf:service-management-framework-knowledge	Service management framework knowledge	4	http://data.europa.eu/esco/skill/3ff589b7-68df-4ea5-ae41-b395bdb2378f	ICT security standards
pcf:service-management-framework-knowledge	Service management framework knowledge	5	http://data.europa.eu/esco/skill/8622f74f-61b7-4664-862a-7c1dea8041f0	knowledge management
pcf:service-management-framework-knowledge	Service management framework knowledge	6	http://data.europa.eu/esco/skill/bec4359e-cb92-468f-a997-8fb28e32fba9	ICT project management methodologies
pcf:service-support	Service support	1	http://data.europa.eu/esco/skill/e782f412-4cb5-45f1-b5bc-15be441171aa	manage guest support services
pcf:service-support	Service support	2	http://data.europa.eu/esco/skill/f40ab382-0a5d-4ade-af36-106c85ec7353	support blood transfusion services
pcf:service-support	Service support	3	http://data.europa.eu/esco/skill/72ead619-88da-4557-8c98-607fd7e2cd47	support social service users' positiveness
pcf:service-support	Service support	4	http://data.europa.eu/esco/skill/04e84553-2795-4098-b0ad-e7921628b32c	support harmed social service users
pcf:service-support	Service support	5	http://data.europa.eu/esco/skill/9a9272df-398b-4787-bd51-53d5e8d999eb	support service users to use technological aids
pcf:service-support	Service support	6	http://data.europa.eu/esco/skill/74beca00-bd58-4c27-812d-0d5933c76d6f	support service users in developing skills
pcf:shaping-the-direction-of-organisational-strategy-through-digital-data-and-technology	Shaping the direction of organisational strategy through digital, data and technology	1	http://data.europa.eu/esco/skill/40001d93-8937-4859-89d5-2dca53290ff4	share through digital technologies
pcf:shaping-the-direction-of-organisational-strategy-through-digital-data-and-technology	Shaping the direction of organisational strategy through digital, data and technology	2	http://data.europa.eu/esco/skill/737f8895-46df-4283-8f38-13f3f0fc3b77	digital twin technology
pcf:shaping-the-direction-of-organisational-strategy-through-digital-data-and-technology	Shaping the direction of organisational strategy through digital, data and technology	3	http://data.europa.eu/esco/skill/71f81e1a-e2ca-48d6-b7b8-7a34c56c51f8	transmission technology
pcf:shaping-the-direction-of-organisational-strategy-through-digital-data-and-technology	Shaping the direction of organisational strategy through digital, data and technology	4	http://data.europa.eu/esco/skill/bc0b0b5d-f6be-405a-b224-b6902a4dbe97	manage digital identity
pcf:shaping-the-direction-of-organisational-strategy-through-digital-data-and-technology	Shaping the direction of organisational strategy through digital, data and technology	5	http://data.europa.eu/esco/skill/4d97e3c3-f335-47cc-a4ee-0d779fd42222	manage data, information and digital content
pcf:shaping-the-direction-of-organisational-strategy-through-digital-data-and-technology	Shaping the direction of organisational strategy through digital, data and technology	6	http://data.europa.eu/esco/skill/1f1bef0f-2484-4136-a5bf-6ed80346a671	solve problems in gambling through digital means
pcf:stakeholder-relationship-management	Stakeholder relationship management	1	http://data.europa.eu/esco/skill/1af2db15-2af9-44dd-9639-bf1fc69d4c34	manage relationships with stakeholders
pcf:stakeholder-relationship-management	Stakeholder relationship management	2	http://data.europa.eu/esco/skill/ff6ffc8d-433d-4b32-a943-0a948db2820b	create social alliances
pcf:stakeholder-relationship-management	Stakeholder relationship management	3	http://data.europa.eu/esco/skill/87de6e49-ca1c-42a4-8751-5ff0b991966b	negotiate with stakeholders
pcf:stakeholder-relationship-management	Stakeholder relationship management	4	http://data.europa.eu/esco/skill/c3da8380-7049-4159-af65-3eff63ed9caf	negotiate with social service stakeholders
pcf:stakeholder-relationship-management	Stakeholder relationship management	5	http://data.europa.eu/esco/skill/dc72ad0a-c5dc-4abd-bc0d-ca43e82162e1	build business relationships
pcf:stakeholder-relationship-management	Stakeholder relationship management	6	http://data.europa.eu/esco/skill/9889b795-d755-41b2-8afd-2e3c87a65a38	use customer relationship management software
pcf:stakeholder-relationship-management-it-operations	Stakeholder relationship management (IT operations)	1	http://data.europa.eu/esco/skill/1af2db15-2af9-44dd-9639-bf1fc69d4c34	manage relationships with stakeholders
pcf:stakeholder-relationship-management-it-operations	Stakeholder relationship management (IT operations)	2	http://data.europa.eu/esco/skill/ff6ffc8d-433d-4b32-a943-0a948db2820b	create social alliances
pcf:stakeholder-relationship-management-it-operations	Stakeholder relationship management (IT operations)	3	http://data.europa.eu/esco/skill/87de6e49-ca1c-42a4-8751-5ff0b991966b	negotiate with stakeholders
pcf:stakeholder-relationship-management-it-operations	Stakeholder relationship management (IT operations)	4	http://data.europa.eu/esco/skill/c3da8380-7049-4159-af65-3eff63ed9caf	negotiate with social service stakeholders
pcf:stakeholder-relationship-management-it-operations	Stakeholder relationship management (IT operations)	5	http://data.europa.eu/esco/skill/dc72ad0a-c5dc-4abd-bc0d-ca43e82162e1	build business relationships
pcf:stakeholder-relationship-management-it-operations	Stakeholder relationship management (IT operations)	6	http://data.europa.eu/esco/skill/9889b795-d755-41b2-8afd-2e3c87a65a38	use customer relationship management software
pcf:strategic-cyber-security-planning	Strategic cyber security planning	1	http://data.europa.eu/esco/skill/5acf6408-e084-4202-9442-ffcf0119811c	security threats
pcf:strategic-cyber-security-planning	Strategic cyber security planning	2	http://data.europa.eu/esco/skill/8181aa4c-42bc-4036-a3d2-5cb6bbb34239	handle cybersecurity incidents
pcf:strategic-cyber-security-planning	Strategic cyber security planning	3	http://data.europa.eu/esco/skill/54d774a3-de3b-4425-b0d7-c03bc99a0937	set up cybersecurity training programmes
pcf:strategic-cyber-security-planning	Strategic cyber security planning	4	http://data.europa.eu/esco/skill/5898d99a-62a4-4e10-a2e3-0d815ce44248	cyber attack counter-measures
pcf:strategic-cyber-security-planning	Strategic cyber security planning	5	http://data.europa.eu/esco/skill/f7b5d916-52f0-4865-b6a6-e1a3b711cb5e	implement strategic planning
pcf:strategic-cyber-security-planning	Strategic cyber security planning	6	http://data.europa.eu/esco/skill/3ff589b7-68df-4ea5-ae41-b395bdb2378f	ICT security standards
pcf:strategic-data-planning	Strategic data planning	1	http://data.europa.eu/esco/skill/f7b5d916-52f0-4865-b6a6-e1a3b711cb5e	implement strategic planning
pcf:strategic-data-planning	Strategic data planning	2	http://data.europa.eu/esco/skill/949ced5f-7536-4614-ac60-563ffc91a2f2	strategic planning
pcf:strategic-data-planning	Strategic data planning	3	http://data.europa.eu/esco/skill/fb221711-05c3-4196-ba72-813ed5bd040e	lead the brand strategic planning process
pcf:strategic-data-planning	Strategic data planning	4	http://data.europa.eu/esco/skill/15e87c59-dd3f-4b72-a404-367cb0047eae	perform strategic planning in the food industry
pcf:strategic-data-planning	Strategic data planning	5	http://data.europa.eu/esco/skill/906e5de0-f86d-4a10-a89b-30cee6a09adf	hoshin kanri strategic planning
pcf:strategic-data-planning	Strategic data planning	6	http://data.europa.eu/esco/skill/3cfa46e9-b7da-44ac-b09e-9596dffe0425	optimise choice of ICT solution
pcf:strategic-design-and-business-change	Strategic design and business change	1	http://data.europa.eu/esco/skill/bd698bbe-7003-4508-b422-46c2ff4d5e95	business strategy concepts
pcf:strategic-design-and-business-change	Strategic design and business change	2	http://data.europa.eu/esco/skill/87b27b84-daa7-4ff1-b888-6f33e5d82e96	create strategic maps
pcf:strategic-design-and-business-change	Strategic design and business change	3	http://data.europa.eu/esco/skill/6c870993-9341-438b-91c0-c7fe4f96d8f5	apply strategic thinking
pcf:strategic-design-and-business-change	Strategic design and business change	4	http://data.europa.eu/esco/skill/c0733631-0c5e-4b5c-a291-aad52ca493ce	adapt existing designs to changed circumstances
pcf:strategic-design-and-business-change	Strategic design and business change	5	http://data.europa.eu/esco/skill/6abb92c9-0553-4d3d-add8-8240494e182d	implement operational business plans
pcf:strategic-design-and-business-change	Strategic design and business change	6	http://data.europa.eu/esco/skill/5bbaa0e6-0fd7-4df2-9db7-34f78b40dc34	marketing management
pcf:strategic-ownership	Strategic ownership	1	http://data.europa.eu/esco/skill/075c68d7-efe4-4466-be4a-9acc726504df	mergers and acquisitions
pcf:strategic-ownership	Strategic ownership	2	http://data.europa.eu/esco/skill/f7b5d916-52f0-4865-b6a6-e1a3b711cb5e	implement strategic planning
pcf:strategic-ownership	Strategic ownership	3	http://data.europa.eu/esco/skill/379ec127-c158-4ce3-90dc-9996678bf05c	conveyancing
pcf:strategic-ownership	Strategic ownership	4	http://data.europa.eu/esco/skill/b048b4d3-80d6-4a6a-a02d-804faf0e2632	review closing procedures
pcf:strategic-ownership	Strategic ownership	5	http://data.europa.eu/esco/skill/816cb632-848e-43ee-9be0-d13b685498f8	joint ventures
pcf:strategic-ownership	Strategic ownership	6	http://data.europa.eu/esco/skill/87b27b84-daa7-4ff1-b888-6f33e5d82e96	create strategic maps
pcf:strategic-technology-planning	Strategic technology planning	1	http://data.europa.eu/esco/skill/f7b5d916-52f0-4865-b6a6-e1a3b711cb5e	implement strategic planning
pcf:strategic-technology-planning	Strategic technology planning	2	http://data.europa.eu/esco/skill/949ced5f-7536-4614-ac60-563ffc91a2f2	strategic planning
pcf:strategic-technology-planning	Strategic technology planning	3	http://data.europa.eu/esco/skill/fb221711-05c3-4196-ba72-813ed5bd040e	lead the brand strategic planning process
pcf:strategic-technology-planning	Strategic technology planning	4	http://data.europa.eu/esco/skill/15e87c59-dd3f-4b72-a404-367cb0047eae	perform strategic planning in the food industry
pcf:strategic-technology-planning	Strategic technology planning	5	http://data.europa.eu/esco/skill/906e5de0-f86d-4a10-a89b-30cee6a09adf	hoshin kanri strategic planning
pcf:strategic-technology-planning	Strategic technology planning	6	http://data.europa.eu/esco/skill/8a6394d1-f44f-4b0d-81d5-7201fc025ba8	develop e-learning plan
pcf:strategic-thinking	Strategic thinking	1	http://data.europa.eu/esco/skill/6c870993-9341-438b-91c0-c7fe4f96d8f5	apply strategic thinking
pcf:strategic-thinking	Strategic thinking	2	http://data.europa.eu/esco/skill/7a8fb784-67fa-41e9-a75c-6b491d91f800	develop strategy to solve problems
pcf:strategic-thinking	Strategic thinking	3	http://data.europa.eu/esco/skill/0f9958d2-f700-4f62-b90b-a5873cb5ae4c	systems thinking
pcf:strategic-thinking	Strategic thinking	4	http://data.europa.eu/esco/skill/d56e2c2f-3e01-4b76-a7bb-ecb6d430172f	think holistically
pcf:strategic-thinking	Strategic thinking	5	http://data.europa.eu/esco/skill/4707da90-9cfc-46ca-8de0-38a0b7bfb137	think analytically
pcf:strategic-thinking	Strategic thinking	6	http://data.europa.eu/esco/skill/e186976a-64f0-4052-a25b-297d19e1d0ec	think proactively
pcf:strategy-design	Strategy design	1	http://data.europa.eu/esco/skill/5aa79c4a-8b29-4d57-8723-b9a69ef0727e	design strategies for nuclear emergencies
pcf:strategy-design	Strategy design	2	http://data.europa.eu/esco/skill/d80ebb29-7b20-4343-b7c9-0e3ef9f2e1f2	design heating and cooling emission systems
pcf:strategy-design	Strategy design	3	http://data.europa.eu/esco/skill/b0b453d0-c5d2-4799-ab26-8d90b17d0e67	develop account strategy
pcf:strategy-design	Strategy design	4	http://data.europa.eu/esco/skill/08fd2839-670c-4f16-8024-97437f2035ab	plan marketing strategy
pcf:strategy-design	Strategy design	5	http://data.europa.eu/esco/skill/c2d48b3a-1f91-4442-8f18-6c43a589737b	develop media strategy
pcf:strategy-design	Strategy design	6	http://data.europa.eu/esco/skill/29cd7e7b-215c-483a-b67a-6bdad0647de9	develop procurement strategy
pcf:systems-design	Systems design	1	http://data.europa.eu/esco/skill/1c8327dd-9af0-4124-9c4e-0342d90189d4	design pharmaceutical manufacturing systems
pcf:systems-design	Systems design	2	http://data.europa.eu/esco/skill/c022ff1b-7783-4e64-89ef-0422c81ff51f	design microelectromechanical systems
pcf:systems-design	Systems design	3	http://data.europa.eu/esco/skill/feb717ff-fba6-4a91-aa10-ee11cf2da6b4	design electronic systems
pcf:systems-design	Systems design	4	http://data.europa.eu/esco/skill/854de3ad-0bf5-4b8f-a283-1c31b4c7e272	design well flow systems
pcf:systems-design	Systems design	5	http://data.europa.eu/esco/skill/d560df46-dda4-4407-bab2-b87353a96814	design control systems
pcf:systems-design	Systems design	6	http://data.europa.eu/esco/skill/11f364dd-0814-4398-b00e-10d1be8b27af	design transportation systems
pcf:systems-design-frontend-developer	Systems design (frontend developer)	1	http://data.europa.eu/esco/skill/1c8327dd-9af0-4124-9c4e-0342d90189d4	design pharmaceutical manufacturing systems
pcf:systems-design-frontend-developer	Systems design (frontend developer)	2	http://data.europa.eu/esco/skill/c022ff1b-7783-4e64-89ef-0422c81ff51f	design microelectromechanical systems
pcf:systems-design-frontend-developer	Systems design (frontend developer)	3	http://data.europa.eu/esco/skill/feb717ff-fba6-4a91-aa10-ee11cf2da6b4	design electronic systems
pcf:systems-design-frontend-developer	Systems design (frontend developer)	4	http://data.europa.eu/esco/skill/854de3ad-0bf5-4b8f-a283-1c31b4c7e272	design well flow systems
pcf:systems-design-frontend-developer	Systems design (frontend developer)	5	http://data.europa.eu/esco/skill/d560df46-dda4-4407-bab2-b87353a96814	design control systems
pcf:systems-design-frontend-developer	Systems design (frontend developer)	6	http://data.europa.eu/esco/skill/11f364dd-0814-4398-b00e-10d1be8b27af	design transportation systems
pcf:systems-integration	Systems integration	1	http://data.europa.eu/esco/skill/6fa1c2c0-a012-4ca0-9642-e01569ba322c	ICT system integration
pcf:systems-integration	Systems integration	2	http://data.europa.eu/esco/skill/a4a882a1-0263-4dd2-b29a-f0028cac2393	define integration strategy
pcf:systems-integration	Systems integration	3	http://data.europa.eu/esco/skill/14062e1c-6540-4cb6-b343-ad419e3d10ac	blockchain components
pcf:systems-integration	Systems integration	4	http://data.europa.eu/esco/skill/cf3e976d-2c3e-495c-a874-f9e8a66d3b48	perform backups
pcf:systems-integration	Systems integration	5	http://data.europa.eu/esco/skill/dc13a28b-39fd-4090-9e66-53a6003445a5	package microelectromechanical systems
pcf:systems-integration	Systems integration	6	http://data.europa.eu/esco/skill/08236fee-c405-4f30-8858-f10d7d5c94b7	operate media integration systems
pcf:systems-integration-frontend-developer	Systems integration (frontend developer)	1	http://data.europa.eu/esco/skill/6fa1c2c0-a012-4ca0-9642-e01569ba322c	ICT system integration
pcf:systems-integration-frontend-developer	Systems integration (frontend developer)	2	http://data.europa.eu/esco/skill/a4a882a1-0263-4dd2-b29a-f0028cac2393	define integration strategy
pcf:systems-integration-frontend-developer	Systems integration (frontend developer)	3	http://data.europa.eu/esco/skill/14062e1c-6540-4cb6-b343-ad419e3d10ac	blockchain components
pcf:systems-integration-frontend-developer	Systems integration (frontend developer)	4	http://data.europa.eu/esco/skill/cf3e976d-2c3e-495c-a874-f9e8a66d3b48	perform backups
pcf:systems-integration-frontend-developer	Systems integration (frontend developer)	5	http://data.europa.eu/esco/skill/dc13a28b-39fd-4090-9e66-53a6003445a5	package microelectromechanical systems
pcf:systems-integration-frontend-developer	Systems integration (frontend developer)	6	http://data.europa.eu/esco/skill/08236fee-c405-4f30-8858-f10d7d5c94b7	operate media integration systems
pcf:team-dynamics-and-collaboration	Team dynamics and collaboration	1	http://data.europa.eu/esco/skill/60c78287-22eb-4103-9c8c-28deaa460da0	work in teams
pcf:team-dynamics-and-collaboration	Team dynamics and collaboration	2	http://data.europa.eu/esco/skill/fc153ec6-1320-4f13-9158-ebde86c5303e	liaise with logistics management teams
pcf:team-dynamics-and-collaboration	Team dynamics and collaboration	3	http://data.europa.eu/esco/skill/93e65de1-923c-437e-aa5b-e6002967ce71	web based collaborative platforms
pcf:team-dynamics-and-collaboration	Team dynamics and collaboration	4	http://data.europa.eu/esco/skill/20bed8fd-8e9f-429b-95e3-4dca5c1c2ea0	collaborate with coaching team
pcf:team-dynamics-and-collaboration	Team dynamics and collaboration	5	http://data.europa.eu/esco/skill/6543eef3-d05e-4e97-a7dc-379398a1a798	work closely with news teams
pcf:team-dynamics-and-collaboration	Team dynamics and collaboration	6	http://data.europa.eu/esco/skill/40f95147-6453-4ab5-85b7-f1a7ad86f8a1	work in a forestry team
pcf:technical-design-throughout-the-life-cycle	Technical design throughout the life cycle	1	http://data.europa.eu/esco/skill/dada8e80-2a53-41bf-9eac-f8c1f9971bed	sustainable building materials
pcf:technical-design-throughout-the-life-cycle	Technical design throughout the life cycle	2	http://data.europa.eu/esco/skill/327d15c8-29ff-4ad4-a4fe-6536d777a45f	documentation types
pcf:technical-design-throughout-the-life-cycle	Technical design throughout the life cycle	3	http://data.europa.eu/esco/skill/303c6ab0-21c3-4b09-ac77-d405936857d9	sustainable installation materials
pcf:technical-design-throughout-the-life-cycle	Technical design throughout the life cycle	4	http://data.europa.eu/esco/skill/d4f9906e-3b22-4c27-9b32-1c1f457ced44	oversee record management
pcf:technical-design-throughout-the-life-cycle	Technical design throughout the life cycle	5	http://data.europa.eu/esco/skill/4e87c852-602a-4a0e-b8d8-20709ce14ac5	assess the life cycle of resources
pcf:technical-design-throughout-the-life-cycle	Technical design throughout the life cycle	6	http://data.europa.eu/esco/skill/09f2f811-a3fb-4de3-a70f-6420a6935575	systems development life-cycle
pcf:technical-specialism	Technical specialism	1	http://data.europa.eu/esco/skill/71f05755-74f0-4638-89fc-c14b3887a7cc	otorhinolaryngology
pcf:technical-specialism	Technical specialism	2	http://data.europa.eu/esco/skill/f4d1fce0-6d7f-4a5e-b317-2040b64758f2	physiotherapy
pcf:technical-specialism	Technical specialism	3	http://data.europa.eu/esco/skill/8e9d6856-9ac9-4264-aa48-0ae6e1e36f75	rheumatology
pcf:technical-specialism	Technical specialism	4	http://data.europa.eu/esco/skill/c388229c-484d-42ec-ac28-ffad52020138	psychopathology
pcf:technical-specialism	Technical specialism	5	http://data.europa.eu/esco/skill/cffc3e97-e942-4b13-a2f3-0bf4910c06d3	use technical documentation
pcf:technical-specialism	Technical specialism	6	http://data.europa.eu/esco/skill/d8567009-7c6f-43fb-82fb-7154ed8ebca9	technical terminology
pcf:technical-understanding	Technical understanding	1	http://data.europa.eu/esco/skill/1de3942b-99d8-41e8-9ef0-fbc9e9f6307b	Drupal
pcf:technical-understanding	Technical understanding	2	http://data.europa.eu/esco/skill/fe96f581-4905-4282-819c-922c68bda989	interpret electrical diagrams
pcf:technical-understanding	Technical understanding	3	http://data.europa.eu/esco/skill/cffc3e97-e942-4b13-a2f3-0bf4910c06d3	use technical documentation
pcf:technical-understanding	Technical understanding	4	http://data.europa.eu/esco/skill/5c3ab99d-a3f1-4620-9602-d12d2151a03d	apply knowledge of science, technology and engineering
pcf:technical-understanding	Technical understanding	5	http://data.europa.eu/esco/skill/be48353d-25c7-4f86-bea9-7b9e248fbc6e	interpret technical requirements
pcf:technical-understanding	Technical understanding	6	http://data.europa.eu/esco/skill/651675ef-d203-4ba9-bde0-c4fb8a2f3ef3	read technical datasheet
pcf:technical-understanding-accessibility	Technical understanding (accessibility)	1	http://data.europa.eu/esco/skill/1de3942b-99d8-41e8-9ef0-fbc9e9f6307b	Drupal
pcf:technical-understanding-accessibility	Technical understanding (accessibility)	2	http://data.europa.eu/esco/skill/fe96f581-4905-4282-819c-922c68bda989	interpret electrical diagrams
pcf:technical-understanding-accessibility	Technical understanding (accessibility)	3	http://data.europa.eu/esco/skill/cffc3e97-e942-4b13-a2f3-0bf4910c06d3	use technical documentation
pcf:technical-understanding-accessibility	Technical understanding (accessibility)	4	http://data.europa.eu/esco/skill/5c3ab99d-a3f1-4620-9602-d12d2151a03d	apply knowledge of science, technology and engineering
pcf:technical-understanding-accessibility	Technical understanding (accessibility)	5	http://data.europa.eu/esco/skill/be48353d-25c7-4f86-bea9-7b9e248fbc6e	interpret technical requirements
pcf:technical-understanding-accessibility	Technical understanding (accessibility)	6	http://data.europa.eu/esco/skill/651675ef-d203-4ba9-bde0-c4fb8a2f3ef3	read technical datasheet
pcf:technical-understanding-performance-analyst	Technical understanding (performance analyst)	1	http://data.europa.eu/esco/skill/1de3942b-99d8-41e8-9ef0-fbc9e9f6307b	Drupal
pcf:technical-understanding-performance-analyst	Technical understanding (performance analyst)	2	http://data.europa.eu/esco/skill/fe96f581-4905-4282-819c-922c68bda989	interpret electrical diagrams
pcf:technical-understanding-performance-analyst	Technical understanding (performance analyst)	3	http://data.europa.eu/esco/skill/cffc3e97-e942-4b13-a2f3-0bf4910c06d3	use technical documentation
pcf:technical-understanding-performance-analyst	Technical understanding (performance analyst)	4	http://data.europa.eu/esco/skill/5c3ab99d-a3f1-4620-9602-d12d2151a03d	apply knowledge of science, technology and engineering
pcf:technical-understanding-performance-analyst	Technical understanding (performance analyst)	5	http://data.europa.eu/esco/skill/be48353d-25c7-4f86-bea9-7b9e248fbc6e	interpret technical requirements
pcf:technical-understanding-performance-analyst	Technical understanding (performance analyst)	6	http://data.europa.eu/esco/skill/651675ef-d203-4ba9-bde0-c4fb8a2f3ef3	read technical datasheet
pcf:technical-understanding-user-centred-design	Technical understanding (user-centred design)	1	http://data.europa.eu/esco/skill/1de3942b-99d8-41e8-9ef0-fbc9e9f6307b	Drupal
pcf:technical-understanding-user-centred-design	Technical understanding (user-centred design)	2	http://data.europa.eu/esco/skill/fe96f581-4905-4282-819c-922c68bda989	interpret electrical diagrams
pcf:technical-understanding-user-centred-design	Technical understanding (user-centred design)	3	http://data.europa.eu/esco/skill/cffc3e97-e942-4b13-a2f3-0bf4910c06d3	use technical documentation
pcf:technical-understanding-user-centred-design	Technical understanding (user-centred design)	4	http://data.europa.eu/esco/skill/5c3ab99d-a3f1-4620-9602-d12d2151a03d	apply knowledge of science, technology and engineering
pcf:technical-understanding-user-centred-design	Technical understanding (user-centred design)	5	http://data.europa.eu/esco/skill/be48353d-25c7-4f86-bea9-7b9e248fbc6e	interpret technical requirements
pcf:technical-understanding-user-centred-design	Technical understanding (user-centred design)	6	http://data.europa.eu/esco/skill/651675ef-d203-4ba9-bde0-c4fb8a2f3ef3	read technical datasheet
pcf:technology-architecture	Technology architecture	1	http://data.europa.eu/esco/skill/02058de6-4b98-449f-8a45-8588b0eb2446	network engineering
pcf:technology-architecture	Technology architecture	2	http://data.europa.eu/esco/skill/3be79ccc-a455-49b9-8c65-55c50071ba5b	distributed ledger technology
pcf:technology-architecture	Technology architecture	3	http://data.europa.eu/esco/skill/7adb8473-bcc6-4ff8-9850-76d945d40092	analyse ICT system
pcf:technology-architecture	Technology architecture	4	http://data.europa.eu/esco/skill/88680a21-57f9-46b6-8268-7d8e42aef849	architecture regulations
pcf:technology-architecture	Technology architecture	5	http://data.europa.eu/esco/skill/4c598891-db23-4b7c-9b39-233ba8eaf848	landscape architecture
pcf:technology-architecture	Technology architecture	6	http://data.europa.eu/esco/skill/9f5e899e-a53f-4b7a-a137-aade7fb18b86	architectural theory
pcf:technology-evaluation	Technology evaluation	1	http://data.europa.eu/esco/skill/bdb4f02e-72d5-41ca-a662-0498dc3fb070	health technology assessment
pcf:technology-evaluation	Technology evaluation	2	http://data.europa.eu/esco/skill/fc1fa8eb-a7fd-481c-b3b3-5fc45b3d1e97	evaluate translation technologies
pcf:technology-evaluation	Technology evaluation	3	http://data.europa.eu/esco/skill/7b1ab171-caed-4561-89e4-b214396b1ae8	pharmaceutical technology
pcf:technology-evaluation	Technology evaluation	4	http://data.europa.eu/esco/skill/bc93e930-3279-4cf0-8a0b-1faeac1c8c51	braiding technology
pcf:technology-evaluation	Technology evaluation	5	http://data.europa.eu/esco/skill/4821dd3e-d9ec-43e7-8f22-a70ac5a6dcd8	nonwoven machine technology
pcf:technology-evaluation	Technology evaluation	6	http://data.europa.eu/esco/skill/ef3b0fe7-236f-4910-994a-5cf8f126cb9d	types of evaluation
pcf:test-analysis	Test analysis	1	http://data.europa.eu/esco/skill/82423b5c-486f-42e7-b00e-7358757a8de5	test samples for pollutants
pcf:test-analysis	Test analysis	2	http://data.europa.eu/esco/skill/adc7e4a6-3db4-4c55-960b-f561e402e262	test oil samples
pcf:test-analysis	Test analysis	3	http://data.europa.eu/esco/skill/138aecdf-1b02-4ffc-81c4-0a0461b4f3c0	conduct metallurgical structural analysis
pcf:test-analysis	Test analysis	4	http://data.europa.eu/esco/skill/2b92a5b2-6758-4ee3-9fb4-b6387a55cc8f	perform data analysis
pcf:test-analysis	Test analysis	5	http://data.europa.eu/esco/skill/d512d178-37a6-4eab-a660-412d2bb0824a	test procedures
pcf:test-analysis	Test analysis	6	http://data.europa.eu/esco/skill/12b5cc46-bf35-464c-ac7d-1bdbc23262f7	perform failure analysis of production process
pcf:test-and-quality-planning	Test and quality planning	1	http://data.europa.eu/esco/skill/1aae38c8-f75a-4009-8aa0-c5fa94b06e6b	manage water quality testing
pcf:test-and-quality-planning	Test and quality planning	2	http://data.europa.eu/esco/skill/afc4600a-0835-4757-ba25-6999ffd5ee90	perform milk control tests
pcf:test-and-quality-planning	Test and quality planning	3	http://data.europa.eu/esco/skill/3c927804-beb3-4351-bb70-21bfdedc62c5	check wine quality
pcf:test-and-quality-planning	Test and quality planning	4	http://data.europa.eu/esco/skill/987a848a-01ec-4938-9f31-1af1c7bef651	maintain test equipment
pcf:test-and-quality-planning	Test and quality planning	5	http://data.europa.eu/esco/skill/da70d0cf-1b0b-43eb-924f-e2a69d0d5390	implement quality control procedures for biomedical tests
pcf:test-and-quality-planning	Test and quality planning	6	http://data.europa.eu/esco/skill/e54a3ed7-465f-432b-8940-2aeabeaa449e	footwear quality
pcf:test-engineering	Test engineering	1	http://data.europa.eu/esco/skill/4515f6b6-76e7-4005-9fd8-6db8b84396b3	liaise with well test engineers
pcf:test-engineering	Test engineering	2	http://data.europa.eu/esco/skill/ed938748-60ae-4964-a657-ff2685ecc0d0	evaluate engine performance
pcf:test-engineering	Test engineering	3	http://data.europa.eu/esco/skill/08a3dcea-12de-447b-a3a5-aa657abc5e97	execute social engineering tests
pcf:test-engineering	Test engineering	4	http://data.europa.eu/esco/skill/65825c90-dd02-4533-8192-9195c18e1676	test pharmaceutical process
pcf:test-engineering	Test engineering	5	http://data.europa.eu/esco/skill/f1f40210-06cf-48f8-92d4-31c4ecc48682	perform routine lube oil tests
pcf:test-engineering	Test engineering	6	http://data.europa.eu/esco/skill/d512d178-37a6-4eab-a660-412d2bb0824a	test procedures
pcf:testing	Testing	1	http://data.europa.eu/esco/skill/85f46538-ae70-498a-bfbc-b8ddafe96c7d	levels of software testing
pcf:testing	Testing	2	http://data.europa.eu/esco/skill/74374d09-7a54-4a05-ae78-d5940423de7c	use testing equipment
pcf:testing	Testing	3	http://data.europa.eu/esco/skill/78f81b3e-b095-414a-8d7c-56b567f6ed33	manage mineral testing procedures
pcf:testing	Testing	4	http://data.europa.eu/esco/skill/a9dc215e-4e26-4ac0-b1e8-a721a88af813	execute conversion testing
pcf:testing	Testing	5	http://data.europa.eu/esco/skill/e80f9e50-71ff-4bb7-8b7d-eb232685d17f	perform water testing procedures
pcf:testing	Testing	6	http://data.europa.eu/esco/skill/3e5c6279-457f-429a-a53a-d27d4d38a10a	well testing operations
pcf:troubleshooting-and-problem-resolution	Troubleshooting and problem resolution	1	http://data.europa.eu/esco/skill/744442ac-c157-4350-8be0-ce454df4f5c5	perform ICT troubleshooting
pcf:troubleshooting-and-problem-resolution	Troubleshooting and problem resolution	2	http://data.europa.eu/esco/skill/334e3e49-fb02-4051-809a-f06adfdc1c40	troubleshoot
pcf:troubleshooting-and-problem-resolution	Troubleshooting and problem resolution	3	http://data.europa.eu/esco/skill/adc6dc11-3376-467b-96c5-9b0a21edc869	solve problems
pcf:troubleshooting-and-problem-resolution	Troubleshooting and problem resolution	4	http://data.europa.eu/esco/skill/96de2e86-e287-41f2-88ab-15a2343afc6f	resolve conflicts
pcf:troubleshooting-and-problem-resolution	Troubleshooting and problem resolution	5	http://data.europa.eu/esco/skill/3fc5a30d-d493-44ed-a2b5-ff9a50f84de3	solve bank account problems
pcf:troubleshooting-and-problem-resolution	Troubleshooting and problem resolution	6	http://data.europa.eu/esco/skill/9e06bac6-6b91-48ca-8b7d-c1f48cdecd7c	solve ICT system problems
pcf:turning-business-problems-into-data-design	Turning business problems into data design	1	http://data.europa.eu/esco/skill/98a1dec3-8138-4f46-a596-5e2a83b884b9	business analytics
pcf:turning-business-problems-into-data-design	Turning business problems into data design	2	http://data.europa.eu/esco/skill/e4a9ec84-4eb3-494b-8a70-0fcf0d687f03	tend lathe
pcf:turning-business-problems-into-data-design	Turning business problems into data design	3	http://data.europa.eu/esco/skill/71717c33-dd63-4acf-b052-a5fd5d9fc490	ensure information privacy
pcf:turning-business-problems-into-data-design	Turning business problems into data design	4	http://data.europa.eu/esco/skill/71746a0b-e58d-4dc4-ad03-bd84082eae21	collect customer feedback on applications
pcf:turning-business-problems-into-data-design	Turning business problems into data design	5	http://data.europa.eu/esco/skill/79e29b8b-47d1-470d-b7b1-32506bfe7d9a	collect ICT data
pcf:turning-business-problems-into-data-design	Turning business problems into data design	6	http://data.europa.eu/esco/skill/8f32e02a-9290-47ab-ad28-6567bfc2f17a	design process for blockchain-based systems
pcf:understanding-analysis-across-the-product-life-cycle	Understanding analysis across the product life cycle	1	http://data.europa.eu/esco/skill/21e0cad8-4eef-42be-b18b-0f8e37f0dbd0	product life-cycle
pcf:understanding-analysis-across-the-product-life-cycle	Understanding analysis across the product life cycle	2	http://data.europa.eu/esco/skill/4e87c852-602a-4a0e-b8d8-20709ce14ac5	assess the life cycle of resources
pcf:understanding-analysis-across-the-product-life-cycle	Understanding analysis across the product life cycle	3	http://data.europa.eu/esco/skill/5e80353d-53ed-4e64-a5ff-0e3ec52156fa	direct logistical functions
pcf:understanding-analysis-across-the-product-life-cycle	Understanding analysis across the product life cycle	4	http://data.europa.eu/esco/skill/327d15c8-29ff-4ad4-a4fe-6536d777a45f	documentation types
pcf:understanding-analysis-across-the-product-life-cycle	Understanding analysis across the product life cycle	5	http://data.europa.eu/esco/skill/944c8843-dcea-4883-af9a-f265d21a75a3	dairy animal production
pcf:understanding-analysis-across-the-product-life-cycle	Understanding analysis across the product life cycle	6	http://data.europa.eu/esco/skill/09f2f811-a3fb-4de3-a70f-6420a6935575	systems development life-cycle
pcf:understanding-product-delivery	Understanding product delivery	1	http://data.europa.eu/esco/skill/c0ec2baa-38e4-4cad-9770-cf6a7fbfdfcf	monitor merchandise delivery
pcf:understanding-product-delivery	Understanding product delivery	2	http://data.europa.eu/esco/skill/360e1c45-d335-4a19-b717-e1932927a72b	handle delivery of raw materials
pcf:understanding-product-delivery	Understanding product delivery	3	http://data.europa.eu/esco/skill/d6d3fee7-47e2-47f4-a0ec-6c75f28c6abd	product comprehension
pcf:understanding-product-delivery	Understanding product delivery	4	http://data.europa.eu/esco/skill/fd0fe7fa-e17e-47e9-bcf8-6fde5951a34e	assess studio production
pcf:understanding-product-delivery	Understanding product delivery	5	http://data.europa.eu/esco/skill/2f573ad6-1fa6-46c5-a48d-912368fe55aa	deliver a sales pitch
pcf:understanding-product-delivery	Understanding product delivery	6	http://data.europa.eu/esco/skill/31dadcd2-7816-4330-a422-0fc5fb824229	control textile process
pcf:understanding-security-implications-of-transformation	Understanding security implications of transformation	1	http://data.europa.eu/esco/skill/958559fd-7ab8-44f6-9d65-eb521dc308a5	assess risks and implications of a design
pcf:understanding-security-implications-of-transformation	Understanding security implications of transformation	2	http://data.europa.eu/esco/skill/0458f6a0-cb54-4ff5-a543-b2c5354e17c0	keep up with digital transformation of industrial processes
pcf:understanding-security-implications-of-transformation	Understanding security implications of transformation	3	http://data.europa.eu/esco/skill/bf3e70b4-b65e-4595-81d4-e3bb846f0672	security panels
pcf:understanding-security-implications-of-transformation	Understanding security implications of transformation	4	http://data.europa.eu/esco/skill/3a09d732-08b9-4c90-8fd3-34e2d69ce084	explain blockchain implications
pcf:understanding-security-implications-of-transformation	Understanding security implications of transformation	5	http://data.europa.eu/esco/skill/106b9659-4b9a-4ce2-8d16-80add5bf81b0	energy transformation
pcf:understanding-security-implications-of-transformation	Understanding security implications of transformation	6	http://data.europa.eu/esco/skill/896a5e0c-7ac9-4e59-a9bf-17fdca6b1c37	promote the principles of democracy and rule of law
pcf:user-centred-analysis	User-centred analysis	1	http://data.europa.eu/esco/skill/72c8df9c-b882-4e18-a350-47b75cb04a73	use person-centred planning
pcf:user-centred-analysis	User-centred analysis	2	http://data.europa.eu/esco/skill/ca73ac82-867a-4afa-9732-834aebe896ff	ICT system user requirements
pcf:user-centred-analysis	User-centred analysis	3	http://data.europa.eu/esco/skill/ddfe79e2-c2e3-4ba7-9bdf-3820b4f75b54	identify ICT user needs
pcf:user-centred-analysis	User-centred analysis	4	http://data.europa.eu/esco/skill/a8797f21-1af0-4c5e-98ca-bf1442929363	interact with users to gather requirements
pcf:user-centred-analysis	User-centred analysis	5	http://data.europa.eu/esco/skill/062320e5-79d1-45e8-8b7e-5deeb53279a2	perform online data analysis
pcf:user-centred-analysis	User-centred analysis	6	http://data.europa.eu/esco/skill/a4c2aa71-086f-4a46-b481-2619673c9dfe	execute ICT user research activities
pcf:user-centred-content-design	User-centred content design	1	http://data.europa.eu/esco/skill/72c8df9c-b882-4e18-a350-47b75cb04a73	use person-centred planning
pcf:user-centred-content-design	User-centred content design	2	http://data.europa.eu/esco/skill/e74f4f21-8d45-412c-b5c3-652e6167ee32	content development processes
pcf:user-centred-content-design	User-centred content design	3	http://data.europa.eu/esco/skill/7364cc39-b9c0-449f-9416-57723e2fd9c4	use methodologies for user-centered design
pcf:user-centred-content-design	User-centred content design	4	http://data.europa.eu/esco/skill/fd33c66c-70c4-40e6-b87c-5495bd3bf26e	design user interface
pcf:user-centred-content-design	User-centred content design	5	http://data.europa.eu/esco/skill/4d30ad07-9e39-4899-81dd-02b280f162f9	apply systemic design thinking
pcf:user-centred-content-design	User-centred content design	6	http://data.europa.eu/esco/skill/1019423b-3368-4f83-b24f-19e5fa23e816	software UI design patterns
pcf:user-centred-practice-and-advocacy	User-centred practice and advocacy	1	http://data.europa.eu/esco/skill/72c8df9c-b882-4e18-a350-47b75cb04a73	use person-centred planning
pcf:user-centred-practice-and-advocacy	User-centred practice and advocacy	2	http://data.europa.eu/esco/skill/b45bf486-0c19-4f51-8e76-f2148f082810	design advocacy campaigns
pcf:user-centred-practice-and-advocacy	User-centred practice and advocacy	3	http://data.europa.eu/esco/skill/4d811cac-4efa-4c87-b598-a711eb1575d2	manage advocacy strategies
pcf:user-centred-practice-and-advocacy	User-centred practice and advocacy	4	http://data.europa.eu/esco/skill/f0a1db01-ffbd-4366-8120-add9bd134ffd	supervise advocacy work
pcf:user-centred-practice-and-advocacy	User-centred practice and advocacy	5	http://data.europa.eu/esco/skill/42f8adc8-e4ff-4263-be44-fe9a83ef286e	provide advocacy interpreting services
pcf:user-centred-practice-and-advocacy	User-centred practice and advocacy	6	http://data.europa.eu/esco/skill/3fe84b03-b2a5-450e-9210-10c124af738c	client-centred counselling
pcf:user-experience-insight-analysis	User experience insight analysis	1	http://data.europa.eu/esco/skill/062320e5-79d1-45e8-8b7e-5deeb53279a2	perform online data analysis
pcf:user-experience-insight-analysis	User experience insight analysis	2	http://data.europa.eu/esco/skill/08f0af26-2178-40d2-9267-6d50a7346555	combine business technology with user experience
pcf:user-experience-insight-analysis	User experience insight analysis	3	http://data.europa.eu/esco/skill/07dd856d-6141-48a7-a228-918f88494812	create prototype of user experience solutions
pcf:user-experience-insight-analysis	User experience insight analysis	4	http://data.europa.eu/esco/skill/f263da7f-0708-42c2-b1a9-39083416f632	communicate analytical insights
pcf:user-experience-insight-analysis	User experience insight analysis	5	http://data.europa.eu/esco/skill/d523d7bf-cb3d-4310-9bf3-5670659c9b83	news analytics
pcf:user-experience-insight-analysis	User experience insight analysis	6	http://data.europa.eu/esco/skill/ca73ac82-867a-4afa-9732-834aebe896ff	ICT system user requirements
pcf:user-focus	User focus	1	http://data.europa.eu/esco/skill/cb15ece1-2afd-488c-852d-0b52c13409ef	focus on service
pcf:user-focus	User focus	2	http://data.europa.eu/esco/skill/fdc83a3b-0ea5-4c2e-af42-8cc0ffce5670	focus lighting equipment
pcf:user-focus	User focus	3	http://data.europa.eu/esco/skill/7dc3d869-2a60-425f-8557-ad40eaaefc80	analyse library users' queries
pcf:user-focus	User focus	4	http://data.europa.eu/esco/skill/d6d99ded-08d9-4e2b-b6bf-bc9fc4d266b6	liaise with port users
pcf:user-focus	User focus	5	http://data.europa.eu/esco/skill/f0f2da78-ef60-4653-b2c8-ff0a7a9ea2f8	instruct library users in digital literacy
pcf:user-focus	User focus	6	http://data.europa.eu/esco/skill/e8828961-9e8e-471f-bd24-0673a7e844ef	communicate with social service users
pcf:user-focus-frontend-developer	User focus (frontend developer)	1	http://data.europa.eu/esco/skill/cb15ece1-2afd-488c-852d-0b52c13409ef	focus on service
pcf:user-focus-frontend-developer	User focus (frontend developer)	2	http://data.europa.eu/esco/skill/fdc83a3b-0ea5-4c2e-af42-8cc0ffce5670	focus lighting equipment
pcf:user-focus-frontend-developer	User focus (frontend developer)	3	http://data.europa.eu/esco/skill/7dc3d869-2a60-425f-8557-ad40eaaefc80	analyse library users' queries
pcf:user-focus-frontend-developer	User focus (frontend developer)	4	http://data.europa.eu/esco/skill/d6d99ded-08d9-4e2b-b6bf-bc9fc4d266b6	liaise with port users
pcf:user-focus-frontend-developer	User focus (frontend developer)	5	http://data.europa.eu/esco/skill/f0f2da78-ef60-4653-b2c8-ff0a7a9ea2f8	instruct library users in digital literacy
pcf:user-focus-frontend-developer	User focus (frontend developer)	6	http://data.europa.eu/esco/skill/e8828961-9e8e-471f-bd24-0673a7e844ef	communicate with social service users
pcf:user-research-methods	User research methods	1	http://data.europa.eu/esco/skill/88b9ac3d-1c1d-44d1-9584-c4f5dd2503b3	improve user-friendliness
pcf:user-research-methods	User research methods	2	http://data.europa.eu/esco/skill/5e14de3d-d055-427e-9f5b-eb068f56b019	research website users
pcf:user-research-methods	User research methods	3	http://data.europa.eu/esco/skill/08a2ff87-09e7-4899-a47c-8ab81702d08d	aid archive users with their enquiries
pcf:user-research-methods	User research methods	4	http://data.europa.eu/esco/skill/a4c2aa71-086f-4a46-b481-2619673c9dfe	execute ICT user research activities
pcf:user-research-methods	User research methods	5	http://data.europa.eu/esco/skill/ddfe79e2-c2e3-4ba7-9bdf-3820b4f75b54	identify ICT user needs
pcf:user-research-methods	User research methods	6	http://data.europa.eu/esco/skill/e9e08a59-f697-434c-a955-39623650be9d	assess healthcare users' risk for harm
pcf:web-performance-optimisation	Web performance optimisation	1	http://data.europa.eu/esco/skill/3369d4f5-bfa7-47dc-b61f-e74d0d91bf74	optimise financial performance
pcf:web-performance-optimisation	Web performance optimisation	2	http://data.europa.eu/esco/skill/a0bf9b9d-e53f-418c-a839-5d99eff718fe	conduct search engine optimisation
pcf:web-performance-optimisation	Web performance optimisation	3	http://data.europa.eu/esco/skill/10026df1-670d-4c75-b3d5-ee0037f9d59b	lead process optimisation
pcf:web-performance-optimisation	Web performance optimisation	4	http://data.europa.eu/esco/skill/e437eba1-3e22-41f2-8703-741e94785cba	human resource management
pcf:web-performance-optimisation	Web performance optimisation	5	http://data.europa.eu/esco/skill/1605025e-a179-421f-8f35-5b07d182a6b2	web analytics
pcf:web-performance-optimisation	Web performance optimisation	6	http://data.europa.eu/esco/skill/5d1f71c1-fe52-4ade-b43d-5fc85ee16ad3	manage gambling operation
pcf:working-within-constraints-performance-analyst	Working within constraints (performance analyst)	1	http://data.europa.eu/esco/skill/bf6c5ed4-84af-440f-abcc-7fa5ba19c738	real-time computing
pcf:working-within-constraints-performance-analyst	Working within constraints (performance analyst)	2	http://data.europa.eu/esco/skill/3c76296d-4bbd-44ba-8eaa-95bf275f79b7	manage ICT project
pcf:working-within-constraints-performance-analyst	Working within constraints (performance analyst)	3	http://data.europa.eu/esco/skill/a01cf14b-f912-4b5b-a1a4-b4a2182d6f21	network within the writing industry
pcf:working-within-constraints-performance-analyst	Working within constraints (performance analyst)	4	http://data.europa.eu/esco/skill/d1545021-b9df-4f55-b544-b1b27587e0fc	work in drilling teams
pcf:working-within-constraints-performance-analyst	Working within constraints (performance analyst)	5	http://data.europa.eu/esco/skill/a8081afe-46ff-425d-9d9f-f4033b3f84f6	monitor the conformance to the project methodology
pcf:working-within-constraints-performance-analyst	Working within constraints (performance analyst)	6	http://data.europa.eu/esco/skill/bc401d18-9bea-4300-90fd-22bfa286bd77	apply socially just working principles
