Timestamp,Page,Change note
2026-09-30,Homepage,The domain name of the site has changed to better reflect the name for the profession and meet government standards for service domains. The site is now found at 'understand-digital-data-roles-skills.service.gov.uk' instead of 'ddat-capability-framework.service.gov.uk'.
2026-09-28,Analytics engineer,Corrected an error in the lead analytics engineer role level. The level was displaying the 'working' description for the skill 'turning business problems into data design'. This has been corrected to display the 'practitioner' description.
2026-08-28,Accessibility specialist,The most common Civil Service job grades for the level 'junior accessibility specialist' have been updated from ‘EO’ to ‘EO and HEO’. This change reflects the latest data on the most common grades for jobs at this role level across government.
2026-08-28,Agile coach,"First published.
[About the work to develop this role description and who was involved](/project-agile-coach-new-role/)."
2026-08-28,Analytics engineer,"The most common Civil Service job grades for two levels have been updated:
- analytics engineer - from ‘HEO’ to ‘HEO and SEO’
- senior analytics engineer - from ‘SEO’ to ‘SEO and G7’
These changes reflect the latest data on the most common grades for jobs at these role levels across government."
2026-08-28,Application operations engineer,"The most common Civil Service job grades for two levels have been updated:
- application operations engineer - from ‘EO’ to ‘EO and HEO'
- principal application operations engineer - from ‘G7’ to 'G7 and G6'
This change reflects the latest data on the most common grades for jobs at this role level across government."
2026-08-28,Business analyst,"Some skills required by the business analyst role have been updated:
- business modelling - updated to incorporate relevant parts of the removed skill ‘enterprise and business architecture (business analysis)'
- business and user acceptance testing - renamed and updated to be more specific for a business analysis context, was previously 'testing (business analysis)'
- user experience insight analysis - renamed and updated to be more specific for a business analysis context - was previously 'user experience analysis'. A description for 'expert' level has been created and is required by 'head of business analysis'.
The role now requires the new skill 'change, benefits and adoption analysis'.
The skill 'enterprise and business architecture (business analyst)' has been removed from the role.
The most common Civil Service job grades for two levels have been updated:
- trainee business analyst - from ‘AO and EO' to 'EO'
- lead business analyst - from 'G7 and G6' to 'G7'
These changes reflect the latest data on the most common grades for jobs at these role levels across government."
2026-08-28,Business relationship manager,"The role has a new level of 'head of business relationship management'.
The description for the level 'lead business relationship manager' has been updated to accommodate the new level.
[About the work to add a new level and who was involved](/project-business-relationship-manager-new-role-level/)."
2026-08-28,Change and release manager,"The most common Civil Service job grades for two levels have been updated:
- configuration analyst - from ‘EO and HEO' to 'EO, HEO and SEO'
- change and release manager - from 'HEO and SEO' to 'HEO, SEO and G7'
These changes reflect the latest data on the most common grades for jobs at these role levels across government."
2026-08-28,Content designer,The most common Civil Service job grades for the level 'head of content design' have been updated from ‘G6’ to ‘G7 and G6’. This change reflects the latest data on the most common grades for jobs at this role level across government.
2026-08-28,Data and artificial intelligence (AI) ethicist,"The name of the role has been updated to 'data and artificial intelligence (AI) ethicist' to reflect changes in its scope and typical responsibilities across the public sector.
The role has two new levels of 'data and AI ethicist' and 'senior data and AI ethicist'.
The lead level has been renamed 'lead data and AI ethicist' to be consistent with framework naming conventions for roles.
Role and role level descriptions have been updated to reflect all these changes.
Some skills required by the role have been updated so that the new levels can require them and to better meet guidelines for framework skill descriptions:
- analysis and synthesis for data and AI ethics - level descriptions added and renamed, previously 'analysis and synthesis (data ethics)'
- applied empathy and inclusivity - level descriptions added and renamed, previously 'empathy and inclusivity'
- applied social sciences - level descriptions added
- data and AI ethics communication - level descriptions added and renamed, previously 'communication (data ethics)
- managing decisions and risk - corrected by moving requirements that were incorrectly in 'awareness' level description to the 'working' level
- data and AI ethics product management - level descriptions added and renamed, previously 'product ownership (data ethics)"
2026-08-28,Delivery manager,The most common Civil Service job grades for the level 'delivery manager' have been updated from ‘HEO and SEO’ to ‘SEO and G7’. This change reflects the latest data on the most common grades for jobs at this role level across government.
2026-08-28,Digital evaluator,Digital evaluator now includes Civil Service job grades that reflect the latest data on the most common grades for jobs at each level of the role across government.
2026-08-28,Digital portfolio manager,The most common Civil Service job grades for the level 'head of portfolio' have been updated from ‘G7 and G6’ to 'G6’. This change reflects the latest data on the most common grades for jobs at this role level across government.
2026-08-28,Frontend developer,"The most common Civil Service job grades for the level 'frontend developer' have been updated from ‘HEO and SEO’ to 'HEO, SEO and G7’. This change reflects the latest data on the most common grades for jobs at this role level across government."
2026-08-28,Infrastructure engineer,The most common Civil Service job grades for the level 'associate infrastructure engineer' have been updated from ‘EO and HEO’ to 'EO’. This change reflects the latest data on the most common grades for jobs at this role level across government.
2026-08-28,Interaction designer,The most common Civil Service job grades for the level 'interaction designer' have been updated from ‘HEO and SEO’ to 'SEO and G7’. This change reflects the latest data on the most common grades for jobs at this role level across government.
2026-08-28,Machine learning engineer,"The most common Civil Service job grades for two levels have been updated:
- senior machine learning engineer - from ‘G7' to 'SEO, G7 and G6'
- lead senior machine learning engineer - from 'G6' to 'G7 and G6'
These changes reflect the latest data on the most common grades for jobs at these role levels across government."
2026-08-28,Performance analyst,"The most common Civil Service job grades for two levels have been updated:
- lead performance analyst - from ‘G7 and G6' to 'G7'
- head of performance analysis - from 'G6' to 'G7 and 'G6'
These changes reflect the latest data on the most common grades for jobs at these role levels across government."
2026-08-28,Quality assurance test analyst,"The most common Civil Service job grades for two levels have been updated:
- associate quality assurance test analyst - from ‘EO and 'HEO' to 'EO'
- senior quality assurance test analyst - from 'SEO and G6' to 'HEO and SEO'
These changes reflect the latest data on the most common grades for jobs at these role levels across government."
2026-08-28,Security architect,"The most common Civil Service job grades for the level 'security architect' have been updated from ‘HEO and SEO’ to 'HEO, SEO and G7’. This change reflects the latest data on the most common grades for jobs at this role level across government."
2026-08-28,Service transition manager,"The most common Civil Service job grades for two levels have been updated:
- service acceptance analyst - from ‘AO and EO' to 'EO and HEO'
- service readiness analyst - from 'HEO' to 'HEO and SEO'
These changes reflect the latest data on the most common grades for jobs at these role levels across government."
2026-08-28,Solution architect,"The most common Civil Service job grades for three levels have been updated:
- associate solution architect - from ‘HEO' to 'HEO and SEO'
- solution architect - from 'SEO' to 'SEO and G7'
- lead solution architect - from 'G6' to 'G7 and G6'
These changes reflect the latest data on the most common grades for jobs at these role levels across government."
2026-08-28,Technical architect,The most common Civil Service job grades for the level 'associate technical architect' have been updated from ‘HEO and SEO’ to 'EO and HEO’. This change reflects the latest data on the most common grades for jobs at this role level across government.
2026-08-28,Test engineer,"The most common Civil Service job grades for two levels have been updated:
- associate test engineer - from ‘EO and HEO' to 'EO'
- lead test engineer - from 'G7 and G6' to 'SEO, G7 and G6'
These changes reflect the latest data on the most common grades for jobs at these role levels across government."
2026-08-28,Homepage,"[Agile coach](/role/agile-coach/) has been added to the framework.
[Business analyst](/role/business-analyst/) has updated skills.
[Business relationship manager](/role/business-relationship-manager/) has a new role level of 'head of business relationship management', and an updated lead level.
Data ethicist has been renamed '[data and artificial intelligence (AI) ethicist](/role/data-and-ai-ethicist/)'. 2 new levels have been added to the role and all role level descriptions have been updated to reflect this change. Some skills required by this role have been updated so that the 2 new levels can require them.
The skills 'change, benefits and adoption analysis’ and 'coaching in an agile environment' have been added to the [Skills A to Z](/skills/).
The skill 'enterprise and business architecture (business analysis)' has been removed from the Skills A to Z.
10 skills have been updated to improve accuracy, clarity and consistency with the rest of the framework:
- analysis and synthesis for data and AI ethics, previously 'analysis and synthesis (data ethics)'
- applied social sciences
- applied empathy and inclusivity, previously 'empathy and inclusivity'
- business modelling
- business and user acceptance testing, previously 'testing (business analysis)'
- managing decisions and risk
- data and AI ethics communication, previously 'communication (data ethics)
- data and AI ethics product management, previously 'product ownership (data ethics)
- ownership and initiative
- user experience insight analysis, previously 'user experience analysis'
The most common [Civil Service job grades](/job-grades/) included in 34 role level descriptions have been updated. These changes reflect the latest data on the most common grades for jobs at these role levels across government."
2026-05-29,Analytics engineer,The skill 'data innovation' has been updated to better meet guidelines for skills in the framework.
2026-05-29,Content designer,"The content designer role description has been updated with a new set of skills.
The role now requires the skills:
- content management and architecture
- design communication
- designing for everyone
- designing strategically
- designing together
- evidence-based design
- iterative design
- leading design
These skill descriptions have been removed from the role:
- agile working (content design)
- content concepts and prototyping
- stakeholder relationship management (content design)
- strategic thinking (content design)
- user focus (content design)
- user-centred content design
[How the skills for content designers were updated (Design in government blog)](https://designnotes.blog.gov.uk/2026/06/09/updating-the-skills-content-designers-need-in-government/)
The description for the role level 'junior content designer' has been updated to remove the reference to having a graduate degree. This follows guidelines for role descriptions in the framework."
2026-05-29,Data architect,The skill 'data innovation' has been updated to better meet guidelines for skills in the framework.
2026-05-29,Data engineer,"The skill 'technical understanding' has been removed from the role.
The skill 'data innovation' has been updated to better meet guidelines for skills in the framework."
2026-05-29,Data governance manager,The skill 'data innovation' has been updated to better meet guidelines for skills in the framework.
2026-05-29,Graphic designer,"The descriptions of the design skills required by this role have been updated to improve accuracy, clarity or make them usable by other roles in the framework."
2026-05-29,Interaction designer,"The descriptions of the design skills required by this role have been updated to improve accuracy, clarity or make them usable by other roles in the framework."
2026-05-29,Service designer,"The descriptions of the design skills required by this role have been updated to improve accuracy, clarity or make them usable by other roles in the framework."
2026-05-29,Homepage,"[Content designer](/role/content-designer) has a new list of skills.
[Data engineer](/role/data-engineer) has an updated list of skills.
The skill 'content management and architecture’ has been added to the [Skills A to Z](/skills).
8 skills have been updated to improve accuracy, clarity or consistency with the rest of the framework:
- data innovation
- design communication
- designing for everyone
- designing strategically
- designing together
- evidence-based design
- iterative design
- leading design
5 skills have been removed from the Skills A to Z as they are no longer required by any role:
- agile working (content design)
- content concepts and prototyping
- stakeholder relationship management (content design)
- strategic thinking (content design)
- user focus (content design)"
2025-11-28,Analytics engineer,"The skill ‘programming and build (data and analytics engineering)’, previously ‘programming and build (data engineering)’ has been updated."
2025-11-28,Business analyst,"The skills ‘business modelling’, ‘digital and data systems analysis’, previously ‘systems analysis’, and ‘defining and managing user and business needs’, previously ‘requirements definition and management’ have been updated.
Trainee business analyst now requires the awareness level of 'business modelling'.
The skill ‘consultancy’ has been removed from the role."
2025-11-28,Data engineer,"The skills ‘data development process management’, ‘data integration design’ and programming and build (data and analytics engineering), previously ‘programming and build (data engineering)’ have been updated.‘
The skill ‘testing’ has been removed from the role."
2025-11-28,Test engineer,The test engineer role has a new role description and new role level descriptions.
2025-11-28,Test manager,The test manager role has a new role description and new role level descriptions.
2025-11-28,Homepage,"[Business analyst](/role/business-analyst) has updated skills.
[Data engineer](/role/data-engineer) has updated skills.
[Test engineer](/role/test-engineer) has an updated role description and role level descriptions.
[Test manager](/role/test-manager) has an updated role description and role level descriptions.
The skill 'data compliance and security’ has been added to the [Skills A to Z](/skills).
6 skills have been updated to improve accuracy, clarity and consistency with the rest of the framework:
- business modelling
- data development process management
- data integration design
- digital and data systems analysis, previously ‘systems analysis’
- defining and managing user and business needs, previously ‘requirements definition and management’
- programming and build (data and analytics engineering), previously ‘programming and build (data engineering)’"
2025-10-10,Homepage,"[Roadmap](/roadmap) page published. This page explains what's been recently delivered, what the Capability Framework team is working on now, and what’s coming up next."
2025-08-29,Application operations engineer,The most common [Civil Service job grades](/job-grades) for associate application operations engineer have been updated from ‘AO and EO’ to ‘EO’. This change reflects the latest data on the most common grades for jobs at this role level across government.
2025-08-29,Business analyst,"The business analyst role now includes the new skill ‘context, problem and option analysis’.
The skill ‘business analysis’ has been removed from the role."
2025-08-29,Business relationship manager,"The business relationship manager role has been updated. This includes a new role description, role level descriptions and some updated skills.
The skills ‘asset and configuration management’ and ‘IT service reporting’ have been removed from the role."
2025-08-29,Change and release manager,The most common [Civil Service job grades](/job-grades) for configuration analyst have been updated from ‘AO and EO’ to ‘EO and HEO’. This change reflects the latest data on the most common grades for jobs at this role level across government.
2025-08-29,Chief data officer,"The skills 'capability building for digital, data and technology’ and ‘innovation in digital, data and technology’ have been updated."
2025-08-29,Chief digital and information officer,First published.
2025-08-29,Chief information security officer,"The skills 'capability building for digital, data and technology’ and ‘innovation in digital, data and technology’ have been updated."
2025-08-29,Chief technology officer,"The skills 'capability building for digital, data and technology’ and ‘innovation in digital, data and technology’ have been updated."
2025-08-29,Command and control centre manager,The most common [Civil Service job grades](/job-grades) for senior operations analyst have been updated from ‘HEO and SEO’ to ‘SEO’. This change reflects the latest data on the most common grades for jobs at this role level across government.
2025-08-29,Content designer,"The most common [Civil Service job grades](/job-grades) for associate content designer have been updated from ‘AO and EO’ to ‘EO’. This change reflects the latest data on the most common grades for jobs at this role level across government.
Corrected an error in the content designer role level. The level was displaying the practitioner level description for the skill 'strategic thinking'. This has been corrected to 'strategic thinking (content design)' to match the other role levels."
2025-08-29,Data analyst,"The data analyst role has been updated. This includes a new role description, role level descriptions and some updated skills.
The role level ‘associate analyst’ has been renamed ‘associate data analyst’.
The role now includes the new skills ‘delivering business impact through data’ and ‘managing a data project’.
The skill ‘project management’ has been removed from the role."
2025-08-29,Data and artificial intelligence (AI) ethicist,The most common [Civil Service job grades](/job-grades) for data ethics lead have been updated from ‘G7’ to ‘SEO and G7’. This change reflects the latest data on the most common grades for jobs at this role level across government.
2025-08-29,Data governance manager,The most common [Civil Service job grades](/job-grades) for data governance manager have been updated from ‘SEO and G7’ to ‘HEO and SEO’. This change reflects the latest data on the most common grades for jobs at this role level across government.
2025-08-29,Data scientist,The most common [Civil Service job grades](/job-grades) for head of data science have been updated from ‘G6’ to ‘G7 and G6’. This change reflects the latest data on the most common grades for jobs at this role level across government.
2025-08-29,Delivery manager,The most common Civil Service job grades for senior delivery manager have been updated from ‘SEO and G7’ to ‘G7’. This change reflects the latest data on the most common grades for jobs at this role level across government.
2025-08-29,Development operations (DevOps) engineer,The most common [Civil Service job grades](/job-grades) for junior DevOps engineer have been updated from ‘EO and HEO’ to ‘EO’. The grade for principal DevOps engineer has been updated from ‘G7 and G6’ to ‘G6’. These changes reflect the latest data on the most common grades for jobs at these role levels across government.
2025-08-29,End user computing engineer,The most common [Civil Service job grades](/job-grades) for associate end user computing engineer have been updated from ‘AO and EO’ to ‘EO’. The grade for principal end user computing engineer has been updated from ‘G7 and G6’ to ‘G6’. These changes reflect the latest data on the most common grades for jobs at these role levels across government.
2025-08-29,Graphic designer,"The skill ‘iterative design’ has had an error corrected in the 'awareness' level description, where the second requirement had included text duplicated from the third."
2025-08-29,Infrastructure engineer,The most common [Civil Service job grades](/job-grades) for principal infrastructure engineer have been updated from ‘G6’ to ‘G7 and G6’. This change reflects the latest data on the most common grades for jobs at this role level across government.
2025-08-29,Interaction designer,"The most common [Civil Service job grades](/job-grades) for associate interaction designer have been updated from ‘AO and EO’ to ‘EO’. This change reflects the latest data on the most common grades for jobs at this role level across government.
The skill ‘iterative design’ has had an error corrected in the 'awareness' level description, where the second requirement had included text duplicated from the third."
2025-08-29,IT service manager,The most common [Civil Service job grades](/job-grades) for IT service analyst have been updated from ‘EO and HEO’ to ‘AO and EO’. This change reflects the latest data on the most common grade for jobs at this role level across government.
2025-08-29,Quality assurance test analyst,The quality assurance test analyst role has a new role description and new role level descriptions.
2025-08-29,Service designer,"The skill ‘iterative design’ has had an error corrected in the 'awareness' level description, where the second requirement had included text duplicated from the third."
2025-08-29,Service transition manager,The most common [Civil Service job grades](/job-grades) for service readiness analyst have been updated from ‘EO and HEO’ to ‘HEO’. The indicative grade for service transition manager has been updated from ‘HEO and SEO’ to ‘SEO and G7’. These changes reflect the latest data on the most common grades for jobs at these role levels across government.
2025-08-29,Software developer,The most common [Civil Service job grades](/job-grades) for principal developer have been updated from ‘G6’ to ‘G7 and G6’. This change reflects the latest data on the most common grade for jobs at this role level across government.
2025-08-29,Technical architect,The most common [Civil Service job grades](/job-grades) for senior technical architect have been updated from ‘G7’ to ‘SEO and G7’. This change reflects the latest data on the most common grade for jobs at this role level across government.
2025-08-29,User researcher,The most common [Civil Service job grades](/job-grades) for head of user research have been updated from ‘G6’ to ‘G7 and G6’. This change reflects the latest data on the most common grade for jobs at this role level across government.
2025-08-29,Homepage,"[Business analyst](/role/business-analyst) has updated skills.
[Business relationship manager ](/role/business-relationship-manager)has updated skills, role description and role level description.
[Chief digital and information officer](/role/chief-digital-and-information-officer) has been added to the framework.
[Data analyst](/role/data-analyst) has updated skills, role description and role level descriptions.
[Quality assurance test analyst ](/role/quality-assurance-test-analyst)has updated role description and role level descriptions.
The skills 'context, problem and option analysis’, ‘delivering business impact through data’, ‘ensuring resilience of digital, data and technology (Senior Civil Service)’, ‘financial management for digital, data and technology (Senior Civil Service)’, ‘leading digital products and services (Senior Civil Service)’, ‘making strategic performance-led change (Senior Civil Service)’, ‘managing a data project’, ‘optimising technology and data architecture (Senior Civil Service)’ and ‘shaping the direction of organisational strategy through digital, data and technology (Senior Civil Service)’ have been added to the [Skills A to Z](/skills).
The skills ‘project management’ and ‘business analysis’ have been removed from the [Skills A to Z](/skills).
4 skills have been updated to improve accuracy, clarity and consistency with the rest of the framework: 'capability building for digital, data and technology (Senior Civil Service)’, ‘innovation in digital, data and technology (Senior Civil Service)’, ‘service focus’ and ‘strategic thinking’.
The most common [Civil Service job grades](/job-grades) for 20 role levels have been updated. These changes reflect the latest data on the most common grades for jobs at these role levels across government."
2025-07-25,Homepage,"[Civil Service job grades](/job-grades) page published. This page is linked from every role level to provide more information about the grades they include, for example, explaining that grades are not mandatory and how they are calculated.
[Download framework content](/download) page published. It offers links to download CSV files containing role descriptions, skill descriptions and change notes."
2025-05-30,Business analyst,"The business analyst role has been refreshed with updated skills. The role now includes the new skill ‘adapting to delivery methodologies’ and the updated skill ‘business process improvement’.
These skills have been removed from the role: 'agile working', ‘business process testing’ and 'methods and tools’."
2025-05-30,Data analyst,"The data analyst role has been refreshed with updated skills. The role now includes the new skills ‘applying statistical and analytical tools and techniques’, ‘data ethics and privacy’, ‘data preparation and linkage’ and ‘developing code for analysis’, and the updated skill ‘data visualisation’.
These skills have been removed from the role: 'analysis and synthesis (data analyst)’, ‘data modelling, cleansing and enrichment’, ‘data quality assurance, validation and linkage’, ‘IT and mathematics’, ‘logical and creative thinking’ and ‘statistical methods and data analysis’."
2025-05-30,Data and artificial intelligence (AI) ethicist,"The data ethicist role now includes the new skill ‘data ethics and privacy’.
The skill ‘ethics and privacy’ has been removed from the role."
2025-05-30,Data governance manager,"The data governance manager role now includes the new skill ‘data ethics and privacy’.
The skill ‘data regulation and ethics’ has been removed from the role.
The skill 'communicating analysis and insight’ has been updated."
2025-05-30,Data scientist,"The data scientist role now includes the new skill ‘data ethics and privacy’.
The skill ‘ethics and privacy (data science)’ has been removed from the role."
2025-05-30,Digital evaluator,"First published.
[Why the digital evaluator role was developed (Digital Trade blog)](https://digitaltrade.blog.gov.uk/2026/02/12/a-new-evaluator-role-to-support-modern-digital-government/)."
2025-05-30,Digital portfolio manager,"The skill 'communicating analysis and insight’ has been updated.
The skill 'governance and assurance' has been updated."
2025-05-30,Machine learning engineer,"The machine learning engineer role now includes the new skill ‘data ethics and privacy’.
The skill ‘ethics and privacy (data science)’ has been removed from the role."
2025-05-30,Network architect,The skill 'governance and assurance' has been updated.
2025-05-30,Performance analyst,"The skill 'communicating analysis and insight’ has been updated.
The skill ‘verification and validation of data and analysis' has been updated and renamed 'quality assurance of data and analysis'. This is to better reflect the requirements of the skill and for consistency across the framework."
2025-05-30,Quality assurance test analyst,"The quality assurance testing (QAT) analyst role has been renamed quality assurance test analyst. All 4 role levels have been updated: associate quality assurance testing analyst, quality assurance test analyst, senior quality assurance test analyst and lead quality assurance test analyst.
The role has been refreshed with updated skills. The role now includes the new skills ‘communicating between the technical and non-technical’, ‘designing and executing tests’, ‘managing, reporting and resolving defects’, ‘test and quality planning’ and ‘test engineering’, and the updated skill ‘test analysis’.
These skills have been removed from the role: 'functional testing’, ‘non-functional testing’ and ‘technical breadth’."
2025-05-30,Service owner,"The service owner has been fully updated. This includes a new role description and role level description.
The role has been refreshed with updated skills. The role now includes the new skills 'adapting to delivery methodologies’, ‘governance and assurance’, ‘leading performance and benefits’ and 'stakeholder relationship management', and the updated skills ‘financial ownership’ and ‘operational management’.
These skills have been removed from the role: 'agile working', ‘Government Digital and Data perspective’, ‘problem management’ and ‘product ownership’.
[How we transformed the service owner role (Digital people blog)](https://digitalpeople.blog.gov.uk/2025/07/17/how-we-transformed-the-service-owner-role-on-the-capability-framework/)"
2025-05-30,Test engineer,"The role level tester (test engineer) has been renamed associate test engineer.
The test engineer role has been refreshed with updated skills. The role now includes the new skills ‘communicating between the technical and non-technical’, ‘designing and executing tests’, ‘managing, reporting and resolving defects’ and ‘test and quality planning’, ‘test engineering’, and the updated skill ‘test analysis’.
These skills have been removed from the role: 'functional testing’, ‘non-functional testing’ and ‘technical breadth’."
2025-05-30,Test manager,"The test manager role has been refreshed with updated skills. The role now includes the new skills ‘communicating between the technical and non-technical’, ‘designing and executing tests’, ‘managing, reporting and resolving defects’, ‘test and quality planning’ and ‘test engineering’, and the updated skill ‘test analysis’.
These skills have been removed from the role: 'functional testing’, ‘non-functional testing’ and ‘technical breadth’."
2025-05-30,Homepage,"[Business analyst](/role/business-analyst) has updated skills.
[Data analyst](/role/data-analyst) has updated skills.
[Digital evaluator](/role/digital-evaluator) has been added to the framework.
Quality assurance testing (QAT) analyst has been renamed [quality assurance test analyst](/role/quality-assurance-test-analyst). All 4 role levels have been renamed to reflect this change. The role has updated skills.
[Test engineer](/role/test-engineer) has updated skills. The role level 'tester (test engineer)' has been renamed associate test engineer.
[Test manager ](/role/test-manager)has updated skills.
[Service owner](/role/service-owner) has an updated role description, role level description and skills.
The skills 'adapting to delivery methodologies’, ‘applying statistical and analytical tools and techniques’, ‘applying test types and techniques’, ‘data ethics and privacy’, ‘data preparation and linkage’, ‘designing and executing tests’, ‘developing code for analysis’, evaluation delivery’, ‘evaluation planning and strategy’, ‘leading performance and benefits’, ‘managing, reporting and resolving defects’, 'monitoring and evaluation across the product life cycle', ‘product and service monitoring’, ‘test and quality planning’ and ‘test engineering’ have been added to the [Skills A to Z](/skills).
The skills ‘analysis and synthesis (data analyst)’, ‘business process testing’, ‘data quality assurance, validation and linkage’, ‘data regulation and ethics’, ‘ethics and privacy’, ‘ethics and privacy (data science)’, ‘functional testing’, ‘Government Digital and Data perspective’, ‘IT and mathematics’, ‘logical and creative thinking’, ‘non-functional testing’, ‘product ownership’, ‘statistical methods and data analysis’ and ‘technical breadth' have been removed from the [Skills A to Z](/skills).
The skill ‘verification and validation of data and analysis' has been updated and renamed 'quality assurance of data and analysis'. This is to better reflect the requirements of the skill and for consistency across the framework.
8 skills have been updated to improve accuracy, clarity and consistency with the rest of the framework: 'business process improvement’, ‘communicating analysis and insight’, ‘data visualisation’, ‘financial ownership’, governance and assurance’, ‘operational management’, ‘test analysis’ and ‘quality assurance of data and analysis’."
2025-02-28,Analytics engineer,"The skill 'communicating between the technical and non-technical' has been updated. The level descriptions were edited to improve clarity and to better meet the definitions for each level.
Analytics engineer now includes Civil Service job grades that reflect how each role level is commonly graded across government. This information is taken from the Digital and Data Workforce Planning Commission and is indicative only, different departments may use different grades."
2025-02-28,Business analyst,"The skill 'stakeholder relationship management (business analyst)' has been removed from the role.
Business analyst now includes the skill 'stakeholder relationship management'.
The indicative grades for the role level 'lead business analyst' have been corrected to 'G7 and G6'. This is based on data on the most common grades for this role level across government. Previously the grade was displayed as G7."
2025-02-28,Business architect,"The skill 'stakeholder relationship management' has been updated. The level descriptions were edited to improve clarity and to better meet the definitions of each level.
Business architect now includes Civil Service job grades that reflect how each role level is commonly graded across government. This information is taken from the Digital and Data Workforce Planning Commission and is indicative only, different departments may use different grades."
2025-02-28,Content strategist,The skill 'stakeholder relationship management' has been updated. The level descriptions were edited to improve clarity and to better meet the definitions of each level.
2025-02-28,Data analyst,"The skill 'communicating between the technical and non-technical' has been updated. The level descriptions were edited to improve clarity and to better meet the definitions for each level.
The skill 'data management' has been updated. The level descriptions were edited to improve clarity and to better meet the definitions for each level."
2025-02-28,Data and artificial intelligence (AI) ethicist,"The skill 'communicating between the technical and non-technical' has been updated. The level descriptions were edited to improve clarity and to better meet the definitions for each level.
The skill 'stakeholder relationship management' has been updated. The level descriptions were edited to improve clarity and to better meet the definitions of each level."
2025-02-28,Data architect,The skill 'communicating between the technical and non-technical' has been updated. The level descriptions were edited to improve clarity and to better meet the definitions for each level.
2025-02-28,Data engineer,The skill 'communicating between the technical and non-technical' has been updated. The level descriptions were edited to improve clarity and to better meet the definitions for each level.
2025-02-28,Data governance manager,"The skill 'communicating between the technical and non-technical' has been updated. The level descriptions were edited to improve clarity and to better meet the definitions for each level.
The skill 'data management' has been updated. The level descriptions were edited to improve clarity and to better meet the definitions for each level.
The skill 'stakeholder relationship management' has been updated. The level descriptions were edited to improve clarity and to better meet the definitions of each level."
2025-02-28,Delivery manager,"The skill 'life cycle perspective' has been renamed 'life cycle management'. This is to better reflect the requirements of the skill and for consistency across the framework.
The skill 'communicating between the technical and non-technical' has been updated. The level descriptions were edited to improve clarity and to better meet the definitions for each level.
The skill 'Agile and Lean practices' has been updated. The level descriptions were edited to improve clarity and to better meet the definitions for each level."
2025-02-28,Digital portfolio manager,"The skill 'stakeholder relationship management' has been updated. The level descriptions were edited to improve clarity and to better meet the definitions of each level.
Digital portfolio manager now includes Civil Service job grades that reflect how each role level is commonly graded across government. This information is taken from the Digital and Data Workforce Planning Commission and is indicative only, different departments may use different grades. This change is based on the latest data on the most common grades for these role levels across government."
2025-02-28,Frontend developer,Corrected an error in the skill 'user focus (frontend developer)'. The requirement of 'explain the difference between user needs and the desires of the user. You champion user research to focus on all users' has been separated to two bullets.
2025-02-28,Machine learning engineer,"The skill 'communicating between the technical and non-technical' has been updated. The level descriptions were edited to improve clarity and to better meet the definitions for each level.
Machine learning engineer now includes Civil Service job grades that reflect how each role level is commonly graded across government. This information is taken from the Digital and Data Workforce Planning Commission and is indicative only, different departments may use different grades."
2025-02-28,Product manager,"The product manager role has been refreshed with updated descriptions for the role and each role level, and updated skills. The role now includes the new skills 'applying user-centred insights', 'creating value for money', 'managing product outcomes', 'product leadership', 'product management' and 'stakeholder relationship management'.
The skill 'life cycle perspective' has been renamed 'life cycle management'. This is to better reflect the requirements of the skill and for consistency across the framework.
The skills 'agile working', 'operational management', 'problem management' and 'working within constraints' have been removed from the product manager role.
The skill 'strategic ownership' has been updated. The level descriptions were edited to improve clarity and to better meet the definitions for each level.
[How the product manager role and skill descriptions were updated (Digital people blog)](https://digitalpeople.blog.gov.uk/2025/03/20/updating-the-product-manager-role-and-skills-on-the-government-digital-and-data-capability-framework/)"
2025-02-28,Programme delivery manager,"The skill 'life cycle perspective' has been renamed 'life cycle management'. This is to better reflect the requirements of the skill and for consistency across the framework.
The skill 'communicating between the technical and non-technical' has been updated. The level descriptions were edited to improve clarity and to better meet the definitions for each level.
The skill 'Agile and Lean practices' has been updated. The level descriptions were edited to improve clarity and to better meet the definitions for each level."
2025-02-28,Service owner,"The skill 'life cycle perspective' has been renamed 'life cycle management'. This is to better reflect the requirements of the skill and for consistency across the framework.
The skill 'strategic ownership' has been updated. The level descriptions were edited to improve clarity and to better meet the definitions for each level.
Service owner now includes the skill 'applying user insights'.
The skill 'user focus' has been removed from the service owner role."
2025-02-28,Solution architect,"Solution architect now includes Civil Service job grades that reflect how each role level is commonly graded across government. This information is taken from the Digital and Data Workforce Planning Commission and is indicative only, different departments may use different grades. This change is based on the latest data on the most common grades for these role levels across government."
2025-02-28,Technical writer,The skill 'stakeholder relationship management' has been updated. The level descriptions were edited to improve clarity and to better meet the definitions of each level.
2025-02-28,User researcher,The skill 'stakeholder relationship management' has been updated. The level descriptions were edited to improve clarity and to better meet the definitions of each level.
2025-02-28,Homepage,"[Product manager](/role/product-manager) has an updated role description, role level descriptions and skills.
The skills 'applying user-centred insights', 'creating value for money', 'managing product outcomes', 'product leadership' and 'product management' have been added to the [Skills A to Z](/skills).
The skills 'working within constraints' and 'stakeholder relationship management (business analyst)' have been removed from the [Skills A to Z](/skills).
The skill 'life cycle perspective' has been renamed 'life cycle management'. This is to better reflect the requirements of the skill and for consistency across the framework.
6 skills have been updated to improve accuracy, clarity and consistency with the rest of the framework: 'Agile and Lean practices', 'communicating between the technical and non-technical', 'data management', 'life cycle management', 'strategic ownership' and 'stakeholder relationship management'.
[Analytics engineer](/role/analytics-engineer), [business architect](/role/business-architect), [digital portfolio manager](/role/digital-portfolio-manager), [machine learning engineer](/role/machine-learning-engineer) and [solution architect](/role/solution-architect) now display [Civil Service job grades](https://www.gov.uk/guidance/using-the-civil-service-jobs-website#grades-and-types-of-work-in-the-civil-service) that reflect how each role level is commonly graded across government. This information is taken from the Digital and Data Workforce Planning Commission and is indicative only, different departments may use different grades."
2024-11-30,Accessibility specialist,"In the 'practitioner' level description of the 'consultancy' skill, the first requirement was updated to allow for the skill to be shared with roles previously using the 'consultancy (business analysis)' skill."
2024-11-30,Analytics engineer,The skill 'problem resolution (data)' has been replaced by an updated version of 'problem management'. The descriptions for these skills were very similar in meaning.
2024-11-30,Application operations engineer,"The skill 'asset and configuration management' has been updated. The level descriptions were edited to improve clarity and to better meet the definitions for each level.
The skill 'availability and capacity management' has been updated. The level descriptions were edited to improve clarity and to better meet the definitions for each level.
The skill 'service management framework knowledge' has been updated to improve clarity. No change was made in the meaning of the skill level descriptions."
2024-11-30,Business analyst,The skill 'consultancy (business analysis)' has been replaced with 'consultancy'. No change was made to the meaning of skill level descriptions.
2024-11-30,Business architect,"In the 'practitioner' level description of the 'consultancy' skill, the first requirement was updated to allow for the skill to be shared with roles previously using the 'consultancy (business analysis)' skill."
2024-11-30,Business relationship manager,"The skill 'asset and configuration management' has been updated. The level descriptions were edited to improve clarity and to better meet the definitions for each level.
The 'service reporting' skill has been renamed 'IT service reporting' to better reflect the requirements of the skill level descriptions. Its level descriptions have been updated to improve clarity. Awareness level now refers to 'key performance indicators' to align with the general skill description.
The skill 'service management framework knowledge' has been updated to improve clarity. No change was made in the meaning of the skill level descriptions."
2024-11-30,Change and release manager,"The skill 'availability and capacity management' has been updated. The level descriptions were edited to improve clarity and to better meet the definitions for each level.
In the 'expert' level description of the 'community collaboration' skill, the second requirement referring to 'understand the pychology of the team and have strong mediation skills' was removed as it is duplicated meaning of other requirements and does not meet framework guidelines for technical skills. This ensures consistency with the rest of the framework and allows for the skill to be shared with roles previously using the 'community collaboration (frontend developer)' skill.
The skill 'problem management' has been updated to improve clarity and ensure consistency across the framework, allowing it be shared with roles previously using the skill 'problem resolution (data). No change was made to the meaning of skill level descriptions."
2024-11-30,Chief data officer,The role description for chief data officer has been updated. The list of typical responsilbities for the role makes clear that the strategy for your organisation's data should align with wider government data strategy.
2024-11-30,Chief information security officer,The 'cyber incident strategy and management' skill has been renamed 'cyber incident management' to better reflect the requirements of the skill description. One example of leadership using this skill was updated to reflect this change.
2024-11-30,Command and control centre manager,"The skill 'asset and configuration management' has been updated. The level descriptions were edited to improve clarity and to better meet the definitions for each level.
The skill 'availability and capacity management' has been updated. The level descriptions were edited to improve clarity and to better meet the definitions for skill levels.
In the 'expert' level description of the 'community collaboration' skill, the second requirement referring to 'understand the pychology of the team and have strong mediation skills' was removed as it is duplicated meaning of other requirements and does not meet framework guidelines for technical skills. This ensures consistency with the rest of the framework and allows for the skill to be shared with roles previously using the 'community collaboration (frontend developer)' skill.
The skill 'problem management' has been updated to improve clarity and ensure consistency across the framework, allowing it be shared with roles previously using the skill 'problem resolution (data). No change was made to the meaning of skill level descriptions.
The skill 'service management framework knowledge' has been updated to improve clarity. No change was made in the meaning of the skill level descriptions."
2024-11-30,Data analyst,"The skill 'communication' has been replaced by the skill 'communicating between the technical and the non-technical'. These skills were identical apart from their names.
The 'awareness' level description of the 'data visualisation' skill has been updated to improve clarity and to better meet the definition for this skill level."
2024-11-30,Data and artificial intelligence (AI) ethicist,"The 'applied knowledge of social sciences' skill has been renamed 'applied social sciences'. The level descriptions have been updated to improve clarity and to better meet the definitions for skill levels.
The skill 'problem management' has been updated to improve clarity and ensure consistency across the framework, allowing it be shared with roles previously using the skill 'problem resolution (data). No change was made to the meaning of skill level descriptions."
2024-11-30,Data architect,The skill 'data standards (data architect)' has been replaced by an updated version of 'data standards'. The descriptions for these skills were very similar in meaning.
2024-11-30,Data engineer,"The 'data engineering and manipulation' skill has been renamed 'data engineering'. The level descriptions have been updated to improve clarity and to better meet the definitions for skill levels.
The skill 'problem resolution (data)' has been replaced by an updated version of 'problem management'. The descriptions for these skills were very similar in meaning."
2024-11-30,Data governance manager,"The skill 'data standards' has been updated to improve clarity and ensure consistency across the framework, allowing it be shared with roles previously using the skill 'data standards (data architect)'."
2024-11-30,Data scientist,The 'data engineering and manipulation' skill has been renamed 'data engineering'. The level descriptions have been updated to improve clarity and to better meet the definitions for skill levels.
2024-11-30,Development operations (DevOps) engineer,"The management role levels now require 'development process optimisation' instead of 'development process optimisation (management)'. These skills were identical apart from their names.
The skill 'availability and capacity management' has been updated. The level descriptions were edited to improve clarity and to better meet the definitions for each level.
The skill 'asset and configuration management' has been updated. The level descriptions were edited to improve clarity and to ensure consistency with the rest of the framework
The skill 'information security' has been updated. The level descriptions were edited to improve clarity, to ensure consistency across the framework and to better meet the definitions for each level.
The skill 'service support' has been updated. The level descriptions were edited to improve clarity and to better meet the definitions for each level.
The skill level descriptions for 'systems integration' have been updated to improve clarity, better meet definitions for skill levels and to ensure consistency across the framework. This allows the skill to be shared with roles previously using the skill 'systems integration (network architect)'."
2024-11-30,End user computing engineer,"The skill 'asset and configuration management' has been updated. The level descriptions were edited to improve clarity and to better meet the definitions for each level.
The skill 'problem management' has been updated to improve clarity and ensure consistency across the framework, allowing it be shared with roles previously using the skill 'problem resolution (data). No change was made to the meaning of skill level descriptions.
The skill 'service management framework knowledge' has been updated to improve clarity. No change was made in the meaning of the skill level descriptions.
The 'service reporting' skill has been renamed 'IT service reporting' to better reflect the requirements of the skill level descriptions. Its level descriptions have been updated to improve clarity. Awareness level now refers to 'key performance indicators' to align with the general skill description."
2024-11-30,Enterprise architect,"In the 'expert' level description of the 'community collaboration' skill, the second requirement referring to 'understand the pychology of the team and have strong mediation skills' was removed as it is duplicated meaning of other requirements and does not meet framework guidelines for technical skills. This ensures consistency with the rest of the framework and allows for the skill to be shared with roles previously using the 'community collaboration (frontend developer)' skill."
2024-11-30,Frontend developer,The skill 'community collaboration (frontend developer) has been replaced by 'community collaboration'. These skills were identical apart their names.
2024-11-30,Graphic designer,"The graphic designer role has been refreshed with updated skills. The role now includes the new skills 'design communication', 'designing for everyone', 'designing strategically', 'designing together', 'evidence-based design', 'iterative design' and 'leading design.
These skills have been removed from the role: 'agile working', 'communicating between the technical and non-technical', 'community collaboration', 'digital perspective', 'evidence- and context-based design', 'tools and software', 'leadership and guidance', 'prototyping in code', 'prototyping', 'strategic thinking', 'user focus', 'working within constraints'.
[How the design skills were updated (Design in government blog)](https://designnotes.blog.gov.uk/2024/12/03/updating-design-skills-in-the-government-digital-and-data-capability-framework/)"
2024-11-30,Incident manager,"The skill 'asset and configuration management' has been updated. The level descriptions were edited to improve clarity and to better meet the definitions for each level.
The skill 'availability and capacity management' has been updated. The level descriptions were edited to improve clarity and to better meet the definitions for each level.
In the 'expert' level description of the 'community collaboration' skill, the second requirement referring to 'understand the pychology of the team and have strong mediation skills' was removed as it is duplicated meaning of other requirements and does not meet framework guidelines for technical skills. This ensures consistency with the rest of the framework and allows for the skill to be shared with roles previously using the 'community collaboration (frontend developer)' skill.
The skill 'problem management' has been updated to improve clarity and ensure consistency across the framework, allowing it be shared with roles previously using the skill 'problem resolution (data). No change was made to the meaning of skill level descriptions.
The skill 'service management framework knowledge' has been updated to improve clarity. No change was made in the meaning of the skill level descriptions."
2024-11-30,Infrastructure engineer,"The skill 'coding and scripting (infrastructure engineer)' has been replaced by an updated version of 'coding and scripting'. The descriptions for these skills were very similar in meaning.
The skill 'information security' has been updated. The level descriptions were edited to improve clarity, to ensure consistency across the framework and to better meet the definitions for each level.
The skill level descriptions for 'IT infrastructure' have been updated to improve clarity, better meet definitions for skill levels and to ensure consistency across the framework. This allows the skill to be shared with roles previously using the skill 'IT infrastructure (network architect)'.
The 'modern standards approach' skill has been renamed 'modern development standards'. The level descriptions have been updated to improve clarity and to better meet the definitions for skill levels."
2024-11-30,Infrastructure operations engineer,"The skill 'asset and configuration management' has been updated. The level descriptions were edited to improve clarity and to ensure consistency with the rest of the framework
The skill 'availability and capacity management' has been updated. The level descriptions were edited to improve clarity and to better meet the definitions for each level.
The skill 'coding and scripting' has been updated to improve clarity and ensure consistency across the framework, allowing it be shared with roles previously using the skill 'coding and scripting (infrastructure engineer)'.
The skill 'problem management' has been updated to improve clarity and ensure consistency across the framework, allowing it be shared with roles previously using the skill 'problem resolution (data). No change was made to the meaning of skill level descriptions.
The skill 'service management framework knowledge' has been updated to improve clarity. No change was made in the meaning of the skill level descriptions."
2024-11-30,Interaction designer,"The interaction designer role has been refreshed with updated skills. The role now includes the new skills 'design communication', 'designing for everyone', 'designing strategically', 'designing together', 'evidence-based design', 'iterative design' and 'leading design.
These skills have been removed from the role: 'agile working', 'communicating between the technical and non-technical', 'community collaboration', 'digital perspective', 'evidence- and context-based design', 'leadership and guidance', 'prototyping in code', 'prototyping', 'strategic thinking', 'user focus', 'working within constraints'.
[How the design skills were updated (Design in government blog)](https://designnotes.blog.gov.uk/2024/12/03/updating-design-skills-in-the-government-digital-and-data-capability-framework/)"
2024-11-30,IT service manager,"The skill 'asset and configuration management' has been updated. The level descriptions were edited to improve clarity and to ensure consistency with the rest of the framework
The skill 'service management framework knowledge' has been updated to improve clarity. No change was made in the meaning of the skill level descriptions.
The 'service reporting' skill has been renamed 'IT service reporting' to better reflect the requirements of the skill level descriptions. Its level descriptions have been updated to improve clarity. Awareness level now refers to 'key performance indicators' to align with the general skill description."
2024-11-30,Machine learning engineer,"The skill level descriptions for 'systems integration' have been updated to improve clarity, better meet definitions for skill levels and to ensure consistency across the framework. This allows the skill to be shared with roles previously using the skill 'systems integration (network architect)'."
2024-11-30,Network architect,The skills 'IT infrastructure (network architect)' and 'systems integration (network architect)' have been replaced by updated versions of 'IT infrastructure' and 'systems integration' to reduce duplication across the framework
2024-11-30,Problem manager,"The skill 'asset and configuration management' has been updated. The level descriptions were edited to improve clarity and to ensure consistency with the rest of the framework
The skill 'availability and capacity management' has been updated. The level descriptions were edited to improve clarity and to better meet the definitions for each level.
In the 'expert' level description of the 'community collaboration' skill, the second requirement referring to 'understand the pychology of the team and have strong mediation skills' was removed as it is duplicated meaning of other requirements and does not meet framework guidelines for technical skills. This ensures consistency with the rest of the framework and allows for the skill to be shared with roles previously using the 'community collaboration (frontend developer)' skill.
The skill 'problem management' has been updated to improve clarity and ensure consistency across the framework, allowing it be shared with roles previously using the skill 'problem resolution (data). No change was made to the meaning of skill level descriptions.
The skill 'service management framework knowledge' has been updated to improve clarity. No change was made in the meaning of the skill level descriptions."
2024-11-30,Product manager,"The skill 'problem management' has been updated to improve clarity and ensure consistency across the framework, allowing it be shared with roles previously using the skill 'problem resolution (data). No change was made to the meaning of skill level descriptions."
2024-11-30,Programme delivery manager,"In the 'expert' level description of the 'community collaboration' skill, the second requirement referring to 'understand the pychology of the team and have strong mediation skills' was removed as it is duplicated meaning of other requirements and does not meet framework guidelines for technical skills. This ensures consistency with the rest of the framework and allows for the skill to be shared with roles previously using the 'community collaboration (frontend developer)' skill."
2024-11-30,Security architect,The skill 'security technology' has been updated. The level descriptions were edited to improve clarity and to better meet the definitions for each level.
2024-11-30,Service designer,"The service designer role has been refreshed with updated skills. The role now includes the new skills 'design communication', 'designing for everyone', 'designing strategically', 'designing together', 'evidence-based design', 'iterative design' and 'leading design.
These skills have been removed from the role: 'agile working', 'communicating between the technical and non-technical', 'community collaboration', 'digital perspective', 'evidence- and context-based design', 'managing decisions and risks', 'leadership and guidance', 'prototyping in code', 'prototyping', 'strategic thinking', 'user focus', 'working within constraints'.
[How the design skills were updated (Design in government blog)](https://designnotes.blog.gov.uk/2024/12/03/updating-design-skills-in-the-government-digital-and-data-capability-framework/)"
2024-11-30,Service desk manager,"The skill 'asset and configuration management' has been updated. The level descriptions were edited to improve clarity and to ensure consistency with the rest of the framework
The skill 'problem management' has been updated to improve clarity and ensure consistency across the framework, allowing it be shared with roles previously using the skill 'problem resolution (data). No change was made to the meaning of skill level descriptions.
The skill 'service management framework knowledge' has been updated to improve clarity. No change was made in the meaning of the skill level descriptions.
The 'service reporting' skill has been renamed 'IT service reporting' to better reflect the requirements of the skill level descriptions. Its level descriptions have been updated to improve clarity. Awareness level now refers to 'key performance indicators' to align with the general skill description."
2024-11-30,Service owner,"The skill 'problem management' has been updated to improve clarity and ensure consistency across the framework, allowing it be shared with roles previously using the skill 'problem resolution (data). No change was made to the meaning of skill level descriptions."
2024-11-30,Service transition manager,"The skill 'asset and configuration management' has been updated. The level descriptions were edited to improve clarity and to ensure consistency with the rest of the framework
The skill 'availability and capacity management' has been updated. The level descriptions were edited to improve clarity and to better meet the definitions for each level.
In the 'expert' level description of the 'community collaboration' skill, the second requirement referring to 'understand the pychology of the team and have strong mediation skills' was removed as it is duplicated meaning of other requirements and does not meet framework guidelines for technical skills. This ensures consistency with the rest of the framework and allows for the skill to be shared with roles previously using the 'community collaboration (frontend developer)' skill.
The skill 'problem management' has been updated to improve clarity and ensure consistency across the framework, allowing it be shared with roles previously using the skill 'problem resolution (data). No change was made to the meaning of skill level descriptions.
The skill 'service management framework knowledge' has been updated to improve clarity. No change was made in the meaning of the skill level descriptions."
2024-11-30,Software developer,"The skill 'availability and capacity management' has been updated. The level descriptions were edited to improve clarity and to better meet the definitions for each level.
The management role levels now require 'development process optimisation' instead of 'development process optimisation (management)'. These skills were identical apart from their names.
The skill level descriptions for 'systems integration' have been updated to improve clarity, better meet definitions for skill levels and to ensure consistency across the framework. This allows the skill to be shared with roles previously using the skill 'systems integration (network architect)'.
The 'modern standards approach' skill has been renamed 'modern development standards'. The level descriptions have been updated to improve clarity and to better meet the definitions for skill levels.
The skills 'information security' and 'service support' have been updated. The level descriptions were edited to improve clarity, to ensure consistency across the framework and to better meet the definitions for each level."
2024-11-30,Solution architect,"In the 'expert' level description of the 'community collaboration' skill, the second requirement referring to 'understand the pychology of the team and have strong mediation skills' was removed as it is duplicated meaning of other requirements and does not meet framework guidelines for technical skills. This ensures consistency with the rest of the framework and allows for the skill to be shared with roles previously using the 'community collaboration (frontend developer)' skill."
2024-11-30,Technical architect,"In the 'expert' level description of the 'community collaboration' skill, the second requirement referring to 'understand the pychology of the team and have strong mediation skills' was removed as it is duplicated meaning of other requirements and does not meet framework guidelines for technical skills. This ensures consistency with the rest of the framework and allows for the skill to be shared with roles previously using the 'community collaboration (frontend developer)' skill."
2024-11-30,Homepage,"[Graphic designer](/role/graphic-designer) has updated skills.
[Interaction designer](/role/interaction-designer) has updated skills.
[Service designer](/role/service-designer) has updated skills.
The skills 'design communication', 'designing for everyone', 'designing strategically', 'designing together', 'evidence-based design', 'iterative design', and 'leading design' have been added to the [Skills A to Z](/skills).
The skills 'coding and scripting (infrastructure engineer)', 'communication', 'community collaboration (front-end developer)', 'consultancy (business analysis)', 'data standards (data architect)', 'development process optimisation (management)', 'IT infrastructure (network architect)', 'problem resolution (data)', and 'systems integration (network architect)' have been merged with similar skills and removed from the [Skills A to Z](/skills).
The skills 'digital perspective', 'evidence-and-context-based design', 'prototyping in code', 'tools and software' have been removed from the [Skills A to Z](/skills) as they are no longer required by any role.
Updated the content of 20 skills to improve accuracy, clarity and consistency with the rest of the framework: 'applied social sciences, (previously applied knowledge of social sciences)', 'asset and configuration management', 'availability and capacity management', 'coding and scripting', 'community collaboration', 'consultancy', 'cyber incident management (previously 'cyber incident strategy and management)', 'data engineering (previously data engineering and manipulation)', 'data standards', 'data visualisation', 'development process optimisation', 'information security', 'IT infrastructure', 'modern development standards (previously modern standards approach)', 'problem management', 'security technology', 'service management framework knowledge', 'IT service reporting (previously 'service reporting), 'service support', 'systems integration'."
2024-10-22,Data governance manager,"Corrected an error in the indicative job grades for the first role level, 'data governance manager'. The grades for this level were corrected to 'SEO and G7', instead of 'HEO and G7'."
2024-10-22,User researcher,"Corrected an error in the role level 'senior user researcher'. The skill levels for 'research management, leadership and assurance' and 'stakeholder relationship management' were corrected to 'practitioner', instead of working'."
2024-10-22,Homepage,"[Data governance manager](/role/data-governance-manager) has had an error corrected in the indicative job grade displayed for the 'data governance manager' role level.
[User researcher](/role/user-researcher) has had an error corrected in the skills required for the 'senior user researcher' role level."
2024-10-07,Chief data officer,"First published.
[How the chief data officer role was developed (Government Digital and Data blog)](https://cddo.blog.gov.uk/2024/11/07/making-leadership-more-visible-senior-civil-service-roles-are-now-on-the-digital-and-data-capability-framework/)"
2024-10-07,Chief information security officer,"First published.
[How the chief information security officer role was developed (Government Digital and Data blog)](https://cddo.blog.gov.uk/2024/11/07/making-leadership-more-visible-senior-civil-service-roles-are-now-on-the-digital-and-data-capability-framework/)"
2024-10-07,Chief technology officer,"First published.
[How the chief technology officer role was developed (Government Digital and Data blog)](https://cddo.blog.gov.uk/2024/11/07/making-leadership-more-visible-senior-civil-service-roles-are-now-on-the-digital-and-data-capability-framework/)"
2024-10-07,Homepage,"[Chief data officer](/role/chief-data-officer) was added to the chief digital and data role group.
[Chief information security officer](/role/chief-information-security-officer) was added to the chief digital and data role group
[Chief technology officer](/role/chief-technology-officer) was added to the chief digital and data role group.
Skills for Senior Civil Service roles have been added to the [Skills A to Z](/skills).
[How the first Senior Civil Service roles in the framework were developed (Government Digital and Data blog)](https://cddo.blog.gov.uk/2024/11/07/making-leadership-more-visible-senior-civil-service-roles-are-now-on-the-digital-and-data-capability-framework/)"
2024-08-30,Analytics engineer,"First published.
[How the analytics engineer role was developed (Government Digital and Data blog](https://cddo.blog.gov.uk/2024/09/18/how-were-continuously-improving-the-digital-and-data-capability-framework/))"
2024-08-30,Application operations engineer,The skill level descriptions for 'change management' have been updated to improve clarity and ensure consistency across the framework. No change was made to the meaning of skill level descriptions.
2024-08-30,Business analyst,"The skill level descriptions for 'business modelling', 'business process improvement' and 'business process testing' have been updated to improve clarity and ensure consistency across the framework. No change was made to the meaning of skill level descriptions."
2024-08-30,Change and release manager,The skill level descriptions for 'change management' and 'continuity management' have been updated to improve clarity and ensure consistency across the framework. No change was made to the meaning of skill level descriptions.
2024-08-30,Command and control centre manager,The skill level descriptions for 'change management' and 'continuity management' have been updated to improve clarity and ensure consistency across the framework. No change was made to the meaning of skill level descriptions.
2024-08-30,Data architect,The skill level descriptions for 'metadata management' have been updated to improve clarity and ensure consistency across the framework. No change was made to the meaning of skill level descriptions.
2024-08-30,Data engineer,The skill level descriptions for 'metadata management' have been updated to improve clarity and ensure consistency across the framework. No change was made to the meaning of skill level descriptions.
2024-08-30,Data governance manager,The 'data maturity models' skill has been renamed 'data maturity'. This change is to prevent overlap with the skill 'data modelling'. The 'awareness' level of the skill 'data maturity' has been defined.
2024-08-30,End user computing engineer,The skill level descriptions for 'change management' have been updated to improve clarity and ensure consistency across the framework. No change was made to the meaning of skill level descriptions.
2024-08-30,Frontend developer,"Corrected an error in the skill 'leadership and guidance (frontend developer)' where the description for 'working' level had been added to the 'practitioner' level. The relevant requirements have been moved to 'working' and removed from 'practitioner'. The role level 'frontend developer' now uses the 'working' level description for this skill, as originally intended. This correction also affects 'senior frontend developer' which uses the 'practitioner' level that now has fewer requirements listed.
The skill 'web performance optimisation' has been updated. The change removed an incorrectly duplicated sentence about negative user experience from 'expert' level."
2024-08-30,Incident manager,The skill level descriptions for 'change management' and 'continuity management' have been updated to improve clarity and ensure consistency across the framework. No change was made to the meaning of skill level descriptions.
2024-08-30,Infrastructure operations engineer,The skill level descriptions for 'change management' have been updated to improve clarity and ensure consistency across the framework. No change was made to the meaning of skill level descriptions.
2024-08-30,Machine learning engineer,"First published.
[How the machine learning engineer role was developed (Government Digital and Data blog)](https://cddo.blog.gov.uk/2024/09/18/how-were-continuously-improving-the-digital-and-data-capability-framework/)"
2024-08-30,Problem manager,The skill level descriptions for 'change management' and 'continuity management' have been updated to improve clarity and ensure consistency across the framework. No change was made to the meaning of skill level descriptions.
2024-08-30,Service desk manager,The skill level descriptions for 'customer service management' have been updated to improve clarity and ensure consistency across the framework. No change was made to the meaning of skill level descriptions.
2024-08-30,Service transition manager,The skill level descriptions for 'change management' and 'continuity management' have been updated to improve clarity and ensure consistency across the framework. No change was made to the meaning of skill level descriptions.
2024-08-30,User researcher,"User researcher now includes the skills 'agile research practices', 'research management, leadership and assurance', 'stakeholder relationship management' and 'user-centred practice and advocacy'.
The skills 'society and technology', 'strategic insight', 'user-centred and agile practices' and 'technical understanding (user-centred design)' have been removed from the role.
The skill 'research' has been renamed 'user research methods'. This is to better reflect the requirements of the skill and for consistency across the framework.
[How the skills for user researcher were updated (User research in government blog)](https://userresearch.blog.gov.uk/2025/01/09/updating-the-user-researcher-role-in-the-capability-framework/)"
2024-08-30,Homepage,"[Analytics engineer](/role/analytics-engineer) was added to the data role group.
[Machine learning engineer](/role/machine-learning-engineer) was added to the data role group.
[User researcher](/role/user-researcher) has updated skills.
The skills 'agile research practices', 'research management, leadership and assurance' and 'user-centred practice and advocacy' have been added to the [Skills A to Z](/skills).
The skills 'society and technology', 'strategic insight' and 'user-centred and agile practices' have been removed from the [Skills A to Z](/skills).
Updated the content of 13 skills to improve clarity and consistency with the rest of the framework: 'business modelling', 'business process improvement', 'business process testing', 'change management', 'continuity management', 'customer service management', 'data maturity', 'leadership and guidance (frontend developer)', 'metadata management', 'stakeholder relationship management', 'user research methods', 'web performance optimisation'."
2024-05-31,Accessibility specialist,"Accessibility specialist now includes Civil Service job grades that reflect how each role level is commonly graded across government. This information is taken from the Digital and Data Workforce Planning Commission and is indicative only, different departments may use different grades."
2024-05-31,Business analyst,The indicative job grades for the 'trainee business analyst' role level have been updated from 'AA and AO' to 'AO and EO'. This change is based on the latest data on the most common grades for these role levels across government.
2024-05-31,Data analyst,The indicative job grades for the 'associate analyst' role level have been updated from 'HEO' to 'EO and HEO'. This change is based on the latest data on the most common grades for these role levels across government.
2024-05-31,Data architect,"Data architect now includes the 'problem management' skill instead of 'problem management (data architect)'. The content of the skill description at each level has not changed.
The indicative job grades for the 'data architect' role level have been updated from 'HEO and SEO' to 'SEO and G7'. This change is based on the latest data on the most common grades for these role levels across government."
2024-05-31,Data engineer,The indicative job grades for 3 role levels have been updated. Data engineer has been updated from 'EO and HEO' to 'HEO and SEO'. Senior data engineer has been updated from 'HEO and SEO' to 'SEO and G7'. Lead data engineer has been updated from 'SEO and G7' to 'G7'. This change is based on the latest data on the most common grades for these role levels across government.
2024-05-31,Data governance manager,"Data governance manager now includes Civil Service job grades that reflect how each role level is commonly graded across government. This information is taken from the Digital and Data Workforce Planning Commission and is indicative only, different departments may use different grades. This change is based on the latest data on the most common grades for these role levels across government."
2024-05-31,Development operations (DevOps) engineer,The indicative job grades for the 'principal DevOps engineer' role level have been updated from 'G6' to 'G7 and G6'. This change is based on the latest data on the most common grades for these role levels across government.
2024-05-31,End user computing engineer,The indicative job grades for the 'associate end user computing engineer' role level have been updated from 'EO and HEO' to 'AO and EO'. This change is based on the latest data on the most common grades for these role levels across government.
2024-05-31,Enterprise architect,"Enterprise architect now includes the skills 'architect for the whole context', 'architecture communication', 'making architectural decisions' and 'strategy design'.
The 'enterprise and business architecture' skill has been renamed 'enterprise architecture'. The proficiency level descriptions for 'problem definition and shaping' and 'enterprise architecture' have been updated.
The skills 'communicating between the technical and non-technical', 'governance and assurance', 'Government Digital and Data perspective', 'making and guiding decisions' have been removed from the role.
The indicative job grades for 2 role levels have been updated. Enterprise architect has been updated from 'SEO and G7' to 'HEO and SEO'. Senior enterprise architect has been updated from 'G7' to 'SEO and G7'. This change is based on the latest data on the most common grades for these role levels across government."
2024-05-31,Frontend developer,Frontend developer now includes the 'modern standards approach' skill instead of 'modern standards approach (frontend developer)'. The content of the skill description at each level has not changed.
2024-05-31,Infrastructure engineer,The indicative job grades for the 'principal infrastructure engineer' role level have been updated from 'G6 and deputy director or equivalent' to 'G6'. This change is based on the latest data on the most common grades for these role levels across government.
2024-05-31,IT service manager,The indicative job grades for the role levels have been updated. IT service analyst has been updated from 'AO and EO' to 'EO and HEO'. IT service manager has been updated from 'EO and HEO' to 'HEO and SEO'. Senior IT service manager has been updated from 'HEO and SEO' to 'SEO and G7'. Head of IT service management has been updated from 'SEO and G7' to 'G7 and G6'. This change is based on the latest data on the most common grades for these role levels across government.
2024-05-31,Network architect,The indicative job grades for the 'associate network architect' role level have been updated from 'AO and HEO' to 'EO and HEO'. This change is based on the latest data on the most common grades for these role levels across government.
2024-05-31,Performance analyst,The indicative job grades for the 'associate performance analyst' role level have been updated from 'EO and HEO' to 'AO and EO'. This change is based on the latest data on the most common grades for these role levels across government.
2024-05-31,Security architect,The indicative job grades for the 'lead security architect' role level have been updated from 'SEO and G7' to 'G7 and G6'. This change is based on the latest data on the most common grades for these role levels across government.
2024-05-31,Service transition manager,The indicative job grades for 2 role levels have been updated. Service readiness analyst has been updated from 'HEO and SEO' to 'EO and HEO'. Service transition manager has been updated from 'SEO and G7 to 'HEO and SEO'. This change is based on the latest data on the most common grades for these role levels across government.
2024-05-31,Solution architect,"Solution architect now includes the skills 'community collaboration', 'making architectural decisions', 'problem definition and shaping', 'strategy design', and 'technical design throughout the life cycle'.
The skills 'governance and assurance', 'life cycle perspective', 'making and guiding decisions', 'requirements definition and management', 'strategy' and 'technical breadth' have been removed from the role."
2024-05-31,Technical architect,"Technical architect now includes the skills 'architect for the whole context', 'architecture communication', 'community collaboration', 'making architectural decisions', 'strategy design', and 'technical design throughout the life cycle'.
The skills 'communicating between the technical and non-technical (technical architect)', 'governance and assurance', 'making and guiding decisions', 'strategy', 'turning business problems into technical design' and 'understanding the whole context' have been removed from the role."
2024-05-31,Test engineer,The indicative job grades for the 'tester (test engineer)' role level have been updated from 'AO and EO' to 'EO and HEO'. This change is based on the latest data on the most common grades for these role levels across government.
2024-05-31,User researcher,The indicative job grades for the 'head of user research' role level have been updated from 'G7 and G6' to 'G6'. This change is based on the latest data on the most common grades for these role levels across government.
2024-05-31,Homepage,"[Enterprise architect](/role/enterprise-architect) has updated skills.
[Solution architect](/role/solution-architect) has updated skills.
[Technical architect](/role/technical-architect) has updated skills.
The skills 'making architectural decisions', 'strategy design' and 'technical design throughout the life cycle' have been added to the [Skills A to Z](/skills). The 'enterprise and business architecture' skill has been renamed 'enterprise architecture'. The proficiency level descriptions for 'problem definition and shaping' and 'enterprise architecture' have been updated.
The skills 'communicating between the technical and non-technical (technical architect)', 'modern standards approach (frontend developer), 'problem management (data architect)', 'strategy', 'turning business problems into technical design' and 'understanding the whole context' have been removed from the [Skills A to Z](/skills).
Indicative job grades for 17 roles have been updated according to the latest data on the most common grades for these roles across government."
2024-02-28,Digital portfolio manager,First published
2024-02-28,Solution architect,First published
2024-02-28,Homepage,"[Digital portfolio manager](/role/digital-portfolio-manager) was added to the product and delivery role group.
[Solution architect](/role/solution-architect) was added to the architecture role group.
The skills 'architecture communication' and 'architect for the whole context' have been added to the [Skills A to Z](/skills)."
2023-12-07,Service desk manager,The indicative job grades for 2 role levels have been corrected. The grades for the level 'senior service desk analyst' are now EO and HEO. The grades for level 'service desk manager' are now HEO and SEO.
2023-12-01,Enterprise architect,The 'DDaT perspective' skill was renamed 'Government Digital and Data perspective' across the framework. This follows the launch of the new Government Digital and Data brand that replaces DDaT.
2023-12-01,Product manager,The 'DDaT perspective' skill was renamed 'Government Digital and Data perspective' across the framework. This follows the launch of the new Government Digital and Data brand that replaces DDaT.
2023-12-01,Service owner,The 'DDaT perspective' skill was renamed 'Government Digital and Data perspective' across the framework. This follows the launch of the new Government Digital and Data brand that replaces DDaT.
2023-12-01,Homepage,Name of framework changed to ‘Government Digital and Data Profession Capability Framework’. References to ‘DDaT’ changed to ‘Government Digital and Data' across all pages. Name of skill 'DDaT perspective' changed to 'Government Digital and Data perspective'.
2023-11-28,Business architect,First published
2023-11-28,Homepage,"[Business architect](/role/business-architect) was added to the architecture role group.
The new skill 'business architecture' was added to the [Skills A to Z](/skills)."
2023-09-15,Homepage,"The design of the Capability Framework has been significantly updated to improve its usability. The update includes new guidance pages and functionality, as well as changes to information architecture and content layouts.
[How the DDaT Capability Framework has changed and why it was redesigned (Digital people blog)](https://digitalpeople.blog.gov.uk/2023/09/18/redesigning-the-ddat-capability-framework/)"
2023-07-31,Data architect,Data architect was moved to the new architecture role group.
2023-07-31,Development operations (DevOps) engineer,Development operations (DevOps) engineer was moved to the new software development role group.
2023-07-31,Enterprise architect,Enterprise architect was moved to the new architecture role group.
2023-07-31,Frontend developer,Frontend developer was moved to the new software development role group.
2023-07-31,Infrastructure engineer,Infrastructure engineer was moved to the IT operations role group.
2023-07-31,Network architect,Network architect was moved to the new architecture role group.
2023-07-31,Security architect,Security architect was moved to the new architecture role group.
2023-07-31,Software developer,Software developer was moved to the new software development role group.
2023-07-31,Technical architect,Technical architect was moved to the new architecture role group.
2023-07-31,Homepage,"The technical role group was removed. The roles within it were moved into other role groups or removed from the DDaT Profession Capability Framework.
A new software development role group was added.
[Development operations (DevOps) engineer](/role/development-operations-devops-engineer) was moved to the new software development role group.
[Frontend developer](/role/frontend-developer) was moved to the new software development role group.
[Software developer](/role/software-developer) was moved to the new software development role group.
[Infrastructure engineer](/role/infrastructure-engineer) was moved to the IT operations role group.
Specialist infrastructure engineer was removed from the DDaT Profession Capability Framework.
Technical specialist architect was removed from the DDaT Profession Capability Framework.
A new architecture role group was added.
[Data architect](/role/data-architect) was moved to the new architecture role group.
[Enterprise architect](/role/enterprise-architect) was moved to the new architecture role group.
[Network architect](/role/network-architect) was moved to the new architecture role group.
[Security architect](/role/security-architect) was moved to the new architecture role group.
[Technical architect](/role/technical-architect) was moved to the new architecture role group."
2023-03-31,Data and artificial intelligence (AI) ethicist,The ‘problem management (data ethics)’ skill has been renamed simply ‘problem management’. The 'problem management' skill level for head of data ethics has been corrected from ‘expert’ to ‘practitioner’ (with no change to the skill description itself).
2023-03-31,Data architect,Data architect has new role level descriptions and updated skills. The role has been moved from the technical role group to the data role group.
2023-03-31,Data engineer,The ‘data modelling’ skill description has been updated at practitioner level.
2023-03-31,Data governance manager,First published.
2023-03-31,Homepage,"[Data governance manager](/role/data-governance-manager) was added to the data role group.
[Data architect](/role/data-architect) was updated and moved from the technical to the data role group."
2022-08-30,Accessibility specialist,First published.
2022-08-30,Business analyst,"The business analyst role has been fully updated, with new role levels and redefined skills. Role levels have been added for trainee business analyst, lead business analyst and head of business analysis. The principal business analyst role level has been removed."
2022-08-30,Business relationship manager,The ‘relationship management’ skill has been renamed ‘stakeholder relationship management (IT operations)’ to ensure consistency across the DDaT Profession Capability Framework.
2022-08-30,Command and control centre manager,"Head of command and control now includes the ‘technical understanding’ skill, at practitioner level."
2022-08-30,Content strategist,The 'user-centred content design' skill descriptions have been updated to ensure consistency across the DDaT Profession Capability Framework.
2022-08-30,Data analyst,"There are updated skill descriptions at practitioner and expert level for 'data management', 'data modelling, cleansing and enrichment' and 'data visualisation'. These skills apply to the senior data analyst and principal data analyst role levels. The ‘analytical and problem-solving skills’ skill has been renamed ‘analysis and synthesis (data analyst)’ to ensure consistency across the DDaT Profession Capability Framework."
2022-08-30,Data and artificial intelligence (AI) ethicist,"First published.
[How the data ethicist role was developed (Data in government blog)](https://dataingovernment.blog.gov.uk/2021/09/07/what-skills-do-you-need-for-working-in-data-ethics/)"
2022-08-30,Data architect,The ‘communication skills (data)’ skill has been renamed ‘communicating between the technical and non-technical’. The 'data communication' skill has been renamed 'communicating data'. This is to ensure consistency across the DDaT Profession Capability Framework.
2022-08-30,Data engineer,The ‘communication skills (data)’ skill has been renamed ‘communicating between the technical and non-technical’ to ensure consistency across the DDaT Profession Capability Framework.
2022-08-30,Data scientist,Data scientist was fully updated. All role levels and their respective skills have been defined.
2022-08-30,Delivery manager,The ‘communication skills’ skill has been renamed ‘communicating between the technical and non-technical’ to ensure consistency across the DDaT Profession Capability Framework.
2022-08-30,Enterprise architect,First published.
2022-08-30,Frontend developer,"Corrected an error in the role level 'junior frontend developer'. For the skill 'strategic thinking', this role level now requires the 'awareness' level, instead of 'working' level."
2022-08-30,Graphic designer,The ‘communicating information’ skill has been renamed ‘communicating between the technical and non-technical’ to ensure consistency across the DDaT Profession Capability Framework.
2022-08-30,Infrastructure engineer,The ‘problem solving’ skill has been renamed ‘problem management’ to ensure consistency across the DDaT Profession Capability Framework.
2022-08-30,Interaction designer,The ‘communicating information’ skill has been renamed ‘communicating between the technical and non-technical’ to ensure consistency across the DDaT Profession Capability Framework.
2022-08-30,IT service manager,The IT service analyst role level has been added. The ‘relationship management’ skill has been renamed ‘stakeholder relationship management (IT operations)’ to ensure consistency across the DDaT Profession Capability Framework.
2022-08-30,Network architect,The ‘specific security technology and understanding’ skill has been renamed ‘security technology’ to ensure consistency across the DDaT Profession Capability Framework.
2022-08-30,Product manager,"The ‘life cycle perspective’ skill has been changed to practitioner level for senior product manager, and to expert level for lead product manager. The ‘problem ownership’ skill has been renamed ‘problem management’ to ensure consistency across the DDaT Profession Capability Framework."
2022-08-30,Programme delivery manager,The ‘communication skills’ skill has been renamed ‘communicating between the technical and non-technical’ to ensure consistency across the DDaT Profession Capability Framework.
2022-08-30,Security architect,The ‘specific security technology and understanding’ skill has been renamed ‘security technology’ to ensure consistency across the DDaT Profession Capability Framework.
2022-08-30,Service designer,The ‘communicating information’ skill has been renamed ‘communicating between the technical and non-technical’ to ensure consistency across the DDaT Profession Capability Framework.
2022-08-30,Service owner,"Service owner now includes the ‘DDaT perspective’ skill, at practitioner level."
2022-08-30,Service transition manager,"Lead service transition manager now includes the ‘service focus’ skill, at expert level."
2022-08-30,Technical writer,The 'user-centred content design' skill descriptions have been updated to ensure consistency across the DDaT Profession Capability Framework.
2022-08-30,Homepage,"[Accessibility specialist](/role/accessibility-specialist) was added to the user-centred design role group.
[Data ethicist](/role/data-ethicist) was added to the data role group.
[Enterprise architect](/role/enterprise-architect) was added to the technical role group.
[Business analyst](/role/business-analyst) has been fully refreshed.
[Data scientist](/role/data-scientist) has been fully refreshed."
2021-03-17,Content designer,We have updated the guidance about what a content designer does and the skills you need to do the role. This page now shows the most up to date skills needed to be a content designer in government.
2021-02-25,Data scientist,The data scientist role has an up to date summary of responsibilities. There is more information about the role of a data scientist in government and the most up to date job model on the [Government Analyst Career Framework](https://www.gov.uk/government/publications/analysis-function-career-framework).
2020-12-03,Frontend developer,First published.
2020-12-03,Homepage,[Frontend developer](/role/frontend-developer) was added to the technical role group.
2020-01-07,Application operations engineer,First published.
2020-01-07,Business analyst,First published.
2020-01-07,Business relationship manager,First published.
2020-01-07,Change and release manager,First published.
2020-01-07,Command and control centre manager,First published.
2020-01-07,Content designer,First published.
2020-01-07,Content strategist,First published.
2020-01-07,Data analyst,First published.
2020-01-07,Data architect,First published.
2020-01-07,Data engineer,First published.
2020-01-07,Data scientist,First published.
2020-01-07,Delivery manager,First published.
2020-01-07,Development operations (DevOps) engineer,First published.
2020-01-07,End user computing engineer,First published.
2020-01-07,Graphic designer,First published.
2020-01-07,Incident manager,First published.
2020-01-07,Infrastructure engineer,First published.
2020-01-07,Infrastructure operations engineer,First published.
2020-01-07,Interaction designer,First published.
2020-01-07,IT service manager,First published.
2020-01-07,Network architect,First published.
2020-01-07,Performance analyst,First published.
2020-01-07,Problem manager,First published.
2020-01-07,Product manager,First published.
2020-01-07,Programme delivery manager,First published.
2020-01-07,Quality assurance test analyst,First published.
2020-01-07,Security architect,First published.
2020-01-07,Service designer,First published.
2020-01-07,Service desk manager,First published.
2020-01-07,Service owner,First published.
2020-01-07,Service transition manager,First published.
2020-01-07,Software developer,First published.
2020-01-07,Technical architect,First published.
2020-01-07,Technical writer,First published.
2020-01-07,Test engineer,First published.
2020-01-07,Test manager,First published.
2020-01-07,User researcher,First published.
2020-01-07,Homepage,"The content in the Digital, Data and Technology Profession Capability Framework has been restructured to make it easier to access the role descriptions and the skills associated with individual roles. Each role is now presented on one page, including all the levels and the skills.
[How we restructured the framework to make it more user friendly (Digital people blog)](https://digitalpeople.blog.gov.uk/2019/10/24/making-the-digital-data-and-technology-capability-framework-more-user-friendly/)"
2018-12-28,Homepage,Removed information about Civil Service Competencies as these will no longer be used after 6 January 2019.
2017-03-23,Homepage,"The Digital, Data and Technology Profession Capability Framework was first published.
[Why and how the framework was originally developed (Digital people blog)](https://digitalpeople.blog.gov.uk/2017/03/30/building-the-first-national-framework-of-digital-data-and-technology-job-roles/)"
