occupation_id	occupation_label	relation	skill_uri	skill_label	skill_type
f2b15a0e-e65a-438a-affb-29b9d50b77d1	software developer	essential	http://data.europa.eu/esco/skill/2b7a79e5-84d8-4880-be66-3d9bb05bea17	use software design patterns	skill
f2b15a0e-e65a-438a-affb-29b9d50b77d1	software developer	essential	http://data.europa.eu/esco/skill/901105f8-3a08-453e-b1dc-23619e317fd3	create flowchart diagram	skill
f2b15a0e-e65a-438a-affb-29b9d50b77d1	software developer	essential	http://data.europa.eu/esco/skill/7111b95d-0ce3-441a-9d92-4c75d05c4388	project management	knowledge
f2b15a0e-e65a-438a-affb-29b9d50b77d1	software developer	essential	http://data.europa.eu/esco/skill/59ea80e1-463a-4dba-82c6-d0b6d577d532	technical drawings	knowledge
f2b15a0e-e65a-438a-affb-29b9d50b77d1	software developer	essential	http://data.europa.eu/esco/skill/925463a7-d51f-4d5b-9f79-4d28cf30acde	integrated development environment software	knowledge
f2b15a0e-e65a-438a-affb-29b9d50b77d1	software developer	essential	http://data.europa.eu/esco/skill/be48353d-25c7-4f86-bea9-7b9e248fbc6e	interpret technical requirements	skill
f2b15a0e-e65a-438a-affb-29b9d50b77d1	software developer	essential	http://data.europa.eu/esco/skill/72a74f69-5cf1-43c5-99b9-62a444578919	engineering processes	knowledge
f2b15a0e-e65a-438a-affb-29b9d50b77d1	software developer	essential	http://data.europa.eu/esco/skill/6014921e-1d25-4039-adc2-04852d61880e	ICT debugging tools	knowledge
f2b15a0e-e65a-438a-affb-29b9d50b77d1	software developer	essential	http://data.europa.eu/esco/skill/8b94aa1e-89c9-459d-b3b4-1dfab8dec2df	use software libraries	skill
f2b15a0e-e65a-438a-affb-29b9d50b77d1	software developer	essential	http://data.europa.eu/esco/skill/f84a433f-34f1-4083-b0a3-24802623509c	web services	knowledge
f2b15a0e-e65a-438a-affb-29b9d50b77d1	software developer	essential	http://data.europa.eu/esco/skill/0e0c9c11-b39e-43cf-ba95-2fe646f5de64	identify customer requirements	skill
f2b15a0e-e65a-438a-affb-29b9d50b77d1	software developer	essential	http://data.europa.eu/esco/skill/6a899482-8bcf-40ca-ae67-579a1cc467ab	manage engineering project	skill
f2b15a0e-e65a-438a-affb-29b9d50b77d1	software developer	essential	http://data.europa.eu/esco/skill/797a4416-0b8d-44f3-8fcd-eb10bd0be6b4	develop software prototype	skill
f2b15a0e-e65a-438a-affb-29b9d50b77d1	software developer	essential	http://data.europa.eu/esco/skill/d9e5349e-8791-49c2-8ba4-839fdd1606c2	define technical requirements	skill
f2b15a0e-e65a-438a-affb-29b9d50b77d1	software developer	essential	http://data.europa.eu/esco/skill/04fe962b-4017-4eb7-9139-7d69b6922bc9	use an application-specific interface	skill
f2b15a0e-e65a-438a-affb-29b9d50b77d1	software developer	essential	http://data.europa.eu/esco/skill/0b0335f3-0aa1-491e-895e-81fc8774a300	develop automated migration methods	skill
f2b15a0e-e65a-438a-affb-29b9d50b77d1	software developer	essential	http://data.europa.eu/esco/skill/f28617ad-afdd-4041-814c-216153a38998	analyse software specifications	skill
f2b15a0e-e65a-438a-affb-29b9d50b77d1	software developer	essential	http://data.europa.eu/esco/skill/9d2e926f-53d9-41f5-98f3-19dfaa687f3f	tools for software configuration management	knowledge
f2b15a0e-e65a-438a-affb-29b9d50b77d1	software developer	essential	http://data.europa.eu/esco/skill/2522a6ce-3202-4ac8-9f5b-b9cb5a3a83a1	debug software	skill
f2b15a0e-e65a-438a-affb-29b9d50b77d1	software developer	essential	http://data.europa.eu/esco/skill/541561bc-510c-4a99-881c-2d8bf5a85462	use technical drawing software	skill
f2b15a0e-e65a-438a-affb-29b9d50b77d1	software developer	essential	http://data.europa.eu/esco/skill/4fabca9a-7435-4f33-b1da-3cdb00340fdc	perform scientific research	skill
f2b15a0e-e65a-438a-affb-29b9d50b77d1	software developer	essential	http://data.europa.eu/esco/skill/21d2f96d-35f7-4e3f-9745-c533d2dd6e97	computer programming	knowledge
f2b15a0e-e65a-438a-affb-29b9d50b77d1	software developer	essential	http://data.europa.eu/esco/skill/209a5498-3449-4689-8ed9-bd08cab4fd78	engineering principles	knowledge
f2b15a0e-e65a-438a-affb-29b9d50b77d1	software developer	essential	http://data.europa.eu/esco/skill/172020d1-e151-445b-8173-e2a5fb16fe51	utilise computer-aided software engineering tools	skill
f2b15a0e-e65a-438a-affb-29b9d50b77d1	software developer	optional	http://data.europa.eu/esco/skill/a4d336a6-9ffd-402a-91cc-f359716ba4e0	ML (computer programming)	knowledge
f2b15a0e-e65a-438a-affb-29b9d50b77d1	software developer	optional	http://data.europa.eu/esco/skill/e8b89eb6-51e8-4c3a-babb-88b2e110376b	Pascal (computer programming)	knowledge
f2b15a0e-e65a-438a-affb-29b9d50b77d1	software developer	optional	http://data.europa.eu/esco/skill/000f1d3d-220f-4789-9c0a-cc742521fb02	Haskell	knowledge
f2b15a0e-e65a-438a-affb-29b9d50b77d1	software developer	optional	http://data.europa.eu/esco/skill/5898d99a-62a4-4e10-a2e3-0d815ce44248	cyber attack counter-measures	knowledge
f2b15a0e-e65a-438a-affb-29b9d50b77d1	software developer	optional	http://data.europa.eu/esco/skill/993b1e23-f2de-4bd8-b33f-f86dde1c8e9d	CoffeeScript	knowledge
f2b15a0e-e65a-438a-affb-29b9d50b77d1	software developer	optional	http://data.europa.eu/esco/skill/0d168770-4d9c-4096-b048-a6577818d306	Apache Maven	knowledge
f2b15a0e-e65a-438a-affb-29b9d50b77d1	software developer	optional	http://data.europa.eu/esco/skill/51586df8-1c46-4b47-8583-773cb63bf00b	R	knowledge
f2b15a0e-e65a-438a-affb-29b9d50b77d1	software developer	optional	http://data.europa.eu/esco/skill/19a8293b-8e95-4de3-983f-77484079c389	Java (computer programming)	knowledge
f2b15a0e-e65a-438a-affb-29b9d50b77d1	software developer	optional	http://data.europa.eu/esco/skill/9035afc4-5317-455d-ab60-f32e2ecc6bfc	blockchain platforms	knowledge
f2b15a0e-e65a-438a-affb-29b9d50b77d1	software developer	optional	http://data.europa.eu/esco/skill/dcdd5ddf-82a6-4ac3-8edc-d4b23cae9a88	VBScript	knowledge
f2b15a0e-e65a-438a-affb-29b9d50b77d1	software developer	optional	http://data.europa.eu/esco/skill/6d289e8b-2cc1-4eda-ab1f-ad1090ef98f0	WordPress	knowledge
f2b15a0e-e65a-438a-affb-29b9d50b77d1	software developer	optional	http://data.europa.eu/esco/skill/6f8a40d6-f9ce-43ec-a72f-d4213a53f3ed	Ansible	knowledge
f2b15a0e-e65a-438a-affb-29b9d50b77d1	software developer	optional	http://data.europa.eu/esco/skill/58d7a289-dafd-4363-833f-d1dc4140885e	APL	knowledge
f2b15a0e-e65a-438a-affb-29b9d50b77d1	software developer	optional	http://data.europa.eu/esco/skill/b4dc6e4f-dc7d-445f-8ce2-d7b9d225e282	AJAX	knowledge
f2b15a0e-e65a-438a-affb-29b9d50b77d1	software developer	optional	http://data.europa.eu/esco/skill/17924c75-45f4-4593-afac-eea0d51f04b5	defence standard procedures	knowledge
f2b15a0e-e65a-438a-affb-29b9d50b77d1	software developer	optional	http://data.europa.eu/esco/skill/65e58886-bd1e-4c5b-8ca5-8d9b353c8aa1	data visualisation software	knowledge
f2b15a0e-e65a-438a-affb-29b9d50b77d1	software developer	optional	http://data.europa.eu/esco/skill/ba1b0441-a6b8-4e57-8ccc-871012f63e42	trading software	knowledge
f2b15a0e-e65a-438a-affb-29b9d50b77d1	software developer	optional	http://data.europa.eu/esco/skill/020918ef-4b55-47c1-8430-ab7b8f6a7377	migrate existing data	skill
f2b15a0e-e65a-438a-affb-29b9d50b77d1	software developer	optional	http://data.europa.eu/esco/skill/8764d4b1-e069-44f2-8baa-fb1eee1850ec	Oracle Application Development Framework	knowledge
f2b15a0e-e65a-438a-affb-29b9d50b77d1	software developer	optional	http://data.europa.eu/esco/skill/9973a5a2-7822-4161-99e9-95c781eb63f8	Objective-C	knowledge
f2b15a0e-e65a-438a-affb-29b9d50b77d1	software developer	optional	http://data.europa.eu/esco/skill/a4e31589-3632-4926-91d0-15b889c90b9b	IBM WebSphere	knowledge
f2b15a0e-e65a-438a-affb-29b9d50b77d1	software developer	optional	http://data.europa.eu/esco/skill/8696aff0-18c0-4ba6-a4d0-9a21861b3e5e	World Wide Web Consortium standards	knowledge
f2b15a0e-e65a-438a-affb-29b9d50b77d1	software developer	optional	http://data.europa.eu/esco/skill/3c2e6f38-42c1-46ec-b782-5854b2db330d	blockchain openness	knowledge
f2b15a0e-e65a-438a-affb-29b9d50b77d1	software developer	optional	http://data.europa.eu/esco/skill/ccd0a1d9-afda-43d9-b901-96344886e14d	Python (computer programming)	knowledge
f2b15a0e-e65a-438a-affb-29b9d50b77d1	software developer	optional	http://data.europa.eu/esco/skill/2c4e11ef-da18-4e19-816b-e6bc19e12424	use logic programming	skill
f2b15a0e-e65a-438a-affb-29b9d50b77d1	software developer	optional	http://data.europa.eu/esco/skill/449d119b-2d66-43a9-9230-7d27f16afbb6	Xcode	knowledge
f2b15a0e-e65a-438a-affb-29b9d50b77d1	software developer	optional	http://data.europa.eu/esco/skill/47b9bbcf-356c-4782-83a4-7f5a1b2b51a3	Assembly (computer programming)	knowledge
f2b15a0e-e65a-438a-affb-29b9d50b77d1	software developer	optional	http://data.europa.eu/esco/skill/eb0e5615-1575-4a86-a1a2-7d39595033c5	ABAP	knowledge
f2b15a0e-e65a-438a-affb-29b9d50b77d1	software developer	optional	http://data.europa.eu/esco/skill/13bdd41a-2a18-441f-96db-41252c519413	Visual Basic	knowledge
f2b15a0e-e65a-438a-affb-29b9d50b77d1	software developer	optional	http://data.europa.eu/esco/skill/670f8eea-f25b-4c3f-97ef-a4729d4c63d6	smart contract	knowledge
f2b15a0e-e65a-438a-affb-29b9d50b77d1	software developer	optional	http://data.europa.eu/esco/skill/be80acfc-b6f2-4411-9b8d-b19d9cd2556a	Swift (computer programming)	knowledge
f2b15a0e-e65a-438a-affb-29b9d50b77d1	software developer	optional	http://data.europa.eu/esco/skill/8369c2d6-c100-4cf6-bd83-9668d8678433	utilise machine learning	skill
f2b15a0e-e65a-438a-affb-29b9d50b77d1	software developer	optional	http://data.europa.eu/esco/skill/9b9de2a4-d8af-4a7b-933a-a8334ae60067	JavaScript Framework	knowledge
f2b15a0e-e65a-438a-affb-29b9d50b77d1	software developer	optional	http://data.europa.eu/esco/skill/04f1b938-d4d4-4cb1-a863-982af76b9d93	SAS language	knowledge
f2b15a0e-e65a-438a-affb-29b9d50b77d1	software developer	optional	http://data.europa.eu/esco/skill/6417a4cc-6f61-4459-a114-761a7fa0279d	Puppet (tools for software configuration management)	knowledge
f2b15a0e-e65a-438a-affb-29b9d50b77d1	software developer	optional	http://data.europa.eu/esco/skill/c7451027-8249-405a-bb1b-342ff0f3fb3b	Salt (tools for software configuration management)	knowledge
f2b15a0e-e65a-438a-affb-29b9d50b77d1	software developer	optional	http://data.europa.eu/esco/skill/0cd6dcf1-5778-42a5-b685-4d01ae4a4871	Common Lisp	knowledge
f2b15a0e-e65a-438a-affb-29b9d50b77d1	software developer	optional	http://data.europa.eu/esco/skill/438ff259-d086-4004-acda-1ec3e1631bc6	software anomalies	knowledge
f2b15a0e-e65a-438a-affb-29b9d50b77d1	software developer	optional	http://data.europa.eu/esco/skill/8369ede5-4200-4a44-be2e-bc60ef959259	Microsoft Visual C++	knowledge
f2b15a0e-e65a-438a-affb-29b9d50b77d1	software developer	optional	http://data.europa.eu/esco/skill/af7ae54f-4649-4c16-87c7-59ba41d4d57f	SPARK	knowledge
f2b15a0e-e65a-438a-affb-29b9d50b77d1	software developer	optional	http://data.europa.eu/esco/skill/1774bd31-8893-44cf-9498-7e3d95508419	screen reader	knowledge
f2b15a0e-e65a-438a-affb-29b9d50b77d1	software developer	optional	http://data.europa.eu/esco/skill/def007fa-5fed-4a5f-91a2-b0d7e3db1be1	COBOL	knowledge
f2b15a0e-e65a-438a-affb-29b9d50b77d1	software developer	optional	http://data.europa.eu/esco/skill/6b6a9252-2ed7-4862-a02f-1578f4a532ea	Eclipse (integrated development environment software)	knowledge
f2b15a0e-e65a-438a-affb-29b9d50b77d1	software developer	optional	http://data.europa.eu/esco/skill/1de3942b-99d8-41e8-9ef0-fbc9e9f6307b	Drupal	knowledge
f2b15a0e-e65a-438a-affb-29b9d50b77d1	software developer	optional	http://data.europa.eu/esco/skill/b633eb55-8f1f-4ae6-ab4c-2022ffe2cb7f	C++	knowledge
f2b15a0e-e65a-438a-affb-29b9d50b77d1	software developer	optional	http://data.europa.eu/esco/skill/598de5b0-5b58-4ea7-8058-a4bc4d18c742	SQL	knowledge
f2b15a0e-e65a-438a-affb-29b9d50b77d1	software developer	optional	http://data.europa.eu/esco/skill/56a7f561-1d55-43c9-9cd7-36a0a9bc6c50	ASP.NET	knowledge
f2b15a0e-e65a-438a-affb-29b9d50b77d1	software developer	optional	http://data.europa.eu/esco/skill/013441c1-1f13-47e9-80c4-9a53e8e1bc05	KDevelop	knowledge
f2b15a0e-e65a-438a-affb-29b9d50b77d1	software developer	optional	http://data.europa.eu/esco/skill/d56fc2b5-4b0a-4e7e-9bde-a33736f6ff18	Scratch (computer programming)	knowledge
f2b15a0e-e65a-438a-affb-29b9d50b77d1	software developer	optional	http://data.europa.eu/esco/skill/71746a0b-e58d-4dc4-ad03-bd84082eae21	collect customer feedback on applications	skill
f2b15a0e-e65a-438a-affb-29b9d50b77d1	software developer	optional	http://data.europa.eu/esco/skill/d31fab87-2a7d-485c-b699-2901ca294b15	use functional programming	skill
f2b15a0e-e65a-438a-affb-29b9d50b77d1	software developer	optional	http://data.europa.eu/esco/skill/034c29fa-c3ba-45ea-b8f3-bf8e3705e386	Erlang	knowledge
f2b15a0e-e65a-438a-affb-29b9d50b77d1	software developer	optional	http://data.europa.eu/esco/skill/300d432b-f457-4cd3-9cb1-1858c7d14954	OpenEdge Advanced Business Language	knowledge
f2b15a0e-e65a-438a-affb-29b9d50b77d1	software developer	optional	http://data.europa.eu/esco/skill/38716afc-a93b-44ab-96cc-2ecf67edcf32	do cloud refactoring	skill
f2b15a0e-e65a-438a-affb-29b9d50b77d1	software developer	optional	http://data.europa.eu/esco/skill/69f0167e-75d9-46cf-847f-72a592880ebb	STAF	knowledge
f2b15a0e-e65a-438a-affb-29b9d50b77d1	software developer	optional	http://data.europa.eu/esco/skill/bb99af26-71ff-4dca-bde7-1eb1f6194426	SAP R3	knowledge
f2b15a0e-e65a-438a-affb-29b9d50b77d1	software developer	optional	http://data.europa.eu/esco/skill/867137fb-ff1b-4ca3-99f3-cb6969aa2c68	TypeScript	knowledge
f2b15a0e-e65a-438a-affb-29b9d50b77d1	software developer	optional	http://data.europa.eu/esco/skill/8c4c49d4-9708-433f-8ca7-bf2c5211ee49	develop creative ideas	skill
f2b15a0e-e65a-438a-affb-29b9d50b77d1	software developer	optional	http://data.europa.eu/esco/skill/0fb753a1-2ef2-4429-84d2-ecb2b24daf7a	Apache Tomcat	knowledge
f2b15a0e-e65a-438a-affb-29b9d50b77d1	software developer	optional	http://data.europa.eu/esco/skill/8c88d336-c249-4537-b26e-d679a85c4b9b	Ajax Framework	knowledge
f2b15a0e-e65a-438a-affb-29b9d50b77d1	software developer	optional	http://data.europa.eu/esco/skill/fd33c66c-70c4-40e6-b87c-5495bd3bf26e	design user interface	skill
f2b15a0e-e65a-438a-affb-29b9d50b77d1	software developer	optional	http://data.europa.eu/esco/skill/4c016b68-4116-468c-9dc6-42710c239e4a	C#	knowledge
f2b15a0e-e65a-438a-affb-29b9d50b77d1	software developer	optional	http://data.europa.eu/esco/skill/76ef6ed3-1658-4a1a-9593-204d799c6d0c	NoSQL	knowledge
f2b15a0e-e65a-438a-affb-29b9d50b77d1	software developer	optional	http://data.europa.eu/esco/skill/f5308e60-d763-4ead-be95-88c96fb3e02b	adapt to changes in technological development plans	skill
f2b15a0e-e65a-438a-affb-29b9d50b77d1	software developer	optional	http://data.europa.eu/esco/skill/5be3d306-6cf1-4b49-aa1d-01651dd4ba4c	object-oriented modelling	knowledge
f2b15a0e-e65a-438a-affb-29b9d50b77d1	software developer	optional	http://data.europa.eu/esco/skill/ffddfc7c-a9dd-449f-9e96-882dc447c8b6	Scala	knowledge
f2b15a0e-e65a-438a-affb-29b9d50b77d1	software developer	optional	http://data.europa.eu/esco/skill/401eb8d8-6daa-4f8b-90ad-60afc71eb4f8	Perl	knowledge
f2b15a0e-e65a-438a-affb-29b9d50b77d1	software developer	optional	http://data.europa.eu/esco/skill/52cf3037-ab53-4806-85ed-7fd21ea7f6a1	Groovy	knowledge
f2b15a0e-e65a-438a-affb-29b9d50b77d1	software developer	optional	http://data.europa.eu/esco/skill/75f839c2-fd9a-4ad3-8921-6e734608568d	use query languages	skill
f2b15a0e-e65a-438a-affb-29b9d50b77d1	software developer	optional	http://data.europa.eu/esco/skill/25b291b5-8245-4d9d-b391-86a8a31d7109	use concurrent programming	skill
f2b15a0e-e65a-438a-affb-29b9d50b77d1	software developer	optional	http://data.europa.eu/esco/skill/c3a03c5a-c260-4c26-9b9a-873abb396f4d	MATLAB	knowledge
f2b15a0e-e65a-438a-affb-29b9d50b77d1	software developer	optional	http://data.europa.eu/esco/skill/5b9cde20-f1b9-4adc-bfb3-dbf70b14138d	use object-oriented programming	skill
f2b15a0e-e65a-438a-affb-29b9d50b77d1	software developer	optional	http://data.europa.eu/esco/skill/7d10fcb2-b368-48ab-996b-7c9fafcf68ed	use automatic programming	skill
f2b15a0e-e65a-438a-affb-29b9d50b77d1	software developer	optional	http://data.europa.eu/esco/skill/24c200e5-be20-4370-a137-ab53797f3a17	software frameworks	knowledge
f2b15a0e-e65a-438a-affb-29b9d50b77d1	software developer	optional	http://data.europa.eu/esco/skill/42ed3bfb-1a01-4c8b-9758-fc6438865734	Smalltalk (computer programming)	knowledge
f2b15a0e-e65a-438a-affb-29b9d50b77d1	software developer	optional	http://data.europa.eu/esco/skill/4350c38d-0fe9-4ca7-bab9-40ed7f72b04f	PHP	knowledge
f2b15a0e-e65a-438a-affb-29b9d50b77d1	software developer	optional	http://data.europa.eu/esco/skill/ed8de897-adbe-4f0e-b4d2-534953e64c72	integrate system components	skill
f2b15a0e-e65a-438a-affb-29b9d50b77d1	software developer	optional	http://data.europa.eu/esco/skill/f47a1998-0beb-43be-9f46-380aa4d183da	Jenkins (tools for software configuration management)	knowledge
f2b15a0e-e65a-438a-affb-29b9d50b77d1	software developer	optional	http://data.europa.eu/esco/skill/3cd569a2-4f88-4c1e-9995-8dce8c5e51a7	JavaScript	knowledge
f2b15a0e-e65a-438a-affb-29b9d50b77d1	software developer	optional	http://data.europa.eu/esco/skill/0de61385-de6d-4146-ba32-1cc1bc102220	Lisp	knowledge
f2b15a0e-e65a-438a-affb-29b9d50b77d1	software developer	optional	http://data.europa.eu/esco/skill/7814e88f-c133-4c3b-b27f-857afa145d42	ICT security legislation	knowledge
f2b15a0e-e65a-438a-affb-29b9d50b77d1	software developer	optional	http://data.europa.eu/esco/skill/f049d050-12da-4e40-813a-2b5eb6df6b51	Internet of Things	knowledge
f2b15a0e-e65a-438a-affb-29b9d50b77d1	software developer	optional	http://data.europa.eu/esco/skill/0ccdfe98-f845-4598-84a1-3dca66e9d9a3	Ruby (computer programming)	knowledge
f2b15a0e-e65a-438a-affb-29b9d50b77d1	software developer	optional	http://data.europa.eu/esco/skill/2bde42ae-e776-41c1-9ded-b07b30bfe985	Prolog (computer programming)	knowledge
bd272aee-adc9-4a06-a15c-a73b4b4a46a7	ICT application developer	essential	http://data.europa.eu/esco/skill/2b7a79e5-84d8-4880-be66-3d9bb05bea17	use software design patterns	skill
bd272aee-adc9-4a06-a15c-a73b4b4a46a7	ICT application developer	essential	http://data.europa.eu/esco/skill/0b0335f3-0aa1-491e-895e-81fc8774a300	develop automated migration methods	skill
bd272aee-adc9-4a06-a15c-a73b4b4a46a7	ICT application developer	essential	http://data.europa.eu/esco/skill/41bf7ede-fc84-4a57-8c89-b548d11b0ba1	manage business knowledge	skill
bd272aee-adc9-4a06-a15c-a73b4b4a46a7	ICT application developer	essential	http://data.europa.eu/esco/skill/9d2e926f-53d9-41f5-98f3-19dfaa687f3f	tools for software configuration management	knowledge
bd272aee-adc9-4a06-a15c-a73b4b4a46a7	ICT application developer	essential	http://data.europa.eu/esco/skill/797a4416-0b8d-44f3-8fcd-eb10bd0be6b4	develop software prototype	skill
bd272aee-adc9-4a06-a15c-a73b4b4a46a7	ICT application developer	essential	http://data.europa.eu/esco/skill/172020d1-e151-445b-8173-e2a5fb16fe51	utilise computer-aided software engineering tools	skill
bd272aee-adc9-4a06-a15c-a73b4b4a46a7	ICT application developer	essential	http://data.europa.eu/esco/skill/6014921e-1d25-4039-adc2-04852d61880e	ICT debugging tools	knowledge
bd272aee-adc9-4a06-a15c-a73b4b4a46a7	ICT application developer	essential	http://data.europa.eu/esco/skill/2522a6ce-3202-4ac8-9f5b-b9cb5a3a83a1	debug software	skill
bd272aee-adc9-4a06-a15c-a73b4b4a46a7	ICT application developer	essential	http://data.europa.eu/esco/skill/85c11255-469f-41bd-a6d1-382bc4a87783	interpret technical texts	skill
bd272aee-adc9-4a06-a15c-a73b4b4a46a7	ICT application developer	essential	http://data.europa.eu/esco/skill/f28617ad-afdd-4041-814c-216153a38998	analyse software specifications	skill
bd272aee-adc9-4a06-a15c-a73b4b4a46a7	ICT application developer	essential	http://data.europa.eu/esco/skill/8b94aa1e-89c9-459d-b3b4-1dfab8dec2df	use software libraries	skill
bd272aee-adc9-4a06-a15c-a73b4b4a46a7	ICT application developer	essential	http://data.europa.eu/esco/skill/901105f8-3a08-453e-b1dc-23619e317fd3	create flowchart diagram	skill
bd272aee-adc9-4a06-a15c-a73b4b4a46a7	ICT application developer	essential	http://data.europa.eu/esco/skill/21d2f96d-35f7-4e3f-9745-c533d2dd6e97	computer programming	knowledge
bd272aee-adc9-4a06-a15c-a73b4b4a46a7	ICT application developer	essential	http://data.europa.eu/esco/skill/04fe962b-4017-4eb7-9139-7d69b6922bc9	use an application-specific interface	skill
bd272aee-adc9-4a06-a15c-a73b4b4a46a7	ICT application developer	essential	http://data.europa.eu/esco/skill/07e51c60-763a-4335-b4ec-70a15f66d328	propose ICT solutions to business problems	skill
bd272aee-adc9-4a06-a15c-a73b4b4a46a7	ICT application developer	essential	http://data.europa.eu/esco/skill/0e0c9c11-b39e-43cf-ba95-2fe646f5de64	identify customer requirements	skill
bd272aee-adc9-4a06-a15c-a73b4b4a46a7	ICT application developer	essential	http://data.europa.eu/esco/skill/925463a7-d51f-4d5b-9f79-4d28cf30acde	integrated development environment software	knowledge
bd272aee-adc9-4a06-a15c-a73b4b4a46a7	ICT application developer	optional	http://data.europa.eu/esco/skill/013441c1-1f13-47e9-80c4-9a53e8e1bc05	KDevelop	knowledge
bd272aee-adc9-4a06-a15c-a73b4b4a46a7	ICT application developer	optional	http://data.europa.eu/esco/skill/af7ae54f-4649-4c16-87c7-59ba41d4d57f	SPARK	knowledge
bd272aee-adc9-4a06-a15c-a73b4b4a46a7	ICT application developer	optional	http://data.europa.eu/esco/skill/3cd569a2-4f88-4c1e-9995-8dce8c5e51a7	JavaScript	knowledge
bd272aee-adc9-4a06-a15c-a73b4b4a46a7	ICT application developer	optional	http://data.europa.eu/esco/skill/4c016b68-4116-468c-9dc6-42710c239e4a	C#	knowledge
bd272aee-adc9-4a06-a15c-a73b4b4a46a7	ICT application developer	optional	http://data.europa.eu/esco/skill/8369ede5-4200-4a44-be2e-bc60ef959259	Microsoft Visual C++	knowledge
bd272aee-adc9-4a06-a15c-a73b4b4a46a7	ICT application developer	optional	http://data.europa.eu/esco/skill/6f8a40d6-f9ce-43ec-a72f-d4213a53f3ed	Ansible	knowledge
bd272aee-adc9-4a06-a15c-a73b4b4a46a7	ICT application developer	optional	http://data.europa.eu/esco/skill/63f0aa84-5e4c-4eb6-8e8c-876d9feedf1f	Outsourcing model	knowledge
bd272aee-adc9-4a06-a15c-a73b4b4a46a7	ICT application developer	optional	http://data.europa.eu/esco/skill/ccd0a1d9-afda-43d9-b901-96344886e14d	Python (computer programming)	knowledge
bd272aee-adc9-4a06-a15c-a73b4b4a46a7	ICT application developer	optional	http://data.europa.eu/esco/skill/ae6c1227-dd33-4df0-a64e-439cfdf948ea	develop food scanner devices	skill
bd272aee-adc9-4a06-a15c-a73b4b4a46a7	ICT application developer	optional	http://data.europa.eu/esco/skill/598de5b0-5b58-4ea7-8058-a4bc4d18c742	SQL	knowledge
bd272aee-adc9-4a06-a15c-a73b4b4a46a7	ICT application developer	optional	http://data.europa.eu/esco/skill/a4e31589-3632-4926-91d0-15b889c90b9b	IBM WebSphere	knowledge
bd272aee-adc9-4a06-a15c-a73b4b4a46a7	ICT application developer	optional	http://data.europa.eu/esco/skill/1de3942b-99d8-41e8-9ef0-fbc9e9f6307b	Drupal	knowledge
bd272aee-adc9-4a06-a15c-a73b4b4a46a7	ICT application developer	optional	http://data.europa.eu/esco/skill/f049d050-12da-4e40-813a-2b5eb6df6b51	Internet of Things	knowledge
bd272aee-adc9-4a06-a15c-a73b4b4a46a7	ICT application developer	optional	http://data.europa.eu/esco/skill/d56fc2b5-4b0a-4e7e-9bde-a33736f6ff18	Scratch (computer programming)	knowledge
bd272aee-adc9-4a06-a15c-a73b4b4a46a7	ICT application developer	optional	http://data.europa.eu/esco/skill/19a8293b-8e95-4de3-983f-77484079c389	Java (computer programming)	knowledge
bd272aee-adc9-4a06-a15c-a73b4b4a46a7	ICT application developer	optional	http://data.europa.eu/esco/skill/b633eb55-8f1f-4ae6-ab4c-2022ffe2cb7f	C++	knowledge
bd272aee-adc9-4a06-a15c-a73b4b4a46a7	ICT application developer	optional	http://data.europa.eu/esco/skill/4350c38d-0fe9-4ca7-bab9-40ed7f72b04f	PHP	knowledge
bd272aee-adc9-4a06-a15c-a73b4b4a46a7	ICT application developer	optional	http://data.europa.eu/esco/skill/51586df8-1c46-4b47-8583-773cb63bf00b	R	knowledge
bd272aee-adc9-4a06-a15c-a73b4b4a46a7	ICT application developer	optional	http://data.europa.eu/esco/skill/5be3d306-6cf1-4b49-aa1d-01651dd4ba4c	object-oriented modelling	knowledge
bd272aee-adc9-4a06-a15c-a73b4b4a46a7	ICT application developer	optional	http://data.europa.eu/esco/skill/9973a5a2-7822-4161-99e9-95c781eb63f8	Objective-C	knowledge
bd272aee-adc9-4a06-a15c-a73b4b4a46a7	ICT application developer	optional	http://data.europa.eu/esco/skill/6d289e8b-2cc1-4eda-ab1f-ad1090ef98f0	WordPress	knowledge
bd272aee-adc9-4a06-a15c-a73b4b4a46a7	ICT application developer	optional	http://data.europa.eu/esco/skill/f5308e60-d763-4ead-be95-88c96fb3e02b	adapt to changes in technological development plans	skill
bd272aee-adc9-4a06-a15c-a73b4b4a46a7	ICT application developer	optional	http://data.europa.eu/esco/skill/71746a0b-e58d-4dc4-ad03-bd84082eae21	collect customer feedback on applications	skill
bd272aee-adc9-4a06-a15c-a73b4b4a46a7	ICT application developer	optional	http://data.europa.eu/esco/skill/8696aff0-18c0-4ba6-a4d0-9a21861b3e5e	World Wide Web Consortium standards	knowledge
bd272aee-adc9-4a06-a15c-a73b4b4a46a7	ICT application developer	optional	http://data.europa.eu/esco/skill/ffddfc7c-a9dd-449f-9e96-882dc447c8b6	Scala	knowledge
bd272aee-adc9-4a06-a15c-a73b4b4a46a7	ICT application developer	optional	http://data.europa.eu/esco/skill/69f0167e-75d9-46cf-847f-72a592880ebb	STAF	knowledge
bd272aee-adc9-4a06-a15c-a73b4b4a46a7	ICT application developer	optional	http://data.europa.eu/esco/skill/eb0e5615-1575-4a86-a1a2-7d39595033c5	ABAP	knowledge
bd272aee-adc9-4a06-a15c-a73b4b4a46a7	ICT application developer	optional	http://data.europa.eu/esco/skill/2c4e11ef-da18-4e19-816b-e6bc19e12424	use logic programming	skill
bd272aee-adc9-4a06-a15c-a73b4b4a46a7	ICT application developer	optional	http://data.europa.eu/esco/skill/fd33c66c-70c4-40e6-b87c-5495bd3bf26e	design user interface	skill
bd272aee-adc9-4a06-a15c-a73b4b4a46a7	ICT application developer	optional	http://data.europa.eu/esco/skill/bb99af26-71ff-4dca-bde7-1eb1f6194426	SAP R3	knowledge
bd272aee-adc9-4a06-a15c-a73b4b4a46a7	ICT application developer	optional	http://data.europa.eu/esco/skill/e8b89eb6-51e8-4c3a-babb-88b2e110376b	Pascal (computer programming)	knowledge
bd272aee-adc9-4a06-a15c-a73b4b4a46a7	ICT application developer	optional	http://data.europa.eu/esco/skill/dcdd5ddf-82a6-4ac3-8edc-d4b23cae9a88	VBScript	knowledge
bd272aee-adc9-4a06-a15c-a73b4b4a46a7	ICT application developer	optional	http://data.europa.eu/esco/skill/76ef6ed3-1658-4a1a-9593-204d799c6d0c	NoSQL	knowledge
bd272aee-adc9-4a06-a15c-a73b4b4a46a7	ICT application developer	optional	http://data.europa.eu/esco/skill/8c88d336-c249-4537-b26e-d679a85c4b9b	Ajax Framework	knowledge
bd272aee-adc9-4a06-a15c-a73b4b4a46a7	ICT application developer	optional	http://data.europa.eu/esco/skill/7814e88f-c133-4c3b-b27f-857afa145d42	ICT security legislation	knowledge
bd272aee-adc9-4a06-a15c-a73b4b4a46a7	ICT application developer	optional	http://data.europa.eu/esco/skill/6417a4cc-6f61-4459-a114-761a7fa0279d	Puppet (tools for software configuration management)	knowledge
bd272aee-adc9-4a06-a15c-a73b4b4a46a7	ICT application developer	optional	http://data.europa.eu/esco/skill/56a7f561-1d55-43c9-9cd7-36a0a9bc6c50	ASP.NET	knowledge
bd272aee-adc9-4a06-a15c-a73b4b4a46a7	ICT application developer	optional	http://data.europa.eu/esco/skill/13bdd41a-2a18-441f-96db-41252c519413	Visual Basic	knowledge
bd272aee-adc9-4a06-a15c-a73b4b4a46a7	ICT application developer	optional	http://data.europa.eu/esco/skill/c3a03c5a-c260-4c26-9b9a-873abb396f4d	MATLAB	knowledge
bd272aee-adc9-4a06-a15c-a73b4b4a46a7	ICT application developer	optional	http://data.europa.eu/esco/skill/7d10fcb2-b368-48ab-996b-7c9fafcf68ed	use automatic programming	skill
bd272aee-adc9-4a06-a15c-a73b4b4a46a7	ICT application developer	optional	http://data.europa.eu/esco/skill/6b6a9252-2ed7-4862-a02f-1578f4a532ea	Eclipse (integrated development environment software)	knowledge
bd272aee-adc9-4a06-a15c-a73b4b4a46a7	ICT application developer	optional	http://data.europa.eu/esco/skill/be80acfc-b6f2-4411-9b8d-b19d9cd2556a	Swift (computer programming)	knowledge
bd272aee-adc9-4a06-a15c-a73b4b4a46a7	ICT application developer	optional	http://data.europa.eu/esco/skill/020918ef-4b55-47c1-8430-ab7b8f6a7377	migrate existing data	skill
bd272aee-adc9-4a06-a15c-a73b4b4a46a7	ICT application developer	optional	http://data.europa.eu/esco/skill/449d119b-2d66-43a9-9230-7d27f16afbb6	Xcode	knowledge
bd272aee-adc9-4a06-a15c-a73b4b4a46a7	ICT application developer	optional	http://data.europa.eu/esco/skill/75f839c2-fd9a-4ad3-8921-6e734608568d	use query languages	skill
bd272aee-adc9-4a06-a15c-a73b4b4a46a7	ICT application developer	optional	http://data.europa.eu/esco/skill/58d7a289-dafd-4363-833f-d1dc4140885e	APL	knowledge
bd272aee-adc9-4a06-a15c-a73b4b4a46a7	ICT application developer	optional	http://data.europa.eu/esco/skill/9b9de2a4-d8af-4a7b-933a-a8334ae60067	JavaScript Framework	knowledge
bd272aee-adc9-4a06-a15c-a73b4b4a46a7	ICT application developer	optional	http://data.europa.eu/esco/skill/5b9cde20-f1b9-4adc-bfb3-dbf70b14138d	use object-oriented programming	skill
bd272aee-adc9-4a06-a15c-a73b4b4a46a7	ICT application developer	optional	http://data.europa.eu/esco/skill/38716afc-a93b-44ab-96cc-2ecf67edcf32	do cloud refactoring	skill
bd272aee-adc9-4a06-a15c-a73b4b4a46a7	ICT application developer	optional	http://data.europa.eu/esco/skill/def007fa-5fed-4a5f-91a2-b0d7e3db1be1	COBOL	knowledge
bd272aee-adc9-4a06-a15c-a73b4b4a46a7	ICT application developer	optional	http://data.europa.eu/esco/skill/000f1d3d-220f-4789-9c0a-cc742521fb02	Haskell	knowledge
bd272aee-adc9-4a06-a15c-a73b4b4a46a7	ICT application developer	optional	http://data.europa.eu/esco/skill/04f1b938-d4d4-4cb1-a863-982af76b9d93	SAS language	knowledge
bd272aee-adc9-4a06-a15c-a73b4b4a46a7	ICT application developer	optional	http://data.europa.eu/esco/skill/b4dc6e4f-dc7d-445f-8ce2-d7b9d225e282	AJAX	knowledge
bd272aee-adc9-4a06-a15c-a73b4b4a46a7	ICT application developer	optional	http://data.europa.eu/esco/skill/c7451027-8249-405a-bb1b-342ff0f3fb3b	Salt (tools for software configuration management)	knowledge
bd272aee-adc9-4a06-a15c-a73b4b4a46a7	ICT application developer	optional	http://data.europa.eu/esco/skill/401eb8d8-6daa-4f8b-90ad-60afc71eb4f8	Perl	knowledge
bd272aee-adc9-4a06-a15c-a73b4b4a46a7	ICT application developer	optional	http://data.europa.eu/esco/skill/0d168770-4d9c-4096-b048-a6577818d306	Apache Maven	knowledge
bd272aee-adc9-4a06-a15c-a73b4b4a46a7	ICT application developer	optional	http://data.europa.eu/esco/skill/438ff259-d086-4004-acda-1ec3e1631bc6	software anomalies	knowledge
bd272aee-adc9-4a06-a15c-a73b4b4a46a7	ICT application developer	optional	http://data.europa.eu/esco/skill/f47a1998-0beb-43be-9f46-380aa4d183da	Jenkins (tools for software configuration management)	knowledge
bd272aee-adc9-4a06-a15c-a73b4b4a46a7	ICT application developer	optional	http://data.europa.eu/esco/skill/ed8de897-adbe-4f0e-b4d2-534953e64c72	integrate system components	skill
bd272aee-adc9-4a06-a15c-a73b4b4a46a7	ICT application developer	optional	http://data.europa.eu/esco/skill/867137fb-ff1b-4ca3-99f3-cb6969aa2c68	TypeScript	knowledge
bd272aee-adc9-4a06-a15c-a73b4b4a46a7	ICT application developer	optional	http://data.europa.eu/esco/skill/25b291b5-8245-4d9d-b391-86a8a31d7109	use concurrent programming	skill
bd272aee-adc9-4a06-a15c-a73b4b4a46a7	ICT application developer	optional	http://data.europa.eu/esco/skill/24c200e5-be20-4370-a137-ab53797f3a17	software frameworks	knowledge
bd272aee-adc9-4a06-a15c-a73b4b4a46a7	ICT application developer	optional	http://data.europa.eu/esco/skill/67a118f4-8a5f-48f7-8e5f-de34b9ca2c37	hybrid model	knowledge
bd272aee-adc9-4a06-a15c-a73b4b4a46a7	ICT application developer	optional	http://data.europa.eu/esco/skill/d31fab87-2a7d-485c-b699-2901ca294b15	use functional programming	skill
bd272aee-adc9-4a06-a15c-a73b4b4a46a7	ICT application developer	optional	http://data.europa.eu/esco/skill/0cd6dcf1-5778-42a5-b685-4d01ae4a4871	Common Lisp	knowledge
bd272aee-adc9-4a06-a15c-a73b4b4a46a7	ICT application developer	optional	http://data.europa.eu/esco/skill/0de61385-de6d-4146-ba32-1cc1bc102220	Lisp	knowledge
bd272aee-adc9-4a06-a15c-a73b4b4a46a7	ICT application developer	optional	http://data.europa.eu/esco/skill/0ccdfe98-f845-4598-84a1-3dca66e9d9a3	Ruby (computer programming)	knowledge
bd272aee-adc9-4a06-a15c-a73b4b4a46a7	ICT application developer	optional	http://data.europa.eu/esco/skill/b16200f4-4f39-4b8b-aa9d-3568054d6bdb	Open source model	knowledge
bd272aee-adc9-4a06-a15c-a73b4b4a46a7	ICT application developer	optional	http://data.europa.eu/esco/skill/47b9bbcf-356c-4782-83a4-7f5a1b2b51a3	Assembly (computer programming)	knowledge
bd272aee-adc9-4a06-a15c-a73b4b4a46a7	ICT application developer	optional	http://data.europa.eu/esco/skill/300d432b-f457-4cd3-9cb1-1858c7d14954	OpenEdge Advanced Business Language	knowledge
bd272aee-adc9-4a06-a15c-a73b4b4a46a7	ICT application developer	optional	http://data.europa.eu/esco/skill/8c4c49d4-9708-433f-8ca7-bf2c5211ee49	develop creative ideas	skill
bd272aee-adc9-4a06-a15c-a73b4b4a46a7	ICT application developer	optional	http://data.europa.eu/esco/skill/52cf3037-ab53-4806-85ed-7fd21ea7f6a1	Groovy	knowledge
bd272aee-adc9-4a06-a15c-a73b4b4a46a7	ICT application developer	optional	http://data.europa.eu/esco/skill/2bde42ae-e776-41c1-9ded-b07b30bfe985	Prolog (computer programming)	knowledge
bd272aee-adc9-4a06-a15c-a73b4b4a46a7	ICT application developer	optional	http://data.europa.eu/esco/skill/a4d336a6-9ffd-402a-91cc-f359716ba4e0	ML (computer programming)	knowledge
c40a2919-48a9-40ea-b506-1f34f693496d	web developer	essential	http://data.europa.eu/esco/skill/e74f4f21-8d45-412c-b5c3-652e6167ee32	content development processes	knowledge
c40a2919-48a9-40ea-b506-1f34f693496d	web developer	essential	http://data.europa.eu/esco/skill/16a00c69-9c74-4c37-96d7-6301d285e5ce	use e-services	skill
c40a2919-48a9-40ea-b506-1f34f693496d	web developer	essential	http://data.europa.eu/esco/skill/8696aff0-18c0-4ba6-a4d0-9a21861b3e5e	World Wide Web Consortium standards	knowledge
c40a2919-48a9-40ea-b506-1f34f693496d	web developer	essential	http://data.europa.eu/esco/skill/c2999f0c-eb37-4cdf-b9b0-82107b628794	style sheet languages	knowledge
c40a2919-48a9-40ea-b506-1f34f693496d	web developer	essential	http://data.europa.eu/esco/skill/71746a0b-e58d-4dc4-ad03-bd84082eae21	collect customer feedback on applications	skill
c40a2919-48a9-40ea-b506-1f34f693496d	web developer	essential	http://data.europa.eu/esco/skill/2b7a79e5-84d8-4880-be66-3d9bb05bea17	use software design patterns	skill
c40a2919-48a9-40ea-b506-1f34f693496d	web developer	essential	http://data.europa.eu/esco/skill/8b94aa1e-89c9-459d-b3b4-1dfab8dec2df	use software libraries	skill
c40a2919-48a9-40ea-b506-1f34f693496d	web developer	essential	http://data.europa.eu/esco/skill/c4b1f326-224a-420a-b8b3-814a8f13b6cb	implement front-end website design	skill
c40a2919-48a9-40ea-b506-1f34f693496d	web developer	essential	http://data.europa.eu/esco/skill/925463a7-d51f-4d5b-9f79-4d28cf30acde	integrated development environment software	knowledge
c40a2919-48a9-40ea-b506-1f34f693496d	web developer	essential	http://data.europa.eu/esco/skill/797a4416-0b8d-44f3-8fcd-eb10bd0be6b4	develop software prototype	skill
c40a2919-48a9-40ea-b506-1f34f693496d	web developer	essential	http://data.europa.eu/esco/skill/2522a6ce-3202-4ac8-9f5b-b9cb5a3a83a1	debug software	skill
c40a2919-48a9-40ea-b506-1f34f693496d	web developer	essential	http://data.europa.eu/esco/skill/9d2e926f-53d9-41f5-98f3-19dfaa687f3f	tools for software configuration management	knowledge
c40a2919-48a9-40ea-b506-1f34f693496d	web developer	essential	http://data.europa.eu/esco/skill/f28617ad-afdd-4041-814c-216153a38998	analyse software specifications	skill
c40a2919-48a9-40ea-b506-1f34f693496d	web developer	essential	http://data.europa.eu/esco/skill/04fe962b-4017-4eb7-9139-7d69b6922bc9	use an application-specific interface	skill
c40a2919-48a9-40ea-b506-1f34f693496d	web developer	essential	http://data.europa.eu/esco/skill/d2adb565-a865-424d-aeb5-9fbcbf2afe2a	Joomla	knowledge
c40a2919-48a9-40ea-b506-1f34f693496d	web developer	essential	http://data.europa.eu/esco/skill/6014921e-1d25-4039-adc2-04852d61880e	ICT debugging tools	knowledge
c40a2919-48a9-40ea-b506-1f34f693496d	web developer	essential	http://data.europa.eu/esco/skill/901105f8-3a08-453e-b1dc-23619e317fd3	create flowchart diagram	skill
c40a2919-48a9-40ea-b506-1f34f693496d	web developer	essential	http://data.europa.eu/esco/skill/5fd5c985-eaaa-47aa-8314-62359c54505a	develop digital content	skill
c40a2919-48a9-40ea-b506-1f34f693496d	web developer	essential	http://data.europa.eu/esco/skill/2d6d4784-0992-48e7-b100-22d7229b3f0a	translate requirements into visual design	skill
c40a2919-48a9-40ea-b506-1f34f693496d	web developer	essential	http://data.europa.eu/esco/skill/85c11255-469f-41bd-a6d1-382bc4a87783	interpret technical texts	skill
c40a2919-48a9-40ea-b506-1f34f693496d	web developer	essential	http://data.europa.eu/esco/skill/0af062de-eb43-41e9-9b96-249e2cd22d26	use markup languages	skill
c40a2919-48a9-40ea-b506-1f34f693496d	web developer	essential	http://data.europa.eu/esco/skill/21d2f96d-35f7-4e3f-9745-c533d2dd6e97	computer programming	knowledge
c40a2919-48a9-40ea-b506-1f34f693496d	web developer	essential	http://data.europa.eu/esco/skill/071233c4-ad2b-4f50-b79f-768d2231163e	domain name service	knowledge
c40a2919-48a9-40ea-b506-1f34f693496d	web developer	essential	http://data.europa.eu/esco/skill/69bbd53f-fbb0-4476-b4b2-ef7844464e28	web programming	knowledge
c40a2919-48a9-40ea-b506-1f34f693496d	web developer	essential	http://data.europa.eu/esco/skill/f84a433f-34f1-4083-b0a3-24802623509c	web services	knowledge
c40a2919-48a9-40ea-b506-1f34f693496d	web developer	essential	http://data.europa.eu/esco/skill/93e65de1-923c-437e-aa5b-e6002967ce71	web based collaborative platforms	knowledge
c40a2919-48a9-40ea-b506-1f34f693496d	web developer	optional	http://data.europa.eu/esco/skill/75f839c2-fd9a-4ad3-8921-6e734608568d	use query languages	skill
c40a2919-48a9-40ea-b506-1f34f693496d	web developer	optional	http://data.europa.eu/esco/skill/def007fa-5fed-4a5f-91a2-b0d7e3db1be1	COBOL	knowledge
c40a2919-48a9-40ea-b506-1f34f693496d	web developer	optional	http://data.europa.eu/esco/skill/4c016b68-4116-468c-9dc6-42710c239e4a	C#	knowledge
c40a2919-48a9-40ea-b506-1f34f693496d	web developer	optional	http://data.europa.eu/esco/skill/bb99af26-71ff-4dca-bde7-1eb1f6194426	SAP R3	knowledge
c40a2919-48a9-40ea-b506-1f34f693496d	web developer	optional	http://data.europa.eu/esco/skill/8c4c49d4-9708-433f-8ca7-bf2c5211ee49	develop creative ideas	skill
c40a2919-48a9-40ea-b506-1f34f693496d	web developer	optional	http://data.europa.eu/esco/skill/3cd569a2-4f88-4c1e-9995-8dce8c5e51a7	JavaScript	knowledge
c40a2919-48a9-40ea-b506-1f34f693496d	web developer	optional	http://data.europa.eu/esco/skill/ccd0a1d9-afda-43d9-b901-96344886e14d	Python (computer programming)	knowledge
c40a2919-48a9-40ea-b506-1f34f693496d	web developer	optional	http://data.europa.eu/esco/skill/29154735-107a-4daa-a050-537f7707f34e	conduct content quality assurance	skill
c40a2919-48a9-40ea-b506-1f34f693496d	web developer	optional	http://data.europa.eu/esco/skill/bb2b4485-2bad-402f-8517-44bf7d9afff4	implement anti-virus software	skill
c40a2919-48a9-40ea-b506-1f34f693496d	web developer	optional	http://data.europa.eu/esco/skill/af7ae54f-4649-4c16-87c7-59ba41d4d57f	SPARK	knowledge
c40a2919-48a9-40ea-b506-1f34f693496d	web developer	optional	http://data.europa.eu/esco/skill/9b9de2a4-d8af-4a7b-933a-a8334ae60067	JavaScript Framework	knowledge
c40a2919-48a9-40ea-b506-1f34f693496d	web developer	optional	http://data.europa.eu/esco/skill/5b9cde20-f1b9-4adc-bfb3-dbf70b14138d	use object-oriented programming	skill
c40a2919-48a9-40ea-b506-1f34f693496d	web developer	optional	http://data.europa.eu/esco/skill/c3a03c5a-c260-4c26-9b9a-873abb396f4d	MATLAB	knowledge
c40a2919-48a9-40ea-b506-1f34f693496d	web developer	optional	http://data.europa.eu/esco/skill/0cd6dcf1-5778-42a5-b685-4d01ae4a4871	Common Lisp	knowledge
c40a2919-48a9-40ea-b506-1f34f693496d	web developer	optional	http://data.europa.eu/esco/skill/dcdd5ddf-82a6-4ac3-8edc-d4b23cae9a88	VBScript	knowledge
c40a2919-48a9-40ea-b506-1f34f693496d	web developer	optional	http://data.europa.eu/esco/skill/5be3d306-6cf1-4b49-aa1d-01651dd4ba4c	object-oriented modelling	knowledge
c40a2919-48a9-40ea-b506-1f34f693496d	web developer	optional	http://data.europa.eu/esco/skill/300d432b-f457-4cd3-9cb1-1858c7d14954	OpenEdge Advanced Business Language	knowledge
c40a2919-48a9-40ea-b506-1f34f693496d	web developer	optional	http://data.europa.eu/esco/skill/51586df8-1c46-4b47-8583-773cb63bf00b	R	knowledge
c40a2919-48a9-40ea-b506-1f34f693496d	web developer	optional	http://data.europa.eu/esco/skill/6417a4cc-6f61-4459-a114-761a7fa0279d	Puppet (tools for software configuration management)	knowledge
c40a2919-48a9-40ea-b506-1f34f693496d	web developer	optional	http://data.europa.eu/esco/skill/81633a44-f1db-4a01-a940-804c6905e330	use word processing software	skill
c40a2919-48a9-40ea-b506-1f34f693496d	web developer	optional	http://data.europa.eu/esco/skill/a4e31589-3632-4926-91d0-15b889c90b9b	IBM WebSphere	knowledge
c40a2919-48a9-40ea-b506-1f34f693496d	web developer	optional	http://data.europa.eu/esco/skill/034c29fa-c3ba-45ea-b8f3-bf8e3705e386	Erlang	knowledge
c40a2919-48a9-40ea-b506-1f34f693496d	web developer	optional	http://data.europa.eu/esco/skill/b16bcbcb-1d3f-42b3-a6a5-b91348a72b70	WildFly	knowledge
c40a2919-48a9-40ea-b506-1f34f693496d	web developer	optional	http://data.europa.eu/esco/skill/19a8293b-8e95-4de3-983f-77484079c389	Java (computer programming)	knowledge
c40a2919-48a9-40ea-b506-1f34f693496d	web developer	optional	http://data.europa.eu/esco/skill/000f1d3d-220f-4789-9c0a-cc742521fb02	Haskell	knowledge
c40a2919-48a9-40ea-b506-1f34f693496d	web developer	optional	http://data.europa.eu/esco/skill/0ccdfe98-f845-4598-84a1-3dca66e9d9a3	Ruby (computer programming)	knowledge
c40a2919-48a9-40ea-b506-1f34f693496d	web developer	optional	http://data.europa.eu/esco/skill/9973a5a2-7822-4161-99e9-95c781eb63f8	Objective-C	knowledge
c40a2919-48a9-40ea-b506-1f34f693496d	web developer	optional	http://data.europa.eu/esco/skill/4350c38d-0fe9-4ca7-bab9-40ed7f72b04f	PHP	knowledge
c40a2919-48a9-40ea-b506-1f34f693496d	web developer	optional	http://data.europa.eu/esco/skill/d31fab87-2a7d-485c-b699-2901ca294b15	use functional programming	skill
c40a2919-48a9-40ea-b506-1f34f693496d	web developer	optional	http://data.europa.eu/esco/skill/42ed3bfb-1a01-4c8b-9758-fc6438865734	Smalltalk (computer programming)	knowledge
c40a2919-48a9-40ea-b506-1f34f693496d	web developer	optional	http://data.europa.eu/esco/skill/c7451027-8249-405a-bb1b-342ff0f3fb3b	Salt (tools for software configuration management)	knowledge
c40a2919-48a9-40ea-b506-1f34f693496d	web developer	optional	http://data.europa.eu/esco/skill/902fb91c-3113-4004-9b4f-79aa86b638b7	web application security threats	knowledge
c40a2919-48a9-40ea-b506-1f34f693496d	web developer	optional	http://data.europa.eu/esco/skill/1110c92f-3059-445a-9436-0f4200d365f5	Sass	knowledge
c40a2919-48a9-40ea-b506-1f34f693496d	web developer	optional	http://data.europa.eu/esco/skill/26fa7a33-a426-4cd5-9792-33bf668612e1	LESS	knowledge
c40a2919-48a9-40ea-b506-1f34f693496d	web developer	optional	http://data.europa.eu/esco/skill/6b6a9252-2ed7-4862-a02f-1578f4a532ea	Eclipse (integrated development environment software)	knowledge
c40a2919-48a9-40ea-b506-1f34f693496d	web developer	optional	http://data.europa.eu/esco/skill/ffddfc7c-a9dd-449f-9e96-882dc447c8b6	Scala	knowledge
c40a2919-48a9-40ea-b506-1f34f693496d	web developer	optional	http://data.europa.eu/esco/skill/b4dc6e4f-dc7d-445f-8ce2-d7b9d225e282	AJAX	knowledge
c40a2919-48a9-40ea-b506-1f34f693496d	web developer	optional	http://data.europa.eu/esco/skill/e5d1f825-60ed-4bdd-872a-e748c387f777	CSS	knowledge
c40a2919-48a9-40ea-b506-1f34f693496d	web developer	optional	http://data.europa.eu/esco/skill/2bde42ae-e776-41c1-9ded-b07b30bfe985	Prolog (computer programming)	knowledge
c40a2919-48a9-40ea-b506-1f34f693496d	web developer	optional	http://data.europa.eu/esco/skill/401eb8d8-6daa-4f8b-90ad-60afc71eb4f8	Perl	knowledge
c40a2919-48a9-40ea-b506-1f34f693496d	web developer	optional	http://data.europa.eu/esco/skill/a4d336a6-9ffd-402a-91cc-f359716ba4e0	ML (computer programming)	knowledge
c40a2919-48a9-40ea-b506-1f34f693496d	web developer	optional	http://data.europa.eu/esco/skill/eb0e5615-1575-4a86-a1a2-7d39595033c5	ABAP	knowledge
c40a2919-48a9-40ea-b506-1f34f693496d	web developer	optional	http://data.europa.eu/esco/skill/25b291b5-8245-4d9d-b391-86a8a31d7109	use concurrent programming	skill
c40a2919-48a9-40ea-b506-1f34f693496d	web developer	optional	http://data.europa.eu/esco/skill/449d119b-2d66-43a9-9230-7d27f16afbb6	Xcode	knowledge
c40a2919-48a9-40ea-b506-1f34f693496d	web developer	optional	http://data.europa.eu/esco/skill/69f0167e-75d9-46cf-847f-72a592880ebb	STAF	knowledge
c40a2919-48a9-40ea-b506-1f34f693496d	web developer	optional	http://data.europa.eu/esco/skill/e8d9ce55-7bc3-4f09-8412-0a393d4b5b96	compose description for web elements	skill
c40a2919-48a9-40ea-b506-1f34f693496d	web developer	optional	http://data.europa.eu/esco/skill/6f8a40d6-f9ce-43ec-a72f-d4213a53f3ed	Ansible	knowledge
c40a2919-48a9-40ea-b506-1f34f693496d	web developer	optional	http://data.europa.eu/esco/skill/172020d1-e151-445b-8173-e2a5fb16fe51	utilise computer-aided software engineering tools	skill
c40a2919-48a9-40ea-b506-1f34f693496d	web developer	optional	http://data.europa.eu/esco/skill/e8b89eb6-51e8-4c3a-babb-88b2e110376b	Pascal (computer programming)	knowledge
c40a2919-48a9-40ea-b506-1f34f693496d	web developer	optional	http://data.europa.eu/esco/skill/6d289e8b-2cc1-4eda-ab1f-ad1090ef98f0	WordPress	knowledge
c40a2919-48a9-40ea-b506-1f34f693496d	web developer	optional	http://data.europa.eu/esco/skill/d56fc2b5-4b0a-4e7e-9bde-a33736f6ff18	Scratch (computer programming)	knowledge
c40a2919-48a9-40ea-b506-1f34f693496d	web developer	optional	http://data.europa.eu/esco/skill/f47a1998-0beb-43be-9f46-380aa4d183da	Jenkins (tools for software configuration management)	knowledge
c40a2919-48a9-40ea-b506-1f34f693496d	web developer	optional	http://data.europa.eu/esco/skill/52cf3037-ab53-4806-85ed-7fd21ea7f6a1	Groovy	knowledge
c40a2919-48a9-40ea-b506-1f34f693496d	web developer	optional	http://data.europa.eu/esco/skill/58d7a289-dafd-4363-833f-d1dc4140885e	APL	knowledge
c40a2919-48a9-40ea-b506-1f34f693496d	web developer	optional	http://data.europa.eu/esco/skill/8785ccda-6f9f-4cf3-9033-fda10653d0be	JSSS	knowledge
c40a2919-48a9-40ea-b506-1f34f693496d	web developer	optional	http://data.europa.eu/esco/skill/abdc7ac8-151f-40c6-bc1a-1e9b4b073290	augmented reality	knowledge
c40a2919-48a9-40ea-b506-1f34f693496d	web developer	optional	http://data.europa.eu/esco/skill/993b1e23-f2de-4bd8-b33f-f86dde1c8e9d	CoffeeScript	knowledge
c40a2919-48a9-40ea-b506-1f34f693496d	web developer	optional	http://data.europa.eu/esco/skill/234aeb8d-56c3-4531-9193-1c5e6a8d16cb	use presentation software	skill
c40a2919-48a9-40ea-b506-1f34f693496d	web developer	optional	http://data.europa.eu/esco/skill/0de61385-de6d-4146-ba32-1cc1bc102220	Lisp	knowledge
c40a2919-48a9-40ea-b506-1f34f693496d	web developer	optional	http://data.europa.eu/esco/skill/7814e88f-c133-4c3b-b27f-857afa145d42	ICT security legislation	knowledge
c40a2919-48a9-40ea-b506-1f34f693496d	web developer	optional	http://data.europa.eu/esco/skill/04f1b938-d4d4-4cb1-a863-982af76b9d93	SAS language	knowledge
c40a2919-48a9-40ea-b506-1f34f693496d	web developer	optional	http://data.europa.eu/esco/skill/b633eb55-8f1f-4ae6-ab4c-2022ffe2cb7f	C++	knowledge
c40a2919-48a9-40ea-b506-1f34f693496d	web developer	optional	http://data.europa.eu/esco/skill/438ff259-d086-4004-acda-1ec3e1631bc6	software anomalies	knowledge
c40a2919-48a9-40ea-b506-1f34f693496d	web developer	optional	http://data.europa.eu/esco/skill/8369ede5-4200-4a44-be2e-bc60ef959259	Microsoft Visual C++	knowledge
c40a2919-48a9-40ea-b506-1f34f693496d	web developer	optional	http://data.europa.eu/esco/skill/7d10fcb2-b368-48ab-996b-7c9fafcf68ed	use automatic programming	skill
c40a2919-48a9-40ea-b506-1f34f693496d	web developer	optional	http://data.europa.eu/esco/skill/47b9bbcf-356c-4782-83a4-7f5a1b2b51a3	Assembly (computer programming)	knowledge
c40a2919-48a9-40ea-b506-1f34f693496d	web developer	optional	http://data.europa.eu/esco/skill/be80acfc-b6f2-4411-9b8d-b19d9cd2556a	Swift (computer programming)	knowledge
c40a2919-48a9-40ea-b506-1f34f693496d	web developer	optional	http://data.europa.eu/esco/skill/2c4e11ef-da18-4e19-816b-e6bc19e12424	use logic programming	skill
c40a2919-48a9-40ea-b506-1f34f693496d	web developer	optional	http://data.europa.eu/esco/skill/56a7f561-1d55-43c9-9cd7-36a0a9bc6c50	ASP.NET	knowledge
c40a2919-48a9-40ea-b506-1f34f693496d	web developer	optional	http://data.europa.eu/esco/skill/0d168770-4d9c-4096-b048-a6577818d306	Apache Maven	knowledge
c40a2919-48a9-40ea-b506-1f34f693496d	web developer	optional	http://data.europa.eu/esco/skill/5c66ce3a-658d-43b1-9d8d-0f39be6c0f2e	WebCMS	knowledge
c40a2919-48a9-40ea-b506-1f34f693496d	web developer	optional	http://data.europa.eu/esco/skill/013441c1-1f13-47e9-80c4-9a53e8e1bc05	KDevelop	knowledge
c40a2919-48a9-40ea-b506-1f34f693496d	web developer	optional	http://data.europa.eu/esco/skill/867137fb-ff1b-4ca3-99f3-cb6969aa2c68	TypeScript	knowledge
c40a2919-48a9-40ea-b506-1f34f693496d	web developer	optional	http://data.europa.eu/esco/skill/fd33c66c-70c4-40e6-b87c-5495bd3bf26e	design user interface	skill
c40a2919-48a9-40ea-b506-1f34f693496d	web developer	optional	http://data.europa.eu/esco/skill/020918ef-4b55-47c1-8430-ab7b8f6a7377	migrate existing data	skill
c40a2919-48a9-40ea-b506-1f34f693496d	web developer	optional	http://data.europa.eu/esco/skill/f5308e60-d763-4ead-be95-88c96fb3e02b	adapt to changes in technological development plans	skill
c40a2919-48a9-40ea-b506-1f34f693496d	web developer	optional	http://data.europa.eu/esco/skill/13bdd41a-2a18-441f-96db-41252c519413	Visual Basic	knowledge
866c7813-2c03-47d7-9bdc-192cfbace57c	user interface developer	essential	http://data.europa.eu/esco/skill/1019423b-3368-4f83-b24f-19e5fa23e816	software UI design patterns	knowledge
866c7813-2c03-47d7-9bdc-192cfbace57c	user interface developer	essential	http://data.europa.eu/esco/skill/fd33c66c-70c4-40e6-b87c-5495bd3bf26e	design user interface	skill
866c7813-2c03-47d7-9bdc-192cfbace57c	user interface developer	essential	http://data.europa.eu/esco/skill/8b94aa1e-89c9-459d-b3b4-1dfab8dec2df	use software libraries	skill
866c7813-2c03-47d7-9bdc-192cfbace57c	user interface developer	essential	http://data.europa.eu/esco/skill/a71577b2-7550-4222-88ee-dcbd2d881516	graphics editor software	knowledge
866c7813-2c03-47d7-9bdc-192cfbace57c	user interface developer	essential	http://data.europa.eu/esco/skill/2b7a79e5-84d8-4880-be66-3d9bb05bea17	use software design patterns	skill
866c7813-2c03-47d7-9bdc-192cfbace57c	user interface developer	essential	http://data.europa.eu/esco/skill/f058bf62-70d1-4f5e-be2a-8b26fac24a96	design graphics	skill
866c7813-2c03-47d7-9bdc-192cfbace57c	user interface developer	essential	http://data.europa.eu/esco/skill/7364cc39-b9c0-449f-9416-57723e2fd9c4	use methodologies for user-centered design	skill
866c7813-2c03-47d7-9bdc-192cfbace57c	user interface developer	essential	http://data.europa.eu/esco/skill/797a4416-0b8d-44f3-8fcd-eb10bd0be6b4	develop software prototype	skill
866c7813-2c03-47d7-9bdc-192cfbace57c	user interface developer	essential	http://data.europa.eu/esco/skill/21d2f96d-35f7-4e3f-9745-c533d2dd6e97	computer programming	knowledge
866c7813-2c03-47d7-9bdc-192cfbace57c	user interface developer	essential	http://data.europa.eu/esco/skill/85c11255-469f-41bd-a6d1-382bc4a87783	interpret technical texts	skill
866c7813-2c03-47d7-9bdc-192cfbace57c	user interface developer	essential	http://data.europa.eu/esco/skill/8696aff0-18c0-4ba6-a4d0-9a21861b3e5e	World Wide Web Consortium standards	knowledge
866c7813-2c03-47d7-9bdc-192cfbace57c	user interface developer	essential	http://data.europa.eu/esco/skill/fc4fcb4b-993f-4f2c-b158-c2171ec18ed8	draw design sketches	skill
866c7813-2c03-47d7-9bdc-192cfbace57c	user interface developer	essential	http://data.europa.eu/esco/skill/04fe962b-4017-4eb7-9139-7d69b6922bc9	use an application-specific interface	skill
866c7813-2c03-47d7-9bdc-192cfbace57c	user interface developer	essential	http://data.europa.eu/esco/skill/c2999f0c-eb37-4cdf-b9b0-82107b628794	style sheet languages	knowledge
866c7813-2c03-47d7-9bdc-192cfbace57c	user interface developer	essential	http://data.europa.eu/esco/skill/f28617ad-afdd-4041-814c-216153a38998	analyse software specifications	skill
866c7813-2c03-47d7-9bdc-192cfbace57c	user interface developer	essential	http://data.europa.eu/esco/skill/925463a7-d51f-4d5b-9f79-4d28cf30acde	integrated development environment software	knowledge
866c7813-2c03-47d7-9bdc-192cfbace57c	user interface developer	essential	http://data.europa.eu/esco/skill/69bbd53f-fbb0-4476-b4b2-ef7844464e28	web programming	knowledge
866c7813-2c03-47d7-9bdc-192cfbace57c	user interface developer	optional	http://data.europa.eu/esco/skill/86f7126d-97fd-4da5-be96-d1cf6ecd54e6	Microsoft Visio	knowledge
866c7813-2c03-47d7-9bdc-192cfbace57c	user interface developer	optional	http://data.europa.eu/esco/skill/58d7a289-dafd-4363-833f-d1dc4140885e	APL	knowledge
866c7813-2c03-47d7-9bdc-192cfbace57c	user interface developer	optional	http://data.europa.eu/esco/skill/56a7f561-1d55-43c9-9cd7-36a0a9bc6c50	ASP.NET	knowledge
866c7813-2c03-47d7-9bdc-192cfbace57c	user interface developer	optional	http://data.europa.eu/esco/skill/0ccdfe98-f845-4598-84a1-3dca66e9d9a3	Ruby (computer programming)	knowledge
866c7813-2c03-47d7-9bdc-192cfbace57c	user interface developer	optional	http://data.europa.eu/esco/skill/000f1d3d-220f-4789-9c0a-cc742521fb02	Haskell	knowledge
866c7813-2c03-47d7-9bdc-192cfbace57c	user interface developer	optional	http://data.europa.eu/esco/skill/e8b89eb6-51e8-4c3a-babb-88b2e110376b	Pascal (computer programming)	knowledge
866c7813-2c03-47d7-9bdc-192cfbace57c	user interface developer	optional	http://data.europa.eu/esco/skill/9973a5a2-7822-4161-99e9-95c781eb63f8	Objective-C	knowledge
866c7813-2c03-47d7-9bdc-192cfbace57c	user interface developer	optional	http://data.europa.eu/esco/skill/1110c92f-3059-445a-9436-0f4200d365f5	Sass	knowledge
866c7813-2c03-47d7-9bdc-192cfbace57c	user interface developer	optional	http://data.europa.eu/esco/skill/b0ac313d-de44-4344-ada6-76d2177b6d92	Synfig	knowledge
866c7813-2c03-47d7-9bdc-192cfbace57c	user interface developer	optional	http://data.europa.eu/esco/skill/0de61385-de6d-4146-ba32-1cc1bc102220	Lisp	knowledge
866c7813-2c03-47d7-9bdc-192cfbace57c	user interface developer	optional	http://data.europa.eu/esco/skill/1774bd31-8893-44cf-9498-7e3d95508419	screen reader	knowledge
866c7813-2c03-47d7-9bdc-192cfbace57c	user interface developer	optional	http://data.europa.eu/esco/skill/14ced458-5f4b-495f-bd3d-9c240614bda0	Adobe Photoshop	knowledge
866c7813-2c03-47d7-9bdc-192cfbace57c	user interface developer	optional	http://data.europa.eu/esco/skill/19a8293b-8e95-4de3-983f-77484079c389	Java (computer programming)	knowledge
866c7813-2c03-47d7-9bdc-192cfbace57c	user interface developer	optional	http://data.europa.eu/esco/skill/0d168770-4d9c-4096-b048-a6577818d306	Apache Maven	knowledge
866c7813-2c03-47d7-9bdc-192cfbace57c	user interface developer	optional	http://data.europa.eu/esco/skill/013441c1-1f13-47e9-80c4-9a53e8e1bc05	KDevelop	knowledge
866c7813-2c03-47d7-9bdc-192cfbace57c	user interface developer	optional	http://data.europa.eu/esco/skill/034c29fa-c3ba-45ea-b8f3-bf8e3705e386	Erlang	knowledge
866c7813-2c03-47d7-9bdc-192cfbace57c	user interface developer	optional	http://data.europa.eu/esco/skill/42ed3bfb-1a01-4c8b-9758-fc6438865734	Smalltalk (computer programming)	knowledge
866c7813-2c03-47d7-9bdc-192cfbace57c	user interface developer	optional	http://data.europa.eu/esco/skill/1de3942b-99d8-41e8-9ef0-fbc9e9f6307b	Drupal	knowledge
866c7813-2c03-47d7-9bdc-192cfbace57c	user interface developer	optional	http://data.europa.eu/esco/skill/867137fb-ff1b-4ca3-99f3-cb6969aa2c68	TypeScript	knowledge
866c7813-2c03-47d7-9bdc-192cfbace57c	user interface developer	optional	http://data.europa.eu/esco/skill/0cd6dcf1-5778-42a5-b685-4d01ae4a4871	Common Lisp	knowledge
866c7813-2c03-47d7-9bdc-192cfbace57c	user interface developer	optional	http://data.europa.eu/esco/skill/8369ede5-4200-4a44-be2e-bc60ef959259	Microsoft Visual C++	knowledge
866c7813-2c03-47d7-9bdc-192cfbace57c	user interface developer	optional	http://data.europa.eu/esco/skill/d31fab87-2a7d-485c-b699-2901ca294b15	use functional programming	skill
866c7813-2c03-47d7-9bdc-192cfbace57c	user interface developer	optional	http://data.europa.eu/esco/skill/85038d57-1fdd-40de-b908-2c005545a8c3	SketchBook Pro	knowledge
866c7813-2c03-47d7-9bdc-192cfbace57c	user interface developer	optional	http://data.europa.eu/esco/skill/9d2e926f-53d9-41f5-98f3-19dfaa687f3f	tools for software configuration management	knowledge
866c7813-2c03-47d7-9bdc-192cfbace57c	user interface developer	optional	http://data.europa.eu/esco/skill/8c88d336-c249-4537-b26e-d679a85c4b9b	Ajax Framework	knowledge
866c7813-2c03-47d7-9bdc-192cfbace57c	user interface developer	optional	http://data.europa.eu/esco/skill/6b6a9252-2ed7-4862-a02f-1578f4a532ea	Eclipse (integrated development environment software)	knowledge
866c7813-2c03-47d7-9bdc-192cfbace57c	user interface developer	optional	http://data.europa.eu/esco/skill/0af062de-eb43-41e9-9b96-249e2cd22d26	use markup languages	skill
866c7813-2c03-47d7-9bdc-192cfbace57c	user interface developer	optional	http://data.europa.eu/esco/skill/6014921e-1d25-4039-adc2-04852d61880e	ICT debugging tools	knowledge
866c7813-2c03-47d7-9bdc-192cfbace57c	user interface developer	optional	http://data.europa.eu/esco/skill/75f839c2-fd9a-4ad3-8921-6e734608568d	use query languages	skill
866c7813-2c03-47d7-9bdc-192cfbace57c	user interface developer	optional	http://data.europa.eu/esco/skill/69f0167e-75d9-46cf-847f-72a592880ebb	STAF	knowledge
866c7813-2c03-47d7-9bdc-192cfbace57c	user interface developer	optional	http://data.europa.eu/esco/skill/c3a03c5a-c260-4c26-9b9a-873abb396f4d	MATLAB	knowledge
866c7813-2c03-47d7-9bdc-192cfbace57c	user interface developer	optional	http://data.europa.eu/esco/skill/b4dc6e4f-dc7d-445f-8ce2-d7b9d225e282	AJAX	knowledge
866c7813-2c03-47d7-9bdc-192cfbace57c	user interface developer	optional	http://data.europa.eu/esco/skill/449d119b-2d66-43a9-9230-7d27f16afbb6	Xcode	knowledge
866c7813-2c03-47d7-9bdc-192cfbace57c	user interface developer	optional	http://data.europa.eu/esco/skill/9b9de2a4-d8af-4a7b-933a-a8334ae60067	JavaScript Framework	knowledge
866c7813-2c03-47d7-9bdc-192cfbace57c	user interface developer	optional	http://data.europa.eu/esco/skill/4a466c62-db7d-4905-9a41-f23214810acb	GIMP (graphics editor software)	knowledge
866c7813-2c03-47d7-9bdc-192cfbace57c	user interface developer	optional	http://data.europa.eu/esco/skill/25b291b5-8245-4d9d-b391-86a8a31d7109	use concurrent programming	skill
866c7813-2c03-47d7-9bdc-192cfbace57c	user interface developer	optional	http://data.europa.eu/esco/skill/eb0e5615-1575-4a86-a1a2-7d39595033c5	ABAP	knowledge
866c7813-2c03-47d7-9bdc-192cfbace57c	user interface developer	optional	http://data.europa.eu/esco/skill/27b913f0-3c52-448b-ad27-fc6ef08fb326	Adobe Illustrator	knowledge
866c7813-2c03-47d7-9bdc-192cfbace57c	user interface developer	optional	http://data.europa.eu/esco/skill/13bdd41a-2a18-441f-96db-41252c519413	Visual Basic	knowledge
866c7813-2c03-47d7-9bdc-192cfbace57c	user interface developer	optional	http://data.europa.eu/esco/skill/be80acfc-b6f2-4411-9b8d-b19d9cd2556a	Swift (computer programming)	knowledge
866c7813-2c03-47d7-9bdc-192cfbace57c	user interface developer	optional	http://data.europa.eu/esco/skill/993b1e23-f2de-4bd8-b33f-f86dde1c8e9d	CoffeeScript	knowledge
866c7813-2c03-47d7-9bdc-192cfbace57c	user interface developer	optional	http://data.europa.eu/esco/skill/9136cbf1-7916-4f1c-bc9a-0318ee1d6016	human-computer interaction	knowledge
866c7813-2c03-47d7-9bdc-192cfbace57c	user interface developer	optional	http://data.europa.eu/esco/skill/b633eb55-8f1f-4ae6-ab4c-2022ffe2cb7f	C++	knowledge
866c7813-2c03-47d7-9bdc-192cfbace57c	user interface developer	optional	http://data.europa.eu/esco/skill/3cd569a2-4f88-4c1e-9995-8dce8c5e51a7	JavaScript	knowledge
866c7813-2c03-47d7-9bdc-192cfbace57c	user interface developer	optional	http://data.europa.eu/esco/skill/2c4e11ef-da18-4e19-816b-e6bc19e12424	use logic programming	skill
866c7813-2c03-47d7-9bdc-192cfbace57c	user interface developer	optional	http://data.europa.eu/esco/skill/52cf3037-ab53-4806-85ed-7fd21ea7f6a1	Groovy	knowledge
866c7813-2c03-47d7-9bdc-192cfbace57c	user interface developer	optional	http://data.europa.eu/esco/skill/8785ccda-6f9f-4cf3-9033-fda10653d0be	JSSS	knowledge
866c7813-2c03-47d7-9bdc-192cfbace57c	user interface developer	optional	http://data.europa.eu/esco/skill/def007fa-5fed-4a5f-91a2-b0d7e3db1be1	COBOL	knowledge
866c7813-2c03-47d7-9bdc-192cfbace57c	user interface developer	optional	http://data.europa.eu/esco/skill/dcdd5ddf-82a6-4ac3-8edc-d4b23cae9a88	VBScript	knowledge
866c7813-2c03-47d7-9bdc-192cfbace57c	user interface developer	optional	http://data.europa.eu/esco/skill/51586df8-1c46-4b47-8583-773cb63bf00b	R	knowledge
866c7813-2c03-47d7-9bdc-192cfbace57c	user interface developer	optional	http://data.europa.eu/esco/skill/ffddfc7c-a9dd-449f-9e96-882dc447c8b6	Scala	knowledge
866c7813-2c03-47d7-9bdc-192cfbace57c	user interface developer	optional	http://data.europa.eu/esco/skill/04f1b938-d4d4-4cb1-a863-982af76b9d93	SAS language	knowledge
866c7813-2c03-47d7-9bdc-192cfbace57c	user interface developer	optional	http://data.europa.eu/esco/skill/de0be6e8-644c-4cc9-9c8d-925dd98dda56	software interaction design	knowledge
866c7813-2c03-47d7-9bdc-192cfbace57c	user interface developer	optional	http://data.europa.eu/esco/skill/47b9bbcf-356c-4782-83a4-7f5a1b2b51a3	Assembly (computer programming)	knowledge
866c7813-2c03-47d7-9bdc-192cfbace57c	user interface developer	optional	http://data.europa.eu/esco/skill/12274664-b642-4945-b88f-d7787dc3c9dd	design interaction model	skill
866c7813-2c03-47d7-9bdc-192cfbace57c	user interface developer	optional	http://data.europa.eu/esco/skill/2bde42ae-e776-41c1-9ded-b07b30bfe985	Prolog (computer programming)	knowledge
866c7813-2c03-47d7-9bdc-192cfbace57c	user interface developer	optional	http://data.europa.eu/esco/skill/c7451027-8249-405a-bb1b-342ff0f3fb3b	Salt (tools for software configuration management)	knowledge
866c7813-2c03-47d7-9bdc-192cfbace57c	user interface developer	optional	http://data.europa.eu/esco/skill/6b3afb82-c4ea-4f14-be54-a757fb762663	Vagrant	knowledge
866c7813-2c03-47d7-9bdc-192cfbace57c	user interface developer	optional	http://data.europa.eu/esco/skill/6417a4cc-6f61-4459-a114-761a7fa0279d	Puppet (tools for software configuration management)	knowledge
866c7813-2c03-47d7-9bdc-192cfbace57c	user interface developer	optional	http://data.europa.eu/esco/skill/5b9cde20-f1b9-4adc-bfb3-dbf70b14138d	use object-oriented programming	skill
866c7813-2c03-47d7-9bdc-192cfbace57c	user interface developer	optional	http://data.europa.eu/esco/skill/a4d336a6-9ffd-402a-91cc-f359716ba4e0	ML (computer programming)	knowledge
866c7813-2c03-47d7-9bdc-192cfbace57c	user interface developer	optional	http://data.europa.eu/esco/skill/e5d1f825-60ed-4bdd-872a-e748c387f777	CSS	knowledge
866c7813-2c03-47d7-9bdc-192cfbace57c	user interface developer	optional	http://data.europa.eu/esco/skill/abdc7ac8-151f-40c6-bc1a-1e9b4b073290	augmented reality	knowledge
866c7813-2c03-47d7-9bdc-192cfbace57c	user interface developer	optional	http://data.europa.eu/esco/skill/7d10fcb2-b368-48ab-996b-7c9fafcf68ed	use automatic programming	skill
866c7813-2c03-47d7-9bdc-192cfbace57c	user interface developer	optional	http://data.europa.eu/esco/skill/bb99af26-71ff-4dca-bde7-1eb1f6194426	SAP R3	knowledge
866c7813-2c03-47d7-9bdc-192cfbace57c	user interface developer	optional	http://data.europa.eu/esco/skill/901105f8-3a08-453e-b1dc-23619e317fd3	create flowchart diagram	skill
866c7813-2c03-47d7-9bdc-192cfbace57c	user interface developer	optional	http://data.europa.eu/esco/skill/94dd823c-148e-4614-a6e8-99249b16357d	ICT project management	knowledge
866c7813-2c03-47d7-9bdc-192cfbace57c	user interface developer	optional	http://data.europa.eu/esco/skill/300d432b-f457-4cd3-9cb1-1858c7d14954	OpenEdge Advanced Business Language	knowledge
866c7813-2c03-47d7-9bdc-192cfbace57c	user interface developer	optional	http://data.europa.eu/esco/skill/f47a1998-0beb-43be-9f46-380aa4d183da	Jenkins (tools for software configuration management)	knowledge
866c7813-2c03-47d7-9bdc-192cfbace57c	user interface developer	optional	http://data.europa.eu/esco/skill/2522a6ce-3202-4ac8-9f5b-b9cb5a3a83a1	debug software	skill
866c7813-2c03-47d7-9bdc-192cfbace57c	user interface developer	optional	http://data.europa.eu/esco/skill/26fa7a33-a426-4cd5-9792-33bf668612e1	LESS	knowledge
866c7813-2c03-47d7-9bdc-192cfbace57c	user interface developer	optional	http://data.europa.eu/esco/skill/4350c38d-0fe9-4ca7-bab9-40ed7f72b04f	PHP	knowledge
866c7813-2c03-47d7-9bdc-192cfbace57c	user interface developer	optional	http://data.europa.eu/esco/skill/4c016b68-4116-468c-9dc6-42710c239e4a	C#	knowledge
866c7813-2c03-47d7-9bdc-192cfbace57c	user interface developer	optional	http://data.europa.eu/esco/skill/5ef0c719-5bcb-49f8-b8eb-824388225333	use scripting programming	skill
866c7813-2c03-47d7-9bdc-192cfbace57c	user interface developer	optional	http://data.europa.eu/esco/skill/6d289e8b-2cc1-4eda-ab1f-ad1090ef98f0	WordPress	knowledge
866c7813-2c03-47d7-9bdc-192cfbace57c	user interface developer	optional	http://data.europa.eu/esco/skill/172020d1-e151-445b-8173-e2a5fb16fe51	utilise computer-aided software engineering tools	skill
866c7813-2c03-47d7-9bdc-192cfbace57c	user interface developer	optional	http://data.europa.eu/esco/skill/d56fc2b5-4b0a-4e7e-9bde-a33736f6ff18	Scratch (computer programming)	knowledge
866c7813-2c03-47d7-9bdc-192cfbace57c	user interface developer	optional	http://data.europa.eu/esco/skill/ccd0a1d9-afda-43d9-b901-96344886e14d	Python (computer programming)	knowledge
866c7813-2c03-47d7-9bdc-192cfbace57c	user interface developer	optional	http://data.europa.eu/esco/skill/6f8a40d6-f9ce-43ec-a72f-d4213a53f3ed	Ansible	knowledge
866c7813-2c03-47d7-9bdc-192cfbace57c	user interface developer	optional	http://data.europa.eu/esco/skill/76ef6ed3-1658-4a1a-9593-204d799c6d0c	NoSQL	knowledge
866c7813-2c03-47d7-9bdc-192cfbace57c	user interface developer	optional	http://data.europa.eu/esco/skill/401eb8d8-6daa-4f8b-90ad-60afc71eb4f8	Perl	knowledge
cc867bee-ab5c-427f-9244-f7a204d9574b	cloud DevOps engineer	essential	http://data.europa.eu/esco/skill/64852ade-6ae1-4760-ba4a-976bf07ca255	manage disaster recovery plans	skill
cc867bee-ab5c-427f-9244-f7a204d9574b	cloud DevOps engineer	essential	http://data.europa.eu/esco/skill/6195c5f7-a4fb-425d-a3dd-c4467c4471a3	deploy cloud resource	skill
cc867bee-ab5c-427f-9244-f7a204d9574b	cloud DevOps engineer	essential	http://data.europa.eu/esco/skill/d3286405-49f8-4e8a-8046-a4376b4e7963	manage cloud data and storage	skill
cc867bee-ab5c-427f-9244-f7a204d9574b	cloud DevOps engineer	essential	http://data.europa.eu/esco/skill/8efa6a7a-6556-4cb8-908d-59d3b5c58d2f	cloud monitoring and reporting	knowledge
cc867bee-ab5c-427f-9244-f7a204d9574b	cloud DevOps engineer	essential	http://data.europa.eu/esco/skill/4da4587a-fd0b-4ca2-886c-c42a1562d432	design cloud networks	skill
cc867bee-ab5c-427f-9244-f7a204d9574b	cloud DevOps engineer	essential	http://data.europa.eu/esco/skill/bd14968e-e409-45af-b362-3495ed7b10e0	cloud technologies	knowledge
cc867bee-ab5c-427f-9244-f7a204d9574b	cloud DevOps engineer	essential	http://data.europa.eu/esco/skill/fc2f1d4f-a46f-471e-a618-cbd4d0496a53	implement ICT recovery system	skill
cc867bee-ab5c-427f-9244-f7a204d9574b	cloud DevOps engineer	essential	http://data.europa.eu/esco/skill/f47a1998-0beb-43be-9f46-380aa4d183da	Jenkins (tools for software configuration management)	knowledge
cc867bee-ab5c-427f-9244-f7a204d9574b	cloud DevOps engineer	essential	http://data.europa.eu/esco/skill/47ca0da1-cae5-4395-ae6b-fd97b9ff48d3	system backup best practice	knowledge
cc867bee-ab5c-427f-9244-f7a204d9574b	cloud DevOps engineer	essential	http://data.europa.eu/esco/skill/ce8ae6ca-61d8-4174-b457-641de96cbff4	automate cloud tasks	skill
cc867bee-ab5c-427f-9244-f7a204d9574b	cloud DevOps engineer	essential	http://data.europa.eu/esco/skill/b105ec9b-0857-41d6-8d07-a83e58b73d90	ICT system programming	knowledge
cc867bee-ab5c-427f-9244-f7a204d9574b	cloud DevOps engineer	essential	http://data.europa.eu/esco/skill/89f6560b-2194-45c9-9ece-d33049a73eef	computer engineering	knowledge
cc867bee-ab5c-427f-9244-f7a204d9574b	cloud DevOps engineer	essential	http://data.europa.eu/esco/skill/11430d93-c835-48ed-8e70-285fa69c9ae6	design cloud architecture	skill
cc867bee-ab5c-427f-9244-f7a204d9574b	cloud DevOps engineer	essential	http://data.europa.eu/esco/skill/7e796b51-49d7-4e73-95af-2e7323763f15	design database in the cloud	skill
cc867bee-ab5c-427f-9244-f7a204d9574b	cloud DevOps engineer	essential	http://data.europa.eu/esco/skill/dfff95c6-9758-4c04-a228-7eaa88dec6cd	design for organisational complexity	skill
cc867bee-ab5c-427f-9244-f7a204d9574b	cloud DevOps engineer	essential	http://data.europa.eu/esco/skill/925463a7-d51f-4d5b-9f79-4d28cf30acde	integrated development environment software	knowledge
cc867bee-ab5c-427f-9244-f7a204d9574b	cloud DevOps engineer	essential	http://data.europa.eu/esco/skill/0a52bed5-fd29-45fb-aba6-e32bccfda1c1	plan migration to cloud	skill
cc867bee-ab5c-427f-9244-f7a204d9574b	cloud DevOps engineer	essential	http://data.europa.eu/esco/skill/f0de4973-0a70-4644-8fd4-3a97080476f4	DevOps	knowledge
cc867bee-ab5c-427f-9244-f7a204d9574b	cloud DevOps engineer	essential	http://data.europa.eu/esco/skill/24c200e5-be20-4370-a137-ab53797f3a17	software frameworks	knowledge
cc867bee-ab5c-427f-9244-f7a204d9574b	cloud DevOps engineer	essential	http://data.europa.eu/esco/skill/6b643893-0a1f-4f6c-83a1-e7eef75849b9	develop with cloud services	skill
cc867bee-ab5c-427f-9244-f7a204d9574b	cloud DevOps engineer	essential	http://data.europa.eu/esco/skill/3cd569a2-4f88-4c1e-9995-8dce8c5e51a7	JavaScript	knowledge
cc867bee-ab5c-427f-9244-f7a204d9574b	cloud DevOps engineer	essential	http://data.europa.eu/esco/skill/c13fb093-5ffb-491a-b8b7-fa2d42a57e2e	implement cloud security and compliance	skill
cc867bee-ab5c-427f-9244-f7a204d9574b	cloud DevOps engineer	essential	http://data.europa.eu/esco/skill/38716afc-a93b-44ab-96cc-2ecf67edcf32	do cloud refactoring	skill
cc867bee-ab5c-427f-9244-f7a204d9574b	cloud DevOps engineer	essential	http://data.europa.eu/esco/skill/1c2978b8-bb0d-4249-9c23-877571a4dffa	cloud security and compliance	knowledge
cc867bee-ab5c-427f-9244-f7a204d9574b	cloud DevOps engineer	optional	http://data.europa.eu/esco/skill/dba46f87-0831-49cd-a1c7-340a653c0221	Agile development	knowledge
cc867bee-ab5c-427f-9244-f7a204d9574b	cloud DevOps engineer	optional	http://data.europa.eu/esco/skill/56a7f561-1d55-43c9-9cd7-36a0a9bc6c50	ASP.NET	knowledge
cc867bee-ab5c-427f-9244-f7a204d9574b	cloud DevOps engineer	optional	http://data.europa.eu/esco/skill/c4b626c1-e71c-44ec-9f88-042766f37fcc	application usability	knowledge
cc867bee-ab5c-427f-9244-f7a204d9574b	cloud DevOps engineer	optional	http://data.europa.eu/esco/skill/013441c1-1f13-47e9-80c4-9a53e8e1bc05	KDevelop	knowledge
cc867bee-ab5c-427f-9244-f7a204d9574b	cloud DevOps engineer	optional	http://data.europa.eu/esco/skill/6b6a9252-2ed7-4862-a02f-1578f4a532ea	Eclipse (integrated development environment software)	knowledge
cc867bee-ab5c-427f-9244-f7a204d9574b	cloud DevOps engineer	optional	http://data.europa.eu/esco/skill/bec4359e-cb92-468f-a997-8fb28e32fba9	ICT project management methodologies	knowledge
349ee6f6-c295-4c38-9b98-48765b55280e	cloud engineer	essential	http://data.europa.eu/esco/skill/bd14968e-e409-45af-b362-3495ed7b10e0	cloud technologies	knowledge
349ee6f6-c295-4c38-9b98-48765b55280e	cloud engineer	essential	http://data.europa.eu/esco/skill/797a4416-0b8d-44f3-8fcd-eb10bd0be6b4	develop software prototype	skill
349ee6f6-c295-4c38-9b98-48765b55280e	cloud engineer	essential	http://data.europa.eu/esco/skill/21d2f96d-35f7-4e3f-9745-c533d2dd6e97	computer programming	knowledge
349ee6f6-c295-4c38-9b98-48765b55280e	cloud engineer	essential	http://data.europa.eu/esco/skill/11430d93-c835-48ed-8e70-285fa69c9ae6	design cloud architecture	skill
349ee6f6-c295-4c38-9b98-48765b55280e	cloud engineer	essential	http://data.europa.eu/esco/skill/1c2978b8-bb0d-4249-9c23-877571a4dffa	cloud security and compliance	knowledge
349ee6f6-c295-4c38-9b98-48765b55280e	cloud engineer	essential	http://data.europa.eu/esco/skill/b105ec9b-0857-41d6-8d07-a83e58b73d90	ICT system programming	knowledge
349ee6f6-c295-4c38-9b98-48765b55280e	cloud engineer	essential	http://data.europa.eu/esco/skill/dfff95c6-9758-4c04-a228-7eaa88dec6cd	design for organisational complexity	skill
349ee6f6-c295-4c38-9b98-48765b55280e	cloud engineer	essential	http://data.europa.eu/esco/skill/9e06bac6-6b91-48ca-8b7d-c1f48cdecd7c	solve ICT system problems	skill
349ee6f6-c295-4c38-9b98-48765b55280e	cloud engineer	essential	http://data.europa.eu/esco/skill/8efa6a7a-6556-4cb8-908d-59d3b5c58d2f	cloud monitoring and reporting	knowledge
349ee6f6-c295-4c38-9b98-48765b55280e	cloud engineer	essential	http://data.europa.eu/esco/skill/f9a6f35b-01a7-40c9-8b61-b6ee46f97272	operating systems	knowledge
349ee6f6-c295-4c38-9b98-48765b55280e	cloud engineer	essential	http://data.europa.eu/esco/skill/8088750d-8388-4170-a76f-48354c469c44	cyber security	knowledge
349ee6f6-c295-4c38-9b98-48765b55280e	cloud engineer	essential	http://data.europa.eu/esco/skill/7e796b51-49d7-4e73-95af-2e7323763f15	design database in the cloud	skill
349ee6f6-c295-4c38-9b98-48765b55280e	cloud engineer	essential	http://data.europa.eu/esco/skill/2857540c-180b-4208-9127-e94a01871966	align software with system architectures	skill
349ee6f6-c295-4c38-9b98-48765b55280e	cloud engineer	essential	http://data.europa.eu/esco/skill/cdd8b6b2-2fd9-453c-8d62-8a1dc6efcd49	systems theory	knowledge
349ee6f6-c295-4c38-9b98-48765b55280e	cloud engineer	essential	http://data.europa.eu/esco/skill/ce8ae6ca-61d8-4174-b457-641de96cbff4	automate cloud tasks	skill
349ee6f6-c295-4c38-9b98-48765b55280e	cloud engineer	essential	http://data.europa.eu/esco/skill/440d5784-52a5-4729-8b04-29f978bd896d	respond to incidents in cloud	skill
349ee6f6-c295-4c38-9b98-48765b55280e	cloud engineer	essential	http://data.europa.eu/esco/skill/09f2f811-a3fb-4de3-a70f-6420a6935575	systems development life-cycle	knowledge
349ee6f6-c295-4c38-9b98-48765b55280e	cloud engineer	essential	http://data.europa.eu/esco/skill/2522a6ce-3202-4ac8-9f5b-b9cb5a3a83a1	debug software	skill
349ee6f6-c295-4c38-9b98-48765b55280e	cloud engineer	essential	http://data.europa.eu/esco/skill/38716afc-a93b-44ab-96cc-2ecf67edcf32	do cloud refactoring	skill
349ee6f6-c295-4c38-9b98-48765b55280e	cloud engineer	essential	http://data.europa.eu/esco/skill/b04f377b-ee80-4b38-aca1-19d266a23b17	analyse business requirements	skill
349ee6f6-c295-4c38-9b98-48765b55280e	cloud engineer	essential	http://data.europa.eu/esco/skill/83218cac-3599-417e-93d2-26013cdccd98	service-oriented modelling	knowledge
349ee6f6-c295-4c38-9b98-48765b55280e	cloud engineer	essential	http://data.europa.eu/esco/skill/d3286405-49f8-4e8a-8046-a4376b4e7963	manage cloud data and storage	skill
349ee6f6-c295-4c38-9b98-48765b55280e	cloud engineer	essential	http://data.europa.eu/esco/skill/6fa1c2c0-a012-4ca0-9642-e01569ba322c	ICT system integration	knowledge
349ee6f6-c295-4c38-9b98-48765b55280e	cloud engineer	essential	http://data.europa.eu/esco/skill/c13fb093-5ffb-491a-b8b7-fa2d42a57e2e	implement cloud security and compliance	skill
349ee6f6-c295-4c38-9b98-48765b55280e	cloud engineer	essential	http://data.europa.eu/esco/skill/6195c5f7-a4fb-425d-a3dd-c4467c4471a3	deploy cloud resource	skill
349ee6f6-c295-4c38-9b98-48765b55280e	cloud engineer	essential	http://data.europa.eu/esco/skill/f84a433f-34f1-4083-b0a3-24802623509c	web services	knowledge
349ee6f6-c295-4c38-9b98-48765b55280e	cloud engineer	essential	http://data.europa.eu/esco/skill/85c11255-469f-41bd-a6d1-382bc4a87783	interpret technical texts	skill
349ee6f6-c295-4c38-9b98-48765b55280e	cloud engineer	essential	http://data.europa.eu/esco/skill/e5beeff8-7c98-490a-ae2c-16fbb6a87305	manage keys for data protection	skill
349ee6f6-c295-4c38-9b98-48765b55280e	cloud engineer	essential	http://data.europa.eu/esco/skill/4da4587a-fd0b-4ca2-886c-c42a1562d432	design cloud networks	skill
349ee6f6-c295-4c38-9b98-48765b55280e	cloud engineer	essential	http://data.europa.eu/esco/skill/9ef0f3a0-9ce2-4ef1-a987-0366b5cb2dbe	database development tools	knowledge
349ee6f6-c295-4c38-9b98-48765b55280e	cloud engineer	essential	http://data.europa.eu/esco/skill/f28617ad-afdd-4041-814c-216153a38998	analyse software specifications	skill
349ee6f6-c295-4c38-9b98-48765b55280e	cloud engineer	essential	http://data.europa.eu/esco/skill/6b643893-0a1f-4f6c-83a1-e7eef75849b9	develop with cloud services	skill
349ee6f6-c295-4c38-9b98-48765b55280e	cloud engineer	essential	http://data.europa.eu/esco/skill/0a52bed5-fd29-45fb-aba6-e32bccfda1c1	plan migration to cloud	skill
349ee6f6-c295-4c38-9b98-48765b55280e	cloud engineer	optional	http://data.europa.eu/esco/skill/19a8293b-8e95-4de3-983f-77484079c389	Java (computer programming)	knowledge
349ee6f6-c295-4c38-9b98-48765b55280e	cloud engineer	optional	http://data.europa.eu/esco/skill/48db96bf-3314-45c6-bad8-fdb6e20e5639	data engineering	knowledge
349ee6f6-c295-4c38-9b98-48765b55280e	cloud engineer	optional	http://data.europa.eu/esco/skill/ccd0a1d9-afda-43d9-b901-96344886e14d	Python (computer programming)	knowledge
349ee6f6-c295-4c38-9b98-48765b55280e	cloud engineer	optional	http://data.europa.eu/esco/skill/12274664-b642-4945-b88f-d7787dc3c9dd	design interaction model	skill
349ee6f6-c295-4c38-9b98-48765b55280e	cloud engineer	optional	http://data.europa.eu/esco/skill/75f839c2-fd9a-4ad3-8921-6e734608568d	use query languages	skill
349ee6f6-c295-4c38-9b98-48765b55280e	cloud engineer	optional	http://data.europa.eu/esco/skill/cef5c0f8-1e40-4c09-b6a7-aa7811849e5d	ethics	knowledge
349ee6f6-c295-4c38-9b98-48765b55280e	cloud engineer	optional	http://data.europa.eu/esco/skill/0ccdfe98-f845-4598-84a1-3dca66e9d9a3	Ruby (computer programming)	knowledge
349ee6f6-c295-4c38-9b98-48765b55280e	cloud engineer	optional	http://data.europa.eu/esco/skill/cbe2c304-1e7d-489a-97d9-a7d3e37a9db6	apply ICT systems theory	skill
349ee6f6-c295-4c38-9b98-48765b55280e	cloud engineer	optional	http://data.europa.eu/esco/skill/6f1edc19-191f-4ba5-a048-ee69aff05bab	security engineering	knowledge
349ee6f6-c295-4c38-9b98-48765b55280e	cloud engineer	optional	http://data.europa.eu/esco/skill/2b92a5b2-6758-4ee3-9fb4-b6387a55cc8f	perform data analysis	skill
349ee6f6-c295-4c38-9b98-48765b55280e	cloud engineer	optional	http://data.europa.eu/esco/skill/3ff589b7-68df-4ea5-ae41-b395bdb2378f	ICT security standards	knowledge
349ee6f6-c295-4c38-9b98-48765b55280e	cloud engineer	optional	http://data.europa.eu/esco/skill/96550830-539b-4746-96aa-92aa4959945d	apply risk management processes	skill
07e60525-1aad-4099-aaf3-2c7014c92212	integration engineer	essential	http://data.europa.eu/esco/skill/46e93774-7c6a-4dc5-bae9-be97cc461093	inter-organisational middleware system	knowledge
07e60525-1aad-4099-aaf3-2c7014c92212	integration engineer	essential	http://data.europa.eu/esco/skill/6e4f75b4-c60f-4623-a9ba-760c8245753b	ICT communications protocols	knowledge
07e60525-1aad-4099-aaf3-2c7014c92212	integration engineer	essential	http://data.europa.eu/esco/skill/ca73ac82-867a-4afa-9732-834aebe896ff	ICT system user requirements	knowledge
07e60525-1aad-4099-aaf3-2c7014c92212	integration engineer	essential	http://data.europa.eu/esco/skill/a4a882a1-0263-4dd2-b29a-f0028cac2393	define integration strategy	skill
07e60525-1aad-4099-aaf3-2c7014c92212	integration engineer	essential	http://data.europa.eu/esco/skill/248894d1-42dc-474f-af6e-2da52ac0c679	define technology strategy	skill
07e60525-1aad-4099-aaf3-2c7014c92212	integration engineer	essential	http://data.europa.eu/esco/skill/5ef0c719-5bcb-49f8-b8eb-824388225333	use scripting programming	skill
07e60525-1aad-4099-aaf3-2c7014c92212	integration engineer	essential	http://data.europa.eu/esco/skill/ed1fbdc3-1071-423c-9bb4-e3288ca6d1fe	hardware components suppliers	knowledge
07e60525-1aad-4099-aaf3-2c7014c92212	integration engineer	essential	http://data.europa.eu/esco/skill/bec4359e-cb92-468f-a997-8fb28e32fba9	ICT project management methodologies	knowledge
07e60525-1aad-4099-aaf3-2c7014c92212	integration engineer	essential	http://data.europa.eu/esco/skill/9707091a-323b-4240-877a-5999a19286f0	apply ICT system usage policies	skill
07e60525-1aad-4099-aaf3-2c7014c92212	integration engineer	essential	http://data.europa.eu/esco/skill/e6b8f934-7f35-4dc6-9a64-f6c43acdc00b	software components suppliers	knowledge
07e60525-1aad-4099-aaf3-2c7014c92212	integration engineer	essential	http://data.europa.eu/esco/skill/0a43729f-2a79-4dae-9faa-95520daae79f	apply company policies	skill
07e60525-1aad-4099-aaf3-2c7014c92212	integration engineer	essential	http://data.europa.eu/esco/skill/f6868852-9bf6-4899-a5d6-5f9532fb877d	design component interfaces	skill
07e60525-1aad-4099-aaf3-2c7014c92212	integration engineer	essential	http://data.europa.eu/esco/skill/ed8de897-adbe-4f0e-b4d2-534953e64c72	integrate system components	skill
07e60525-1aad-4099-aaf3-2c7014c92212	integration engineer	essential	http://data.europa.eu/esco/skill/da042121-959d-451b-b4d0-3bbf07c1bc67	analyse network bandwidth requirements	skill
07e60525-1aad-4099-aaf3-2c7014c92212	integration engineer	essential	http://data.europa.eu/esco/skill/71c2f41e-14de-4b23-82ad-5dbcd54ba5b0	deploy ICT systems	skill
07e60525-1aad-4099-aaf3-2c7014c92212	integration engineer	essential	http://data.europa.eu/esco/skill/32428b21-514b-42c2-81b5-244a7804ea74	procurement of ICT network equipment	knowledge
07e60525-1aad-4099-aaf3-2c7014c92212	integration engineer	optional	http://data.europa.eu/esco/skill/69f0167e-75d9-46cf-847f-72a592880ebb	STAF	knowledge
07e60525-1aad-4099-aaf3-2c7014c92212	integration engineer	optional	http://data.europa.eu/esco/skill/eb0e5615-1575-4a86-a1a2-7d39595033c5	ABAP	knowledge
07e60525-1aad-4099-aaf3-2c7014c92212	integration engineer	optional	http://data.europa.eu/esco/skill/11eebd42-44ab-401d-8a2c-bdb9fc9beb50	information security strategy	knowledge
07e60525-1aad-4099-aaf3-2c7014c92212	integration engineer	optional	http://data.europa.eu/esco/skill/4350c38d-0fe9-4ca7-bab9-40ed7f72b04f	PHP	knowledge
07e60525-1aad-4099-aaf3-2c7014c92212	integration engineer	optional	http://data.europa.eu/esco/skill/04fe962b-4017-4eb7-9139-7d69b6922bc9	use an application-specific interface	skill
07e60525-1aad-4099-aaf3-2c7014c92212	integration engineer	optional	http://data.europa.eu/esco/skill/d5a59ca8-2e91-472e-8571-d12ce4478679	Process-based management	knowledge
07e60525-1aad-4099-aaf3-2c7014c92212	integration engineer	optional	http://data.europa.eu/esco/skill/c7451027-8249-405a-bb1b-342ff0f3fb3b	Salt (tools for software configuration management)	knowledge
07e60525-1aad-4099-aaf3-2c7014c92212	integration engineer	optional	http://data.europa.eu/esco/skill/e5b5053e-0ef6-4c4e-a3f2-42f955f4322c	implement a firewall	skill
07e60525-1aad-4099-aaf3-2c7014c92212	integration engineer	optional	http://data.europa.eu/esco/skill/d56fc2b5-4b0a-4e7e-9bde-a33736f6ff18	Scratch (computer programming)	knowledge
07e60525-1aad-4099-aaf3-2c7014c92212	integration engineer	optional	http://data.europa.eu/esco/skill/21d2f96d-35f7-4e3f-9745-c533d2dd6e97	computer programming	knowledge
07e60525-1aad-4099-aaf3-2c7014c92212	integration engineer	optional	http://data.europa.eu/esco/skill/da6393d5-a53c-4863-abc7-51f36281d74e	lean project management	knowledge
07e60525-1aad-4099-aaf3-2c7014c92212	integration engineer	optional	http://data.europa.eu/esco/skill/be80acfc-b6f2-4411-9b8d-b19d9cd2556a	Swift (computer programming)	knowledge
07e60525-1aad-4099-aaf3-2c7014c92212	integration engineer	optional	http://data.europa.eu/esco/skill/6fa1c2c0-a012-4ca0-9642-e01569ba322c	ICT system integration	knowledge
07e60525-1aad-4099-aaf3-2c7014c92212	integration engineer	optional	http://data.europa.eu/esco/skill/b633eb55-8f1f-4ae6-ab4c-2022ffe2cb7f	C++	knowledge
07e60525-1aad-4099-aaf3-2c7014c92212	integration engineer	optional	http://data.europa.eu/esco/skill/8369ede5-4200-4a44-be2e-bc60ef959259	Microsoft Visual C++	knowledge
07e60525-1aad-4099-aaf3-2c7014c92212	integration engineer	optional	http://data.europa.eu/esco/skill/2164e860-7f20-48bc-b98c-5d9f8a561550	design computer network	skill
07e60525-1aad-4099-aaf3-2c7014c92212	integration engineer	optional	http://data.europa.eu/esco/skill/0de61385-de6d-4146-ba32-1cc1bc102220	Lisp	knowledge
07e60525-1aad-4099-aaf3-2c7014c92212	integration engineer	optional	http://data.europa.eu/esco/skill/c3a03c5a-c260-4c26-9b9a-873abb396f4d	MATLAB	knowledge
07e60525-1aad-4099-aaf3-2c7014c92212	integration engineer	optional	http://data.europa.eu/esco/skill/f47a1998-0beb-43be-9f46-380aa4d183da	Jenkins (tools for software configuration management)	knowledge
07e60525-1aad-4099-aaf3-2c7014c92212	integration engineer	optional	http://data.europa.eu/esco/skill/c9e96450-421d-48af-9ee6-d9c50e29afc2	ICT recovery techniques	knowledge
07e60525-1aad-4099-aaf3-2c7014c92212	integration engineer	optional	http://data.europa.eu/esco/skill/401eb8d8-6daa-4f8b-90ad-60afc71eb4f8	Perl	knowledge
07e60525-1aad-4099-aaf3-2c7014c92212	integration engineer	optional	http://data.europa.eu/esco/skill/b105ec9b-0857-41d6-8d07-a83e58b73d90	ICT system programming	knowledge
07e60525-1aad-4099-aaf3-2c7014c92212	integration engineer	optional	http://data.europa.eu/esco/skill/484df271-bb52-49f1-8f50-f19624bf4df2	software components libraries	knowledge
07e60525-1aad-4099-aaf3-2c7014c92212	integration engineer	optional	http://data.europa.eu/esco/skill/2180bd8c-86de-4889-8165-adac902eee9d	embedded systems	knowledge
07e60525-1aad-4099-aaf3-2c7014c92212	integration engineer	optional	http://data.europa.eu/esco/skill/e8b89eb6-51e8-4c3a-babb-88b2e110376b	Pascal (computer programming)	knowledge
07e60525-1aad-4099-aaf3-2c7014c92212	integration engineer	optional	http://data.europa.eu/esco/skill/172020d1-e151-445b-8173-e2a5fb16fe51	utilise computer-aided software engineering tools	skill
07e60525-1aad-4099-aaf3-2c7014c92212	integration engineer	optional	http://data.europa.eu/esco/skill/6b3afb82-c4ea-4f14-be54-a757fb762663	Vagrant	knowledge
07e60525-1aad-4099-aaf3-2c7014c92212	integration engineer	optional	http://data.europa.eu/esco/skill/82de2df7-0d6c-42b1-94ac-b3e9a029e917	use back-up and recovery tools	skill
07e60525-1aad-4099-aaf3-2c7014c92212	integration engineer	optional	http://data.europa.eu/esco/skill/a4d336a6-9ffd-402a-91cc-f359716ba4e0	ML (computer programming)	knowledge
07e60525-1aad-4099-aaf3-2c7014c92212	integration engineer	optional	http://data.europa.eu/esco/skill/4b51e76e-9e8a-455f-a289-5b48246345c4	hardware components	knowledge
07e60525-1aad-4099-aaf3-2c7014c92212	integration engineer	optional	http://data.europa.eu/esco/skill/2bde42ae-e776-41c1-9ded-b07b30bfe985	Prolog (computer programming)	knowledge
07e60525-1aad-4099-aaf3-2c7014c92212	integration engineer	optional	http://data.europa.eu/esco/skill/9973a5a2-7822-4161-99e9-95c781eb63f8	Objective-C	knowledge
07e60525-1aad-4099-aaf3-2c7014c92212	integration engineer	optional	http://data.europa.eu/esco/skill/d0c6d77e-cb25-4770-bf77-2073fc5f7523	ICT infrastructure	knowledge
07e60525-1aad-4099-aaf3-2c7014c92212	integration engineer	optional	http://data.europa.eu/esco/skill/6417a4cc-6f61-4459-a114-761a7fa0279d	Puppet (tools for software configuration management)	knowledge
07e60525-1aad-4099-aaf3-2c7014c92212	integration engineer	optional	http://data.europa.eu/esco/skill/def007fa-5fed-4a5f-91a2-b0d7e3db1be1	COBOL	knowledge
07e60525-1aad-4099-aaf3-2c7014c92212	integration engineer	optional	http://data.europa.eu/esco/skill/1d86f05e-e9cc-40ce-99d8-2b21cc71b16b	solution deployment	knowledge
07e60525-1aad-4099-aaf3-2c7014c92212	integration engineer	optional	http://data.europa.eu/esco/skill/6f8a40d6-f9ce-43ec-a72f-d4213a53f3ed	Ansible	knowledge
07e60525-1aad-4099-aaf3-2c7014c92212	integration engineer	optional	http://data.europa.eu/esco/skill/709ef32a-7435-48e2-8fa2-16e389ecab8a	Cisco	knowledge
07e60525-1aad-4099-aaf3-2c7014c92212	integration engineer	optional	http://data.europa.eu/esco/skill/bb2b4485-2bad-402f-8517-44bf7d9afff4	implement anti-virus software	skill
07e60525-1aad-4099-aaf3-2c7014c92212	integration engineer	optional	http://data.europa.eu/esco/skill/cd5efa8c-e44d-4cbc-91c6-796018dbed68	perform project management	skill
07e60525-1aad-4099-aaf3-2c7014c92212	integration engineer	optional	http://data.europa.eu/esco/skill/13bdd41a-2a18-441f-96db-41252c519413	Visual Basic	knowledge
07e60525-1aad-4099-aaf3-2c7014c92212	integration engineer	optional	http://data.europa.eu/esco/skill/0d168770-4d9c-4096-b048-a6577818d306	Apache Maven	knowledge
07e60525-1aad-4099-aaf3-2c7014c92212	integration engineer	optional	http://data.europa.eu/esco/skill/19a8293b-8e95-4de3-983f-77484079c389	Java (computer programming)	knowledge
07e60525-1aad-4099-aaf3-2c7014c92212	integration engineer	optional	http://data.europa.eu/esco/skill/04f1b938-d4d4-4cb1-a863-982af76b9d93	SAS language	knowledge
07e60525-1aad-4099-aaf3-2c7014c92212	integration engineer	optional	http://data.europa.eu/esco/skill/09f2f811-a3fb-4de3-a70f-6420a6935575	systems development life-cycle	knowledge
07e60525-1aad-4099-aaf3-2c7014c92212	integration engineer	optional	http://data.europa.eu/esco/skill/000f1d3d-220f-4789-9c0a-cc742521fb02	Haskell	knowledge
07e60525-1aad-4099-aaf3-2c7014c92212	integration engineer	optional	http://data.europa.eu/esco/skill/9d2e926f-53d9-41f5-98f3-19dfaa687f3f	tools for software configuration management	knowledge
07e60525-1aad-4099-aaf3-2c7014c92212	integration engineer	optional	http://data.europa.eu/esco/skill/6014921e-1d25-4039-adc2-04852d61880e	ICT debugging tools	knowledge
07e60525-1aad-4099-aaf3-2c7014c92212	integration engineer	optional	http://data.europa.eu/esco/skill/52cf3037-ab53-4806-85ed-7fd21ea7f6a1	Groovy	knowledge
07e60525-1aad-4099-aaf3-2c7014c92212	integration engineer	optional	http://data.europa.eu/esco/skill/56a7f561-1d55-43c9-9cd7-36a0a9bc6c50	ASP.NET	knowledge
07e60525-1aad-4099-aaf3-2c7014c92212	integration engineer	optional	http://data.europa.eu/esco/skill/5592ab32-4e7a-4cda-8e64-ca36d5de8a10	adapt to changing situations	skill
07e60525-1aad-4099-aaf3-2c7014c92212	integration engineer	optional	http://data.europa.eu/esco/skill/ccd0a1d9-afda-43d9-b901-96344886e14d	Python (computer programming)	knowledge
07e60525-1aad-4099-aaf3-2c7014c92212	integration engineer	optional	http://data.europa.eu/esco/skill/23b45aa6-a479-486d-9e6f-062cbab7c68a	interfacing techniques	knowledge
07e60525-1aad-4099-aaf3-2c7014c92212	integration engineer	optional	http://data.europa.eu/esco/skill/0ccdfe98-f845-4598-84a1-3dca66e9d9a3	Ruby (computer programming)	knowledge
07e60525-1aad-4099-aaf3-2c7014c92212	integration engineer	optional	http://data.europa.eu/esco/skill/0da6cab1-0ee9-4391-a299-f71fbf21db56	ICT network routing	knowledge
07e60525-1aad-4099-aaf3-2c7014c92212	integration engineer	optional	http://data.europa.eu/esco/skill/bb99af26-71ff-4dca-bde7-1eb1f6194426	SAP R3	knowledge
07e60525-1aad-4099-aaf3-2c7014c92212	integration engineer	optional	http://data.europa.eu/esco/skill/4c016b68-4116-468c-9dc6-42710c239e4a	C#	knowledge
07e60525-1aad-4099-aaf3-2c7014c92212	integration engineer	optional	http://data.europa.eu/esco/skill/ffddfc7c-a9dd-449f-9e96-882dc447c8b6	Scala	knowledge
07e60525-1aad-4099-aaf3-2c7014c92212	integration engineer	optional	http://data.europa.eu/esco/skill/47b9bbcf-356c-4782-83a4-7f5a1b2b51a3	Assembly (computer programming)	knowledge
07e60525-1aad-4099-aaf3-2c7014c92212	integration engineer	optional	http://data.europa.eu/esco/skill/7557f0f4-b8bc-4ac0-b91e-222ab1ba744f	tools for ICT test automation	knowledge
07e60525-1aad-4099-aaf3-2c7014c92212	integration engineer	optional	http://data.europa.eu/esco/skill/0cd6dcf1-5778-42a5-b685-4d01ae4a4871	Common Lisp	knowledge
07e60525-1aad-4099-aaf3-2c7014c92212	integration engineer	optional	http://data.europa.eu/esco/skill/72a74f69-5cf1-43c5-99b9-62a444578919	engineering processes	knowledge
07e60525-1aad-4099-aaf3-2c7014c92212	integration engineer	optional	http://data.europa.eu/esco/skill/3cd569a2-4f88-4c1e-9995-8dce8c5e51a7	JavaScript	knowledge
07e60525-1aad-4099-aaf3-2c7014c92212	integration engineer	optional	http://data.europa.eu/esco/skill/b4dc6e4f-dc7d-445f-8ce2-d7b9d225e282	AJAX	knowledge
07e60525-1aad-4099-aaf3-2c7014c92212	integration engineer	optional	http://data.europa.eu/esco/skill/0da516ee-e70e-4384-be13-f5ff80be8127	communicate with customers	skill
07e60525-1aad-4099-aaf3-2c7014c92212	integration engineer	optional	http://data.europa.eu/esco/skill/51586df8-1c46-4b47-8583-773cb63bf00b	R	knowledge
07e60525-1aad-4099-aaf3-2c7014c92212	integration engineer	optional	http://data.europa.eu/esco/skill/58d7a289-dafd-4363-833f-d1dc4140885e	APL	knowledge
07e60525-1aad-4099-aaf3-2c7014c92212	integration engineer	optional	http://data.europa.eu/esco/skill/1bba98a7-92b9-450b-9235-e0c905f8f3c4	information architecture	knowledge
07e60525-1aad-4099-aaf3-2c7014c92212	integration engineer	optional	http://data.europa.eu/esco/skill/300d432b-f457-4cd3-9cb1-1858c7d14954	OpenEdge Advanced Business Language	knowledge
07e60525-1aad-4099-aaf3-2c7014c92212	integration engineer	optional	http://data.europa.eu/esco/skill/25df422a-bf0a-4f76-8631-d0be91cb8751	model based system engineering	knowledge
07e60525-1aad-4099-aaf3-2c7014c92212	integration engineer	optional	http://data.europa.eu/esco/skill/0a9acb6b-1139-4be9-b431-3a80a959f2f4	Agile project management	knowledge
b11e1742-5e28-4270-b081-b0193d85ee7d	database developer	essential	http://data.europa.eu/esco/skill/0e0c9c11-b39e-43cf-ba95-2fe646f5de64	identify customer requirements	skill
b11e1742-5e28-4270-b081-b0193d85ee7d	database developer	essential	http://data.europa.eu/esco/skill/85c11255-469f-41bd-a6d1-382bc4a87783	interpret technical texts	skill
b11e1742-5e28-4270-b081-b0193d85ee7d	database developer	essential	http://data.europa.eu/esco/skill/9d0d89be-bffa-4393-b6f6-8d05bea49051	data extraction, transformation and loading tools	knowledge
b11e1742-5e28-4270-b081-b0193d85ee7d	database developer	essential	http://data.europa.eu/esco/skill/64db87c7-2360-4e20-88d3-d222402e477c	write database documentation	skill
b11e1742-5e28-4270-b081-b0193d85ee7d	database developer	essential	http://data.europa.eu/esco/skill/fbafa41f-cd05-4109-a649-8b44d306d779	create data models	skill
b11e1742-5e28-4270-b081-b0193d85ee7d	database developer	essential	http://data.europa.eu/esco/skill/ab1e97ed-2319-4293-a8b7-072d2648822f	database management systems	knowledge
b11e1742-5e28-4270-b081-b0193d85ee7d	database developer	essential	http://data.europa.eu/esco/skill/04fe962b-4017-4eb7-9139-7d69b6922bc9	use an application-specific interface	skill
b11e1742-5e28-4270-b081-b0193d85ee7d	database developer	essential	http://data.europa.eu/esco/skill/cf3e976d-2c3e-495c-a874-f9e8a66d3b48	perform backups	skill
b11e1742-5e28-4270-b081-b0193d85ee7d	database developer	essential	http://data.europa.eu/esco/skill/99207709-d076-4cce-ba38-e90d3bb28806	resource description framework query language	knowledge
b11e1742-5e28-4270-b081-b0193d85ee7d	database developer	essential	http://data.europa.eu/esco/skill/86d2e2ea-1ba2-4aa6-b465-8a1f9abc81b8	apply information security policies	skill
b11e1742-5e28-4270-b081-b0193d85ee7d	database developer	essential	http://data.europa.eu/esco/skill/cc7370dd-69fa-4c67-a96f-d4d135d38700	data quality assessment	knowledge
b11e1742-5e28-4270-b081-b0193d85ee7d	database developer	essential	http://data.europa.eu/esco/skill/a7f0fbe0-c546-4f30-8e41-34a58c64567e	data storage	knowledge
b11e1742-5e28-4270-b081-b0193d85ee7d	database developer	essential	http://data.europa.eu/esco/skill/9ef0f3a0-9ce2-4ef1-a987-0366b5cb2dbe	database development tools	knowledge
b11e1742-5e28-4270-b081-b0193d85ee7d	database developer	essential	http://data.europa.eu/esco/skill/4463a721-69f3-413d-8321-43e3af13a4f1	use databases	skill
b11e1742-5e28-4270-b081-b0193d85ee7d	database developer	essential	http://data.europa.eu/esco/skill/71746a0b-e58d-4dc4-ad03-bd84082eae21	collect customer feedback on applications	skill
b11e1742-5e28-4270-b081-b0193d85ee7d	database developer	essential	http://data.europa.eu/esco/skill/9ba8fd27-275d-4bad-8c48-f668aa99a578	balance database resources	skill
b11e1742-5e28-4270-b081-b0193d85ee7d	database developer	essential	http://data.europa.eu/esco/skill/9cf681c7-89ec-470c-b651-7fe03786f586	query languages	knowledge
b11e1742-5e28-4270-b081-b0193d85ee7d	database developer	essential	http://data.europa.eu/esco/skill/e2fb1ee4-fbf9-4690-b677-3e6ff7cfdc48	test ICT queries	skill
b11e1742-5e28-4270-b081-b0193d85ee7d	database developer	essential	http://data.europa.eu/esco/skill/c544a9f3-5945-4b54-afed-de0697852817	report analysis results	skill
b11e1742-5e28-4270-b081-b0193d85ee7d	database developer	essential	http://data.europa.eu/esco/skill/e207163b-7963-4c3e-9494-7a4bb000211b	estimate duration of work	skill
b11e1742-5e28-4270-b081-b0193d85ee7d	database developer	optional	http://data.europa.eu/esco/skill/598de5b0-5b58-4ea7-8058-a4bc4d18c742	SQL	knowledge
b11e1742-5e28-4270-b081-b0193d85ee7d	database developer	optional	http://data.europa.eu/esco/skill/c3a03c5a-c260-4c26-9b9a-873abb396f4d	MATLAB	knowledge
b11e1742-5e28-4270-b081-b0193d85ee7d	database developer	optional	http://data.europa.eu/esco/skill/21d2f96d-35f7-4e3f-9745-c533d2dd6e97	computer programming	knowledge
b11e1742-5e28-4270-b081-b0193d85ee7d	database developer	optional	http://data.europa.eu/esco/skill/42c3287f-5e50-4559-a2d1-2000c70e0aab	Pentaho Data Integration	knowledge
b11e1742-5e28-4270-b081-b0193d85ee7d	database developer	optional	http://data.europa.eu/esco/skill/ffddfc7c-a9dd-449f-9e96-882dc447c8b6	Scala	knowledge
b11e1742-5e28-4270-b081-b0193d85ee7d	database developer	optional	http://data.europa.eu/esco/skill/e8b89eb6-51e8-4c3a-babb-88b2e110376b	Pascal (computer programming)	knowledge
b11e1742-5e28-4270-b081-b0193d85ee7d	database developer	optional	http://data.europa.eu/esco/skill/de9f85ba-e77f-48fd-8c66-f5ebaf32d655	Oracle Relational Database	knowledge
b11e1742-5e28-4270-b081-b0193d85ee7d	database developer	optional	http://data.europa.eu/esco/skill/52cf3037-ab53-4806-85ed-7fd21ea7f6a1	Groovy	knowledge
b11e1742-5e28-4270-b081-b0193d85ee7d	database developer	optional	http://data.europa.eu/esco/skill/8764d4b1-e069-44f2-8baa-fb1eee1850ec	Oracle Application Development Framework	knowledge
b11e1742-5e28-4270-b081-b0193d85ee7d	database developer	optional	http://data.europa.eu/esco/skill/ed8de897-adbe-4f0e-b4d2-534953e64c72	integrate system components	skill
b11e1742-5e28-4270-b081-b0193d85ee7d	database developer	optional	http://data.europa.eu/esco/skill/03b9b491-fc9b-4868-914a-bf7cd47b5041	create solutions to problems	skill
b11e1742-5e28-4270-b081-b0193d85ee7d	database developer	optional	http://data.europa.eu/esco/skill/fe1c2b32-7fe9-4668-affa-07ff658a68cf	identify ICT security risks	skill
b11e1742-5e28-4270-b081-b0193d85ee7d	database developer	optional	http://data.europa.eu/esco/skill/2b7a79e5-84d8-4880-be66-3d9bb05bea17	use software design patterns	skill
b11e1742-5e28-4270-b081-b0193d85ee7d	database developer	optional	http://data.europa.eu/esco/skill/4e6d2538-a48e-48a7-8dad-14b067cfcb8b	TripleStore	knowledge
b11e1742-5e28-4270-b081-b0193d85ee7d	database developer	optional	http://data.europa.eu/esco/skill/5da8018b-ae85-4cde-ad93-0394369018f3	SPARQL	knowledge
b11e1742-5e28-4270-b081-b0193d85ee7d	database developer	optional	http://data.europa.eu/esco/skill/6f7512ab-d46d-402a-8c30-a8878d7c1f88	SQL Server Integration Services	knowledge
b11e1742-5e28-4270-b081-b0193d85ee7d	database developer	optional	http://data.europa.eu/esco/skill/7e1f9657-ab4e-407c-842f-b846197060e3	execute ICT audits	skill
b11e1742-5e28-4270-b081-b0193d85ee7d	database developer	optional	http://data.europa.eu/esco/skill/e043aeeb-78f5-4049-afbf-12bba52225bc	hardware architectures	knowledge
b11e1742-5e28-4270-b081-b0193d85ee7d	database developer	optional	http://data.europa.eu/esco/skill/84251cb1-babf-4d17-a3cd-baa642c24c8d	IBM Informix	knowledge
b11e1742-5e28-4270-b081-b0193d85ee7d	database developer	optional	http://data.europa.eu/esco/skill/0f00f63f-3ab4-4057-b92f-500584b51757	Informatica PowerCenter	knowledge
b11e1742-5e28-4270-b081-b0193d85ee7d	database developer	optional	http://data.europa.eu/esco/skill/b8eb2517-37d8-43e6-9856-9c29d5c51fde	Filemaker (database management systems)	knowledge
b11e1742-5e28-4270-b081-b0193d85ee7d	database developer	optional	http://data.europa.eu/esco/skill/47b9bbcf-356c-4782-83a4-7f5a1b2b51a3	Assembly (computer programming)	knowledge
b11e1742-5e28-4270-b081-b0193d85ee7d	database developer	optional	http://data.europa.eu/esco/skill/4da171e5-779c-4983-a76f-91c16751e99f	MySQL	knowledge
b11e1742-5e28-4270-b081-b0193d85ee7d	database developer	optional	http://data.europa.eu/esco/skill/867137fb-ff1b-4ca3-99f3-cb6969aa2c68	TypeScript	knowledge
b11e1742-5e28-4270-b081-b0193d85ee7d	database developer	optional	http://data.europa.eu/esco/skill/4216e465-7baa-4884-a241-54b197bb9278	perform data mining	skill
b11e1742-5e28-4270-b081-b0193d85ee7d	database developer	optional	http://data.europa.eu/esco/skill/4959697d-3a24-4f46-af0c-b752318e6c54	ObjectStore	knowledge
b11e1742-5e28-4270-b081-b0193d85ee7d	database developer	optional	http://data.europa.eu/esco/skill/42ed3bfb-1a01-4c8b-9758-fc6438865734	Smalltalk (computer programming)	knowledge
b11e1742-5e28-4270-b081-b0193d85ee7d	database developer	optional	http://data.europa.eu/esco/skill/58d7a289-dafd-4363-833f-d1dc4140885e	APL	knowledge
b11e1742-5e28-4270-b081-b0193d85ee7d	database developer	optional	http://data.europa.eu/esco/skill/993b1e23-f2de-4bd8-b33f-f86dde1c8e9d	CoffeeScript	knowledge
b11e1742-5e28-4270-b081-b0193d85ee7d	database developer	optional	http://data.europa.eu/esco/skill/401eb8d8-6daa-4f8b-90ad-60afc71eb4f8	Perl	knowledge
b11e1742-5e28-4270-b081-b0193d85ee7d	database developer	optional	http://data.europa.eu/esco/skill/def007fa-5fed-4a5f-91a2-b0d7e3db1be1	COBOL	knowledge
b11e1742-5e28-4270-b081-b0193d85ee7d	database developer	optional	http://data.europa.eu/esco/skill/9b9de2a4-d8af-4a7b-933a-a8334ae60067	JavaScript Framework	knowledge
b11e1742-5e28-4270-b081-b0193d85ee7d	database developer	optional	http://data.europa.eu/esco/skill/4350c38d-0fe9-4ca7-bab9-40ed7f72b04f	PHP	knowledge
b11e1742-5e28-4270-b081-b0193d85ee7d	database developer	optional	http://data.europa.eu/esco/skill/c062bab3-3ea0-4291-9220-a2d8fef4bead	SQL Server	knowledge
b11e1742-5e28-4270-b081-b0193d85ee7d	database developer	optional	http://data.europa.eu/esco/skill/9973a5a2-7822-4161-99e9-95c781eb63f8	Objective-C	knowledge
b11e1742-5e28-4270-b081-b0193d85ee7d	database developer	optional	http://data.europa.eu/esco/skill/b633eb55-8f1f-4ae6-ab4c-2022ffe2cb7f	C++	knowledge
b11e1742-5e28-4270-b081-b0193d85ee7d	database developer	optional	http://data.europa.eu/esco/skill/f88002a8-6355-4d33-9496-285c166ff375	ICT power consumption	knowledge
b11e1742-5e28-4270-b081-b0193d85ee7d	database developer	optional	http://data.europa.eu/esco/skill/000f1d3d-220f-4789-9c0a-cc742521fb02	Haskell	knowledge
b11e1742-5e28-4270-b081-b0193d85ee7d	database developer	optional	http://data.europa.eu/esco/skill/be80acfc-b6f2-4411-9b8d-b19d9cd2556a	Swift (computer programming)	knowledge
b11e1742-5e28-4270-b081-b0193d85ee7d	database developer	optional	http://data.europa.eu/esco/skill/b769f524-0f25-44d7-8538-5c46710a040e	manage digital documents	skill
b11e1742-5e28-4270-b081-b0193d85ee7d	database developer	optional	http://data.europa.eu/esco/skill/6d289e8b-2cc1-4eda-ab1f-ad1090ef98f0	WordPress	knowledge
b11e1742-5e28-4270-b081-b0193d85ee7d	database developer	optional	http://data.europa.eu/esco/skill/2bde42ae-e776-41c1-9ded-b07b30bfe985	Prolog (computer programming)	knowledge
b11e1742-5e28-4270-b081-b0193d85ee7d	database developer	optional	http://data.europa.eu/esco/skill/ea412de3-9d7a-4943-8d8c-c6d3c7495d0e	execute integration testing	skill
b11e1742-5e28-4270-b081-b0193d85ee7d	database developer	optional	http://data.europa.eu/esco/skill/0de61385-de6d-4146-ba32-1cc1bc102220	Lisp	knowledge
b11e1742-5e28-4270-b081-b0193d85ee7d	database developer	optional	http://data.europa.eu/esco/skill/3f4dab51-572b-4e2c-85ef-3b4c3f7094e1	XQuery	knowledge
b11e1742-5e28-4270-b081-b0193d85ee7d	database developer	optional	http://data.europa.eu/esco/skill/a4d336a6-9ffd-402a-91cc-f359716ba4e0	ML (computer programming)	knowledge
b11e1742-5e28-4270-b081-b0193d85ee7d	database developer	optional	http://data.europa.eu/esco/skill/41bf7ede-fc84-4a57-8c89-b548d11b0ba1	manage business knowledge	skill
b11e1742-5e28-4270-b081-b0193d85ee7d	database developer	optional	http://data.europa.eu/esco/skill/1973c966-f236-40c9-b2d4-5d71a89019be	use spreadsheets software	skill
b11e1742-5e28-4270-b081-b0193d85ee7d	database developer	optional	http://data.europa.eu/esco/skill/d56fc2b5-4b0a-4e7e-9bde-a33736f6ff18	Scratch (computer programming)	knowledge
b11e1742-5e28-4270-b081-b0193d85ee7d	database developer	optional	http://data.europa.eu/esco/skill/14fdac88-6d4a-4e47-9df5-02c6d1e86fdd	IBM InfoSphere DataStage	knowledge
b11e1742-5e28-4270-b081-b0193d85ee7d	database developer	optional	http://data.europa.eu/esco/skill/ee3b1553-2dc5-434b-8dcf-4ae3a40b3a48	verify formal ICT specifications	skill
b11e1742-5e28-4270-b081-b0193d85ee7d	database developer	optional	http://data.europa.eu/esco/skill/b4dc6e4f-dc7d-445f-8ce2-d7b9d225e282	AJAX	knowledge
b11e1742-5e28-4270-b081-b0193d85ee7d	database developer	optional	http://data.europa.eu/esco/skill/81b082fb-9a00-4660-976a-10c985979100	IBM InfoSphere Information Server	knowledge
b11e1742-5e28-4270-b081-b0193d85ee7d	database developer	optional	http://data.europa.eu/esco/skill/d3286405-49f8-4e8a-8046-a4376b4e7963	manage cloud data and storage	skill
b11e1742-5e28-4270-b081-b0193d85ee7d	database developer	optional	http://data.europa.eu/esco/skill/3cee858e-79e8-4a4b-b99f-93c7f735d58b	DB2	knowledge
b11e1742-5e28-4270-b081-b0193d85ee7d	database developer	optional	http://data.europa.eu/esco/skill/913e7e83-b8f8-4574-b1ca-1b38f3fd974a	execute software tests	skill
b11e1742-5e28-4270-b081-b0193d85ee7d	database developer	optional	http://data.europa.eu/esco/skill/a57a54b6-2f2e-43e4-9621-b52f4a63cb08	LDAP	knowledge
b11e1742-5e28-4270-b081-b0193d85ee7d	database developer	optional	http://data.europa.eu/esco/skill/bb99af26-71ff-4dca-bde7-1eb1f6194426	SAP R3	knowledge
b11e1742-5e28-4270-b081-b0193d85ee7d	database developer	optional	http://data.europa.eu/esco/skill/3af687cb-8c7a-46ea-a730-32dbaed040c6	Oracle Data Integrator	knowledge
b11e1742-5e28-4270-b081-b0193d85ee7d	database developer	optional	http://data.europa.eu/esco/skill/8c88d336-c249-4537-b26e-d679a85c4b9b	Ajax Framework	knowledge
b11e1742-5e28-4270-b081-b0193d85ee7d	database developer	optional	http://data.europa.eu/esco/skill/23900e3d-06fa-424c-a5dc-c0ea42edde1e	Oracle Warehouse Builder	knowledge
b11e1742-5e28-4270-b081-b0193d85ee7d	database developer	optional	http://data.europa.eu/esco/skill/b9f16465-56a9-426b-a047-0f9f1f95ec92	address problems critically	skill
b11e1742-5e28-4270-b081-b0193d85ee7d	database developer	optional	http://data.europa.eu/esco/skill/43ec6db6-33f7-449b-a566-5779a7e8997a	OpenEdge Database	knowledge
b11e1742-5e28-4270-b081-b0193d85ee7d	database developer	optional	http://data.europa.eu/esco/skill/034c29fa-c3ba-45ea-b8f3-bf8e3705e386	Erlang	knowledge
b11e1742-5e28-4270-b081-b0193d85ee7d	database developer	optional	http://data.europa.eu/esco/skill/82de2df7-0d6c-42b1-94ac-b3e9a029e917	use back-up and recovery tools	skill
b11e1742-5e28-4270-b081-b0193d85ee7d	database developer	optional	http://data.europa.eu/esco/skill/3cd569a2-4f88-4c1e-9995-8dce8c5e51a7	JavaScript	knowledge
b11e1742-5e28-4270-b081-b0193d85ee7d	database developer	optional	http://data.europa.eu/esco/skill/56a7f561-1d55-43c9-9cd7-36a0a9bc6c50	ASP.NET	knowledge
b11e1742-5e28-4270-b081-b0193d85ee7d	database developer	optional	http://data.europa.eu/esco/skill/0cd6dcf1-5778-42a5-b685-4d01ae4a4871	Common Lisp	knowledge
b11e1742-5e28-4270-b081-b0193d85ee7d	database developer	optional	http://data.europa.eu/esco/skill/300d432b-f457-4cd3-9cb1-1858c7d14954	OpenEdge Advanced Business Language	knowledge
b11e1742-5e28-4270-b081-b0193d85ee7d	database developer	optional	http://data.europa.eu/esco/skill/51586df8-1c46-4b47-8583-773cb63bf00b	R	knowledge
b11e1742-5e28-4270-b081-b0193d85ee7d	database developer	optional	http://data.europa.eu/esco/skill/c7d24594-0c11-4b27-9039-fe0bb903da8e	LINQ	knowledge
b11e1742-5e28-4270-b081-b0193d85ee7d	database developer	optional	http://data.europa.eu/esco/skill/f8e3425c-fe44-4ffb-bafe-0e20d91dadf4	SAP Data Services	knowledge
b11e1742-5e28-4270-b081-b0193d85ee7d	database developer	optional	http://data.europa.eu/esco/skill/48db96bf-3314-45c6-bad8-fdb6e20e5639	data engineering	knowledge
b11e1742-5e28-4270-b081-b0193d85ee7d	database developer	optional	http://data.europa.eu/esco/skill/611ed16b-99bf-4840-9cab-f55d1d286e0a	store digital data and systems	skill
b11e1742-5e28-4270-b081-b0193d85ee7d	database developer	optional	http://data.europa.eu/esco/skill/1b7c716e-af95-4cda-a42f-6479c8b139f5	MDX	knowledge
b11e1742-5e28-4270-b081-b0193d85ee7d	database developer	optional	http://data.europa.eu/esco/skill/dcdd5ddf-82a6-4ac3-8edc-d4b23cae9a88	VBScript	knowledge
b11e1742-5e28-4270-b081-b0193d85ee7d	database developer	optional	http://data.europa.eu/esco/skill/3d03c40c-1b83-4793-8902-2523f40af59e	Microsoft Access	knowledge
b11e1742-5e28-4270-b081-b0193d85ee7d	database developer	optional	http://data.europa.eu/esco/skill/97bdd757-29d4-4126-92a6-07608825aa3b	QlikView Expressor	knowledge
b11e1742-5e28-4270-b081-b0193d85ee7d	database developer	optional	http://data.europa.eu/esco/skill/c5ed451b-ef39-47a3-aee7-8f5be0aa8431	CA Datacom/DB	knowledge
b11e1742-5e28-4270-b081-b0193d85ee7d	database developer	optional	http://data.europa.eu/esco/skill/e819cc1e-09d9-47f2-b418-93972852daef	MarkLogic	knowledge
b11e1742-5e28-4270-b081-b0193d85ee7d	database developer	optional	http://data.europa.eu/esco/skill/ccd0a1d9-afda-43d9-b901-96344886e14d	Python (computer programming)	knowledge
b11e1742-5e28-4270-b081-b0193d85ee7d	database developer	optional	http://data.europa.eu/esco/skill/04f1b938-d4d4-4cb1-a863-982af76b9d93	SAS language	knowledge
b11e1742-5e28-4270-b081-b0193d85ee7d	database developer	optional	http://data.europa.eu/esco/skill/0ccdfe98-f845-4598-84a1-3dca66e9d9a3	Ruby (computer programming)	knowledge
b11e1742-5e28-4270-b081-b0193d85ee7d	database developer	optional	http://data.europa.eu/esco/skill/4c016b68-4116-468c-9dc6-42710c239e4a	C#	knowledge
b11e1742-5e28-4270-b081-b0193d85ee7d	database developer	optional	http://data.europa.eu/esco/skill/d9eaf831-9348-4330-a83e-b7c099cdc8f6	Teradata Database	knowledge
b11e1742-5e28-4270-b081-b0193d85ee7d	database developer	optional	http://data.europa.eu/esco/skill/e5a6e1e0-1b07-4432-83ba-77d593b2cb47	SAS Data Management	knowledge
b11e1742-5e28-4270-b081-b0193d85ee7d	database developer	optional	http://data.europa.eu/esco/skill/19a8293b-8e95-4de3-983f-77484079c389	Java (computer programming)	knowledge
b11e1742-5e28-4270-b081-b0193d85ee7d	database developer	optional	http://data.europa.eu/esco/skill/31c69100-b612-4a61-8db5-fd314318854c	execute analytical mathematical calculations	skill
b11e1742-5e28-4270-b081-b0193d85ee7d	database developer	optional	http://data.europa.eu/esco/skill/f597f772-24d3-4cec-813c-cf5a7027c794	N1QL	knowledge
b11e1742-5e28-4270-b081-b0193d85ee7d	database developer	optional	http://data.europa.eu/esco/skill/a8d07b5a-c1a1-42c6-9d53-db9c7a2ca996	PostgreSQL	knowledge
b11e1742-5e28-4270-b081-b0193d85ee7d	database developer	optional	http://data.europa.eu/esco/skill/eb0e5615-1575-4a86-a1a2-7d39595033c5	ABAP	knowledge
b11e1742-5e28-4270-b081-b0193d85ee7d	database developer	optional	http://data.europa.eu/esco/skill/13bdd41a-2a18-441f-96db-41252c519413	Visual Basic	knowledge
b11e1742-5e28-4270-b081-b0193d85ee7d	database developer	optional	http://data.europa.eu/esco/skill/8369ede5-4200-4a44-be2e-bc60ef959259	Microsoft Visual C++	knowledge
b11e1742-5e28-4270-b081-b0193d85ee7d	database developer	optional	http://data.europa.eu/esco/skill/75f839c2-fd9a-4ad3-8921-6e734608568d	use query languages	skill
b11e1742-5e28-4270-b081-b0193d85ee7d	database developer	optional	http://data.europa.eu/esco/skill/fdf15b35-9028-4acb-bfd2-43f00a015cd9	use personal organization software	skill
b11e1742-5e28-4270-b081-b0193d85ee7d	database developer	optional	http://data.europa.eu/esco/skill/d0c6d77e-cb25-4770-bf77-2073fc5f7523	ICT infrastructure	knowledge
2bef94db-0088-4507-982a-2ca717529adb	enterprise architect	essential	http://data.europa.eu/esco/skill/c453cf81-6197-428e-84c6-70c773b63f27	ICT architectural frameworks	knowledge
2bef94db-0088-4507-982a-2ca717529adb	enterprise architect	essential	http://data.europa.eu/esco/skill/5be3d306-6cf1-4b49-aa1d-01651dd4ba4c	object-oriented modelling	knowledge
2bef94db-0088-4507-982a-2ca717529adb	enterprise architect	essential	http://data.europa.eu/esco/skill/d74df140-eb69-43e2-bac9-1cafc824d702	execute feasibility study	skill
2bef94db-0088-4507-982a-2ca717529adb	enterprise architect	essential	http://data.europa.eu/esco/skill/cd5efa8c-e44d-4cbc-91c6-796018dbed68	perform project management	skill
2bef94db-0088-4507-982a-2ca717529adb	enterprise architect	essential	http://data.europa.eu/esco/skill/4d85b881-e490-4b4c-897a-2faa4ef53956	manage ICT data architecture	skill
2bef94db-0088-4507-982a-2ca717529adb	enterprise architect	essential	http://data.europa.eu/esco/skill/2857540c-180b-4208-9127-e94a01871966	align software with system architectures	skill
2bef94db-0088-4507-982a-2ca717529adb	enterprise architect	essential	http://data.europa.eu/esco/skill/553ad092-b799-44c9-a94c-65a84fdc7526	identify processes for re-engineering	skill
2bef94db-0088-4507-982a-2ca717529adb	enterprise architect	essential	http://data.europa.eu/esco/skill/bec4359e-cb92-468f-a997-8fb28e32fba9	ICT project management methodologies	knowledge
2bef94db-0088-4507-982a-2ca717529adb	enterprise architect	essential	http://data.europa.eu/esco/skill/1bba98a7-92b9-450b-9235-e0c905f8f3c4	information architecture	knowledge
2bef94db-0088-4507-982a-2ca717529adb	enterprise architect	essential	http://data.europa.eu/esco/skill/ee3c1d54-f46a-43c7-a0f9-0ba3648164d0	design enterprise architecture	skill
2bef94db-0088-4507-982a-2ca717529adb	enterprise architect	essential	http://data.europa.eu/esco/skill/04fe962b-4017-4eb7-9139-7d69b6922bc9	use an application-specific interface	skill
2bef94db-0088-4507-982a-2ca717529adb	enterprise architect	essential	http://data.europa.eu/esco/skill/f7e2eb04-3e50-4561-bce1-7e51a1fec308	define software architecture	skill
2bef94db-0088-4507-982a-2ca717529adb	enterprise architect	essential	http://data.europa.eu/esco/skill/a846cb9e-c152-41e7-bd34-45e7ff941e3b	legal requirements of ICT products	knowledge
2bef94db-0088-4507-982a-2ca717529adb	enterprise architect	essential	http://data.europa.eu/esco/skill/71746a0b-e58d-4dc4-ad03-bd84082eae21	collect customer feedback on applications	skill
2bef94db-0088-4507-982a-2ca717529adb	enterprise architect	essential	http://data.europa.eu/esco/skill/cb1b0777-0388-4b01-a0cf-7c6bbfbbd61d	review development process of an organisation	skill
2bef94db-0088-4507-982a-2ca717529adb	enterprise architect	essential	http://data.europa.eu/esco/skill/bd698bbe-7003-4508-b422-46c2ff4d5e95	business strategy concepts	knowledge
2bef94db-0088-4507-982a-2ca717529adb	enterprise architect	essential	http://data.europa.eu/esco/skill/283cbcd3-7101-4dbb-be37-56f3625515b1	provide ICT consulting advice	skill
2bef94db-0088-4507-982a-2ca717529adb	enterprise architect	essential	http://data.europa.eu/esco/skill/e5609f89-0daf-40bb-bd6b-94f5d7498131	ICT market	knowledge
2bef94db-0088-4507-982a-2ca717529adb	enterprise architect	essential	http://data.europa.eu/esco/skill/9707091a-323b-4240-877a-5999a19286f0	apply ICT system usage policies	skill
2bef94db-0088-4507-982a-2ca717529adb	enterprise architect	essential	http://data.europa.eu/esco/skill/20c920d4-7ff7-4676-ba61-3f04490d9416	keep up with the latest information systems solutions	skill
2bef94db-0088-4507-982a-2ca717529adb	enterprise architect	essential	http://data.europa.eu/esco/skill/14d1e367-3efe-4ec5-86ae-eca48710ee4e	implement ICT security policies	skill
2bef94db-0088-4507-982a-2ca717529adb	enterprise architect	essential	http://data.europa.eu/esco/skill/a47d194d-0ffd-4aaa-b695-fbbe0255000e	design information system	skill
2bef94db-0088-4507-982a-2ca717529adb	enterprise architect	essential	http://data.europa.eu/esco/skill/1dd23dba-dd00-45ab-abf4-642902538317	perform risk analysis	skill
2bef94db-0088-4507-982a-2ca717529adb	enterprise architect	optional	http://data.europa.eu/esco/skill/7a17d7ce-01a2-4746-bbcc-22ffe22fa16e	monitor technology trends	skill
2bef94db-0088-4507-982a-2ca717529adb	enterprise architect	optional	http://data.europa.eu/esco/skill/b04f377b-ee80-4b38-aca1-19d266a23b17	analyse business requirements	skill
2bef94db-0088-4507-982a-2ca717529adb	enterprise architect	optional	http://data.europa.eu/esco/skill/da6393d5-a53c-4863-abc7-51f36281d74e	lean project management	knowledge
2bef94db-0088-4507-982a-2ca717529adb	enterprise architect	optional	http://data.europa.eu/esco/skill/def007fa-5fed-4a5f-91a2-b0d7e3db1be1	COBOL	knowledge
2bef94db-0088-4507-982a-2ca717529adb	enterprise architect	optional	http://data.europa.eu/esco/skill/dcdd5ddf-82a6-4ac3-8edc-d4b23cae9a88	VBScript	knowledge
2bef94db-0088-4507-982a-2ca717529adb	enterprise architect	optional	http://data.europa.eu/esco/skill/7193cb6d-8334-494f-86e5-21e6d03a47c3	unified modelling language	knowledge
2bef94db-0088-4507-982a-2ca717529adb	enterprise architect	optional	http://data.europa.eu/esco/skill/401eb8d8-6daa-4f8b-90ad-60afc71eb4f8	Perl	knowledge
2bef94db-0088-4507-982a-2ca717529adb	enterprise architect	optional	http://data.europa.eu/esco/skill/b633eb55-8f1f-4ae6-ab4c-2022ffe2cb7f	C++	knowledge
2bef94db-0088-4507-982a-2ca717529adb	enterprise architect	optional	http://data.europa.eu/esco/skill/d3286405-49f8-4e8a-8046-a4376b4e7963	manage cloud data and storage	skill
2bef94db-0088-4507-982a-2ca717529adb	enterprise architect	optional	http://data.europa.eu/esco/skill/dba46f87-0831-49cd-a1c7-340a653c0221	Agile development	knowledge
2bef94db-0088-4507-982a-2ca717529adb	enterprise architect	optional	http://data.europa.eu/esco/skill/4350c38d-0fe9-4ca7-bab9-40ed7f72b04f	PHP	knowledge
2bef94db-0088-4507-982a-2ca717529adb	enterprise architect	optional	http://data.europa.eu/esco/skill/fae27053-8924-4bfd-b565-c9fe502044c9	system design	knowledge
2bef94db-0088-4507-982a-2ca717529adb	enterprise architect	optional	http://data.europa.eu/esco/skill/ffddfc7c-a9dd-449f-9e96-882dc447c8b6	Scala	knowledge
2bef94db-0088-4507-982a-2ca717529adb	enterprise architect	optional	http://data.europa.eu/esco/skill/58d7a289-dafd-4363-833f-d1dc4140885e	APL	knowledge
2bef94db-0088-4507-982a-2ca717529adb	enterprise architect	optional	http://data.europa.eu/esco/skill/0ccdfe98-f845-4598-84a1-3dca66e9d9a3	Ruby (computer programming)	knowledge
2bef94db-0088-4507-982a-2ca717529adb	enterprise architect	optional	http://data.europa.eu/esco/skill/b4dc6e4f-dc7d-445f-8ce2-d7b9d225e282	AJAX	knowledge
2bef94db-0088-4507-982a-2ca717529adb	enterprise architect	optional	http://data.europa.eu/esco/skill/2450c3b3-e78e-435b-b84d-e05d984e71dc	software architecture models	knowledge
2bef94db-0088-4507-982a-2ca717529adb	enterprise architect	optional	http://data.europa.eu/esco/skill/42cb7669-c371-4903-9c0b-13db67b2e4bb	emergent technologies	knowledge
2bef94db-0088-4507-982a-2ca717529adb	enterprise architect	optional	http://data.europa.eu/esco/skill/0cd6dcf1-5778-42a5-b685-4d01ae4a4871	Common Lisp	knowledge
2bef94db-0088-4507-982a-2ca717529adb	enterprise architect	optional	http://data.europa.eu/esco/skill/04f1b938-d4d4-4cb1-a863-982af76b9d93	SAS language	knowledge
2bef94db-0088-4507-982a-2ca717529adb	enterprise architect	optional	http://data.europa.eu/esco/skill/8ff015a0-98ea-4d80-a23e-1f68110a919e	software design methodologies	knowledge
2bef94db-0088-4507-982a-2ca717529adb	enterprise architect	optional	http://data.europa.eu/esco/skill/4d30ad07-9e39-4899-81dd-02b280f162f9	apply systemic design thinking	skill
2bef94db-0088-4507-982a-2ca717529adb	enterprise architect	optional	http://data.europa.eu/esco/skill/86d2e2ea-1ba2-4aa6-b465-8a1f9abc81b8	apply information security policies	skill
2bef94db-0088-4507-982a-2ca717529adb	enterprise architect	optional	http://data.europa.eu/esco/skill/42ed3bfb-1a01-4c8b-9758-fc6438865734	Smalltalk (computer programming)	knowledge
2bef94db-0088-4507-982a-2ca717529adb	enterprise architect	optional	http://data.europa.eu/esco/skill/0ee94af1-b445-4973-9c3f-459fab250342	apply conflict management	skill
2bef94db-0088-4507-982a-2ca717529adb	enterprise architect	optional	http://data.europa.eu/esco/skill/13bdd41a-2a18-441f-96db-41252c519413	Visual Basic	knowledge
2bef94db-0088-4507-982a-2ca717529adb	enterprise architect	optional	http://data.europa.eu/esco/skill/ccd0a1d9-afda-43d9-b901-96344886e14d	Python (computer programming)	knowledge
2bef94db-0088-4507-982a-2ca717529adb	enterprise architect	optional	http://data.europa.eu/esco/skill/e8b89eb6-51e8-4c3a-babb-88b2e110376b	Pascal (computer programming)	knowledge
2bef94db-0088-4507-982a-2ca717529adb	enterprise architect	optional	http://data.europa.eu/esco/skill/47b9bbcf-356c-4782-83a4-7f5a1b2b51a3	Assembly (computer programming)	knowledge
2bef94db-0088-4507-982a-2ca717529adb	enterprise architect	optional	http://data.europa.eu/esco/skill/96eb286a-58b7-45ff-a916-5578d0b79b8c	Rapid application development	knowledge
2bef94db-0088-4507-982a-2ca717529adb	enterprise architect	optional	http://data.europa.eu/esco/skill/af607e5e-4ba1-4e5f-a2a6-dc05806567c7	coordinate technological activities	skill
2bef94db-0088-4507-982a-2ca717529adb	enterprise architect	optional	http://data.europa.eu/esco/skill/bb99af26-71ff-4dca-bde7-1eb1f6194426	SAP R3	knowledge
2bef94db-0088-4507-982a-2ca717529adb	enterprise architect	optional	http://data.europa.eu/esco/skill/dc72ad0a-c5dc-4abd-bc0d-ca43e82162e1	build business relationships	skill
2bef94db-0088-4507-982a-2ca717529adb	enterprise architect	optional	http://data.europa.eu/esco/skill/48b68726-0fd6-4e03-a5eb-82236516ee7a	provide cost benefit analysis reports	skill
2bef94db-0088-4507-982a-2ca717529adb	enterprise architect	optional	http://data.europa.eu/esco/skill/3cd569a2-4f88-4c1e-9995-8dce8c5e51a7	JavaScript	knowledge
2bef94db-0088-4507-982a-2ca717529adb	enterprise architect	optional	http://data.europa.eu/esco/skill/993b1e23-f2de-4bd8-b33f-f86dde1c8e9d	CoffeeScript	knowledge
2bef94db-0088-4507-982a-2ca717529adb	enterprise architect	optional	http://data.europa.eu/esco/skill/300d432b-f457-4cd3-9cb1-1858c7d14954	OpenEdge Advanced Business Language	knowledge
2bef94db-0088-4507-982a-2ca717529adb	enterprise architect	optional	http://data.europa.eu/esco/skill/2bde42ae-e776-41c1-9ded-b07b30bfe985	Prolog (computer programming)	knowledge
2bef94db-0088-4507-982a-2ca717529adb	enterprise architect	optional	http://data.europa.eu/esco/skill/415abd43-e8e5-4643-b5da-5f11307af57a	use different communication channels	skill
2bef94db-0088-4507-982a-2ca717529adb	enterprise architect	optional	http://data.europa.eu/esco/skill/c3a03c5a-c260-4c26-9b9a-873abb396f4d	MATLAB	knowledge
2bef94db-0088-4507-982a-2ca717529adb	enterprise architect	optional	http://data.europa.eu/esco/skill/d5a59ca8-2e91-472e-8571-d12ce4478679	Process-based management	knowledge
2bef94db-0088-4507-982a-2ca717529adb	enterprise architect	optional	http://data.europa.eu/esco/skill/4840338b-ac6c-486a-be1d-9ddfe00b8bdf	Spiral development	knowledge
2bef94db-0088-4507-982a-2ca717529adb	enterprise architect	optional	http://data.europa.eu/esco/skill/0de61385-de6d-4146-ba32-1cc1bc102220	Lisp	knowledge
2bef94db-0088-4507-982a-2ca717529adb	enterprise architect	optional	http://data.europa.eu/esco/skill/33d49d4f-31ec-473f-9b8a-b555aa5116bb	iterative development	knowledge
2bef94db-0088-4507-982a-2ca717529adb	enterprise architect	optional	http://data.europa.eu/esco/skill/9973a5a2-7822-4161-99e9-95c781eb63f8	Objective-C	knowledge
2bef94db-0088-4507-982a-2ca717529adb	enterprise architect	optional	http://data.europa.eu/esco/skill/51586df8-1c46-4b47-8583-773cb63bf00b	R	knowledge
2bef94db-0088-4507-982a-2ca717529adb	enterprise architect	optional	http://data.europa.eu/esco/skill/4c016b68-4116-468c-9dc6-42710c239e4a	C#	knowledge
2bef94db-0088-4507-982a-2ca717529adb	enterprise architect	optional	http://data.europa.eu/esco/skill/339ac029-066a-4985-9f9d-b3d7c8fea0bb	manage staff	skill
2bef94db-0088-4507-982a-2ca717529adb	enterprise architect	optional	http://data.europa.eu/esco/skill/034c29fa-c3ba-45ea-b8f3-bf8e3705e386	Erlang	knowledge
2bef94db-0088-4507-982a-2ca717529adb	enterprise architect	optional	http://data.europa.eu/esco/skill/eb0e5615-1575-4a86-a1a2-7d39595033c5	ABAP	knowledge
2bef94db-0088-4507-982a-2ca717529adb	enterprise architect	optional	http://data.europa.eu/esco/skill/00c04e40-35ea-4ed1-824c-82f936c8f876	incremental development	knowledge
2bef94db-0088-4507-982a-2ca717529adb	enterprise architect	optional	http://data.europa.eu/esco/skill/3cfa46e9-b7da-44ac-b09e-9596dffe0425	optimise choice of ICT solution	skill
2bef94db-0088-4507-982a-2ca717529adb	enterprise architect	optional	http://data.europa.eu/esco/skill/a4d336a6-9ffd-402a-91cc-f359716ba4e0	ML (computer programming)	knowledge
2bef94db-0088-4507-982a-2ca717529adb	enterprise architect	optional	http://data.europa.eu/esco/skill/52cf3037-ab53-4806-85ed-7fd21ea7f6a1	Groovy	knowledge
2bef94db-0088-4507-982a-2ca717529adb	enterprise architect	optional	http://data.europa.eu/esco/skill/21d2f96d-35f7-4e3f-9745-c533d2dd6e97	computer programming	knowledge
2bef94db-0088-4507-982a-2ca717529adb	enterprise architect	optional	http://data.europa.eu/esco/skill/6a876489-7ad8-4a13-b09c-c9b8e97a302e	Waterfall development	knowledge
2bef94db-0088-4507-982a-2ca717529adb	enterprise architect	optional	http://data.europa.eu/esco/skill/8369ede5-4200-4a44-be2e-bc60ef959259	Microsoft Visual C++	knowledge
2bef94db-0088-4507-982a-2ca717529adb	enterprise architect	optional	http://data.europa.eu/esco/skill/0a9acb6b-1139-4be9-b431-3a80a959f2f4	Agile project management	knowledge
2bef94db-0088-4507-982a-2ca717529adb	enterprise architect	optional	http://data.europa.eu/esco/skill/000f1d3d-220f-4789-9c0a-cc742521fb02	Haskell	knowledge
2bef94db-0088-4507-982a-2ca717529adb	enterprise architect	optional	http://data.europa.eu/esco/skill/867137fb-ff1b-4ca3-99f3-cb6969aa2c68	TypeScript	knowledge
2bef94db-0088-4507-982a-2ca717529adb	enterprise architect	optional	http://data.europa.eu/esco/skill/ed1d8bd4-cd2a-4c64-b665-56d70651026c	Prototyping development	knowledge
2bef94db-0088-4507-982a-2ca717529adb	enterprise architect	optional	http://data.europa.eu/esco/skill/be80acfc-b6f2-4411-9b8d-b19d9cd2556a	Swift (computer programming)	knowledge
2bef94db-0088-4507-982a-2ca717529adb	enterprise architect	optional	http://data.europa.eu/esco/skill/19a8293b-8e95-4de3-983f-77484079c389	Java (computer programming)	knowledge
2bef94db-0088-4507-982a-2ca717529adb	enterprise architect	optional	http://data.europa.eu/esco/skill/56a7f561-1d55-43c9-9cd7-36a0a9bc6c50	ASP.NET	knowledge
2bef94db-0088-4507-982a-2ca717529adb	enterprise architect	optional	http://data.europa.eu/esco/skill/d56fc2b5-4b0a-4e7e-9bde-a33736f6ff18	Scratch (computer programming)	knowledge
2bef94db-0088-4507-982a-2ca717529adb	enterprise architect	optional	http://data.europa.eu/esco/skill/98301d4a-2cc3-439d-8d7f-0b6ac76302bb	business process modelling	knowledge
2bef94db-0088-4507-982a-2ca717529adb	enterprise architect	optional	http://data.europa.eu/esco/skill/f0de4973-0a70-4644-8fd4-3a97080476f4	DevOps	knowledge
2bef94db-0088-4507-982a-2ca717529adb	enterprise architect	optional	http://data.europa.eu/esco/skill/0ee94c0a-3716-494a-95a2-dcbab9e58be2	business requirements techniques	knowledge
e1c72b5f-4c5c-487c-a6df-e84b64a51dae	ICT system architect	essential	http://data.europa.eu/esco/skill/09f2f811-a3fb-4de3-a70f-6420a6935575	systems development life-cycle	knowledge
e1c72b5f-4c5c-487c-a6df-e84b64a51dae	ICT system architect	essential	http://data.europa.eu/esco/skill/cdd8b6b2-2fd9-453c-8d62-8a1dc6efcd49	systems theory	knowledge
e1c72b5f-4c5c-487c-a6df-e84b64a51dae	ICT system architect	essential	http://data.europa.eu/esco/skill/0af062de-eb43-41e9-9b96-249e2cd22d26	use markup languages	skill
e1c72b5f-4c5c-487c-a6df-e84b64a51dae	ICT system architect	essential	http://data.europa.eu/esco/skill/a47d194d-0ffd-4aaa-b695-fbbe0255000e	design information system	skill
e1c72b5f-4c5c-487c-a6df-e84b64a51dae	ICT system architect	essential	http://data.europa.eu/esco/skill/14d1e367-3efe-4ec5-86ae-eca48710ee4e	implement ICT security policies	skill
e1c72b5f-4c5c-487c-a6df-e84b64a51dae	ICT system architect	essential	http://data.europa.eu/esco/skill/29fb0fb5-dfc4-4098-ac9b-3a712000f48f	manage database	skill
e1c72b5f-4c5c-487c-a6df-e84b64a51dae	ICT system architect	essential	http://data.europa.eu/esco/skill/d9e5349e-8791-49c2-8ba4-839fdd1606c2	define technical requirements	skill
e1c72b5f-4c5c-487c-a6df-e84b64a51dae	ICT system architect	essential	http://data.europa.eu/esco/skill/9ef0f3a0-9ce2-4ef1-a987-0366b5cb2dbe	database development tools	knowledge
e1c72b5f-4c5c-487c-a6df-e84b64a51dae	ICT system architect	essential	http://data.europa.eu/esco/skill/fae27053-8924-4bfd-b565-c9fe502044c9	system design	knowledge
e1c72b5f-4c5c-487c-a6df-e84b64a51dae	ICT system architect	essential	http://data.europa.eu/esco/skill/ed8de897-adbe-4f0e-b4d2-534953e64c72	integrate system components	skill
e1c72b5f-4c5c-487c-a6df-e84b64a51dae	ICT system architect	essential	http://data.europa.eu/esco/skill/117373c8-f04b-4fff-8683-aebe36edac81	hardware platforms	knowledge
e1c72b5f-4c5c-487c-a6df-e84b64a51dae	ICT system architect	essential	http://data.europa.eu/esco/skill/90be83d9-56f1-46a4-a6bc-96c51f6c9025	acquire system component	skill
e1c72b5f-4c5c-487c-a6df-e84b64a51dae	ICT system architect	essential	http://data.europa.eu/esco/skill/ce354460-500e-4eaa-8e95-8f243fcea3db	manage system testing	skill
e1c72b5f-4c5c-487c-a6df-e84b64a51dae	ICT system architect	essential	http://data.europa.eu/esco/skill/98301d4a-2cc3-439d-8d7f-0b6ac76302bb	business process modelling	knowledge
e1c72b5f-4c5c-487c-a6df-e84b64a51dae	ICT system architect	essential	http://data.europa.eu/esco/skill/2857540c-180b-4208-9127-e94a01871966	align software with system architectures	skill
e1c72b5f-4c5c-487c-a6df-e84b64a51dae	ICT system architect	essential	http://data.europa.eu/esco/skill/b04f377b-ee80-4b38-aca1-19d266a23b17	analyse business requirements	skill
e1c72b5f-4c5c-487c-a6df-e84b64a51dae	ICT system architect	essential	http://data.europa.eu/esco/skill/0dc7aa1b-b5af-4f4b-81ce-ee22ed8b6926	assess ICT knowledge	skill
e1c72b5f-4c5c-487c-a6df-e84b64a51dae	ICT system architect	essential	http://data.europa.eu/esco/skill/cbe2c304-1e7d-489a-97d9-a7d3e37a9db6	apply ICT systems theory	skill
e1c72b5f-4c5c-487c-a6df-e84b64a51dae	ICT system architect	essential	http://data.europa.eu/esco/skill/fbafa41f-cd05-4109-a649-8b44d306d779	create data models	skill
e1c72b5f-4c5c-487c-a6df-e84b64a51dae	ICT system architect	essential	http://data.europa.eu/esco/skill/ee3c1d54-f46a-43c7-a0f9-0ba3648164d0	design enterprise architecture	skill
e1c72b5f-4c5c-487c-a6df-e84b64a51dae	ICT system architect	essential	http://data.europa.eu/esco/skill/69bbd53f-fbb0-4476-b4b2-ef7844464e28	web programming	knowledge
e1c72b5f-4c5c-487c-a6df-e84b64a51dae	ICT system architect	essential	http://data.europa.eu/esco/skill/04fe962b-4017-4eb7-9139-7d69b6922bc9	use an application-specific interface	skill
e1c72b5f-4c5c-487c-a6df-e84b64a51dae	ICT system architect	essential	http://data.europa.eu/esco/skill/397da142-ab35-48fe-b154-7c38f447adfb	digital systems	knowledge
e1c72b5f-4c5c-487c-a6df-e84b64a51dae	ICT system architect	optional	http://data.europa.eu/esco/skill/2bde42ae-e776-41c1-9ded-b07b30bfe985	Prolog (computer programming)	knowledge
e1c72b5f-4c5c-487c-a6df-e84b64a51dae	ICT system architect	optional	http://data.europa.eu/esco/skill/b633eb55-8f1f-4ae6-ab4c-2022ffe2cb7f	C++	knowledge
e1c72b5f-4c5c-487c-a6df-e84b64a51dae	ICT system architect	optional	http://data.europa.eu/esco/skill/25df422a-bf0a-4f76-8631-d0be91cb8751	model based system engineering	knowledge
e1c72b5f-4c5c-487c-a6df-e84b64a51dae	ICT system architect	optional	http://data.europa.eu/esco/skill/52cf3037-ab53-4806-85ed-7fd21ea7f6a1	Groovy	knowledge
e1c72b5f-4c5c-487c-a6df-e84b64a51dae	ICT system architect	optional	http://data.europa.eu/esco/skill/45f1ae17-c20d-40fc-9307-7d33b6ca9213	image recognition	knowledge
e1c72b5f-4c5c-487c-a6df-e84b64a51dae	ICT system architect	optional	http://data.europa.eu/esco/skill/dfff95c6-9758-4c04-a228-7eaa88dec6cd	design for organisational complexity	skill
e1c72b5f-4c5c-487c-a6df-e84b64a51dae	ICT system architect	optional	http://data.europa.eu/esco/skill/def007fa-5fed-4a5f-91a2-b0d7e3db1be1	COBOL	knowledge
e1c72b5f-4c5c-487c-a6df-e84b64a51dae	ICT system architect	optional	http://data.europa.eu/esco/skill/e8b89eb6-51e8-4c3a-babb-88b2e110376b	Pascal (computer programming)	knowledge
e1c72b5f-4c5c-487c-a6df-e84b64a51dae	ICT system architect	optional	http://data.europa.eu/esco/skill/bb99af26-71ff-4dca-bde7-1eb1f6194426	SAP R3	knowledge
e1c72b5f-4c5c-487c-a6df-e84b64a51dae	ICT system architect	optional	http://data.europa.eu/esco/skill/4350c38d-0fe9-4ca7-bab9-40ed7f72b04f	PHP	knowledge
e1c72b5f-4c5c-487c-a6df-e84b64a51dae	ICT system architect	optional	http://data.europa.eu/esco/skill/17924c75-45f4-4593-afac-eea0d51f04b5	defence standard procedures	knowledge
e1c72b5f-4c5c-487c-a6df-e84b64a51dae	ICT system architect	optional	http://data.europa.eu/esco/skill/6fa1c2c0-a012-4ca0-9642-e01569ba322c	ICT system integration	knowledge
e1c72b5f-4c5c-487c-a6df-e84b64a51dae	ICT system architect	optional	http://data.europa.eu/esco/skill/2c28fc20-8a60-4311-8899-5ef8729c05b3	design process	skill
e1c72b5f-4c5c-487c-a6df-e84b64a51dae	ICT system architect	optional	http://data.europa.eu/esco/skill/6c08403c-a5bb-4868-b8c2-b7d039c0e511	design database scheme	skill
e1c72b5f-4c5c-487c-a6df-e84b64a51dae	ICT system architect	optional	http://data.europa.eu/esco/skill/300d432b-f457-4cd3-9cb1-1858c7d14954	OpenEdge Advanced Business Language	knowledge
e1c72b5f-4c5c-487c-a6df-e84b64a51dae	ICT system architect	optional	http://data.europa.eu/esco/skill/000f1d3d-220f-4789-9c0a-cc742521fb02	Haskell	knowledge
e1c72b5f-4c5c-487c-a6df-e84b64a51dae	ICT system architect	optional	http://data.europa.eu/esco/skill/21d2f96d-35f7-4e3f-9745-c533d2dd6e97	computer programming	knowledge
e1c72b5f-4c5c-487c-a6df-e84b64a51dae	ICT system architect	optional	http://data.europa.eu/esco/skill/be80acfc-b6f2-4411-9b8d-b19d9cd2556a	Swift (computer programming)	knowledge
e1c72b5f-4c5c-487c-a6df-e84b64a51dae	ICT system architect	optional	http://data.europa.eu/esco/skill/ccd0a1d9-afda-43d9-b901-96344886e14d	Python (computer programming)	knowledge
e1c72b5f-4c5c-487c-a6df-e84b64a51dae	ICT system architect	optional	http://data.europa.eu/esco/skill/0a52bed5-fd29-45fb-aba6-e32bccfda1c1	plan migration to cloud	skill
e1c72b5f-4c5c-487c-a6df-e84b64a51dae	ICT system architect	optional	http://data.europa.eu/esco/skill/19a8293b-8e95-4de3-983f-77484079c389	Java (computer programming)	knowledge
e1c72b5f-4c5c-487c-a6df-e84b64a51dae	ICT system architect	optional	http://data.europa.eu/esco/skill/51586df8-1c46-4b47-8583-773cb63bf00b	R	knowledge
e1c72b5f-4c5c-487c-a6df-e84b64a51dae	ICT system architect	optional	http://data.europa.eu/esco/skill/d5a59ca8-2e91-472e-8571-d12ce4478679	Process-based management	knowledge
e1c72b5f-4c5c-487c-a6df-e84b64a51dae	ICT system architect	optional	http://data.europa.eu/esco/skill/401eb8d8-6daa-4f8b-90ad-60afc71eb4f8	Perl	knowledge
e1c72b5f-4c5c-487c-a6df-e84b64a51dae	ICT system architect	optional	http://data.europa.eu/esco/skill/48b68726-0fd6-4e03-a5eb-82236516ee7a	provide cost benefit analysis reports	skill
e1c72b5f-4c5c-487c-a6df-e84b64a51dae	ICT system architect	optional	http://data.europa.eu/esco/skill/a4d336a6-9ffd-402a-91cc-f359716ba4e0	ML (computer programming)	knowledge
e1c72b5f-4c5c-487c-a6df-e84b64a51dae	ICT system architect	optional	http://data.europa.eu/esco/skill/58d7a289-dafd-4363-833f-d1dc4140885e	APL	knowledge
e1c72b5f-4c5c-487c-a6df-e84b64a51dae	ICT system architect	optional	http://data.europa.eu/esco/skill/7e796b51-49d7-4e73-95af-2e7323763f15	design database in the cloud	skill
e1c72b5f-4c5c-487c-a6df-e84b64a51dae	ICT system architect	optional	http://data.europa.eu/esco/skill/eb0e5615-1575-4a86-a1a2-7d39595033c5	ABAP	knowledge
e1c72b5f-4c5c-487c-a6df-e84b64a51dae	ICT system architect	optional	http://data.europa.eu/esco/skill/c3a03c5a-c260-4c26-9b9a-873abb396f4d	MATLAB	knowledge
e1c72b5f-4c5c-487c-a6df-e84b64a51dae	ICT system architect	optional	http://data.europa.eu/esco/skill/8369ede5-4200-4a44-be2e-bc60ef959259	Microsoft Visual C++	knowledge
e1c72b5f-4c5c-487c-a6df-e84b64a51dae	ICT system architect	optional	http://data.europa.eu/esco/skill/c32ad607-0c4d-4e34-b73f-668298f7bf13	apply technical communication skills	skill
e1c72b5f-4c5c-487c-a6df-e84b64a51dae	ICT system architect	optional	http://data.europa.eu/esco/skill/d3286405-49f8-4e8a-8046-a4376b4e7963	manage cloud data and storage	skill
e1c72b5f-4c5c-487c-a6df-e84b64a51dae	ICT system architect	optional	http://data.europa.eu/esco/skill/cb5cccc9-abe4-4b11-abe6-d27e5cd85fb1	manage standards for data exchange	skill
e1c72b5f-4c5c-487c-a6df-e84b64a51dae	ICT system architect	optional	http://data.europa.eu/esco/skill/d56fc2b5-4b0a-4e7e-9bde-a33736f6ff18	Scratch (computer programming)	knowledge
e1c72b5f-4c5c-487c-a6df-e84b64a51dae	ICT system architect	optional	http://data.europa.eu/esco/skill/dc72ad0a-c5dc-4abd-bc0d-ca43e82162e1	build business relationships	skill
e1c72b5f-4c5c-487c-a6df-e84b64a51dae	ICT system architect	optional	http://data.europa.eu/esco/skill/11430d93-c835-48ed-8e70-285fa69c9ae6	design cloud architecture	skill
e1c72b5f-4c5c-487c-a6df-e84b64a51dae	ICT system architect	optional	http://data.europa.eu/esco/skill/7482a123-e801-48de-9733-262125671410	task algorithmisation	knowledge
e1c72b5f-4c5c-487c-a6df-e84b64a51dae	ICT system architect	optional	http://data.europa.eu/esco/skill/f5dd06b8-5d17-4932-9d03-957d0c4f5051	perform resource planning	skill
e1c72b5f-4c5c-487c-a6df-e84b64a51dae	ICT system architect	optional	http://data.europa.eu/esco/skill/70de94f5-9575-4edd-bca7-c797b023b9d6	Oracle WebLogic	knowledge
e1c72b5f-4c5c-487c-a6df-e84b64a51dae	ICT system architect	optional	http://data.europa.eu/esco/skill/56a7f561-1d55-43c9-9cd7-36a0a9bc6c50	ASP.NET	knowledge
e1c72b5f-4c5c-487c-a6df-e84b64a51dae	ICT system architect	optional	http://data.europa.eu/esco/skill/0ccdfe98-f845-4598-84a1-3dca66e9d9a3	Ruby (computer programming)	knowledge
e1c72b5f-4c5c-487c-a6df-e84b64a51dae	ICT system architect	optional	http://data.europa.eu/esco/skill/47b9bbcf-356c-4782-83a4-7f5a1b2b51a3	Assembly (computer programming)	knowledge
e1c72b5f-4c5c-487c-a6df-e84b64a51dae	ICT system architect	optional	http://data.europa.eu/esco/skill/b105ec9b-0857-41d6-8d07-a83e58b73d90	ICT system programming	knowledge
e1c72b5f-4c5c-487c-a6df-e84b64a51dae	ICT system architect	optional	http://data.europa.eu/esco/skill/7814e88f-c133-4c3b-b27f-857afa145d42	ICT security legislation	knowledge
e1c72b5f-4c5c-487c-a6df-e84b64a51dae	ICT system architect	optional	http://data.europa.eu/esco/skill/034c29fa-c3ba-45ea-b8f3-bf8e3705e386	Erlang	knowledge
e1c72b5f-4c5c-487c-a6df-e84b64a51dae	ICT system architect	optional	http://data.europa.eu/esco/skill/ffddfc7c-a9dd-449f-9e96-882dc447c8b6	Scala	knowledge
e1c72b5f-4c5c-487c-a6df-e84b64a51dae	ICT system architect	optional	http://data.europa.eu/esco/skill/b4dc6e4f-dc7d-445f-8ce2-d7b9d225e282	AJAX	knowledge
e1c72b5f-4c5c-487c-a6df-e84b64a51dae	ICT system architect	optional	http://data.europa.eu/esco/skill/04f1b938-d4d4-4cb1-a863-982af76b9d93	SAS language	knowledge
e1c72b5f-4c5c-487c-a6df-e84b64a51dae	ICT system architect	optional	http://data.europa.eu/esco/skill/42ed3bfb-1a01-4c8b-9758-fc6438865734	Smalltalk (computer programming)	knowledge
e1c72b5f-4c5c-487c-a6df-e84b64a51dae	ICT system architect	optional	http://data.europa.eu/esco/skill/867137fb-ff1b-4ca3-99f3-cb6969aa2c68	TypeScript	knowledge
e1c72b5f-4c5c-487c-a6df-e84b64a51dae	ICT system architect	optional	http://data.europa.eu/esco/skill/9973a5a2-7822-4161-99e9-95c781eb63f8	Objective-C	knowledge
e1c72b5f-4c5c-487c-a6df-e84b64a51dae	ICT system architect	optional	http://data.europa.eu/esco/skill/9e06bac6-6b91-48ca-8b7d-c1f48cdecd7c	solve ICT system problems	skill
e1c72b5f-4c5c-487c-a6df-e84b64a51dae	ICT system architect	optional	http://data.europa.eu/esco/skill/5b9cde20-f1b9-4adc-bfb3-dbf70b14138d	use object-oriented programming	skill
e1c72b5f-4c5c-487c-a6df-e84b64a51dae	ICT system architect	optional	http://data.europa.eu/esco/skill/da6393d5-a53c-4863-abc7-51f36281d74e	lean project management	knowledge
e1c72b5f-4c5c-487c-a6df-e84b64a51dae	ICT system architect	optional	http://data.europa.eu/esco/skill/0a9acb6b-1139-4be9-b431-3a80a959f2f4	Agile project management	knowledge
e1c72b5f-4c5c-487c-a6df-e84b64a51dae	ICT system architect	optional	http://data.europa.eu/esco/skill/993b1e23-f2de-4bd8-b33f-f86dde1c8e9d	CoffeeScript	knowledge
e1c72b5f-4c5c-487c-a6df-e84b64a51dae	ICT system architect	optional	http://data.europa.eu/esco/skill/dcdd5ddf-82a6-4ac3-8edc-d4b23cae9a88	VBScript	knowledge
e1c72b5f-4c5c-487c-a6df-e84b64a51dae	ICT system architect	optional	http://data.europa.eu/esco/skill/6b643893-0a1f-4f6c-83a1-e7eef75849b9	develop with cloud services	skill
e1c72b5f-4c5c-487c-a6df-e84b64a51dae	ICT system architect	optional	http://data.europa.eu/esco/skill/4c016b68-4116-468c-9dc6-42710c239e4a	C#	knowledge
e1c72b5f-4c5c-487c-a6df-e84b64a51dae	ICT system architect	optional	http://data.europa.eu/esco/skill/0de61385-de6d-4146-ba32-1cc1bc102220	Lisp	knowledge
e1c72b5f-4c5c-487c-a6df-e84b64a51dae	ICT system architect	optional	http://data.europa.eu/esco/skill/03ff0d53-573a-47a0-a0ad-1995815a4339	information structure	knowledge
e1c72b5f-4c5c-487c-a6df-e84b64a51dae	ICT system architect	optional	http://data.europa.eu/esco/skill/339ac029-066a-4985-9f9d-b3d7c8fea0bb	manage staff	skill
e1c72b5f-4c5c-487c-a6df-e84b64a51dae	ICT system architect	optional	http://data.europa.eu/esco/skill/bec4359e-cb92-468f-a997-8fb28e32fba9	ICT project management methodologies	knowledge
e1c72b5f-4c5c-487c-a6df-e84b64a51dae	ICT system architect	optional	http://data.europa.eu/esco/skill/6f1edc19-191f-4ba5-a048-ee69aff05bab	security engineering	knowledge
e1c72b5f-4c5c-487c-a6df-e84b64a51dae	ICT system architect	optional	http://data.europa.eu/esco/skill/3cd569a2-4f88-4c1e-9995-8dce8c5e51a7	JavaScript	knowledge
e1c72b5f-4c5c-487c-a6df-e84b64a51dae	ICT system architect	optional	http://data.europa.eu/esco/skill/0cd6dcf1-5778-42a5-b685-4d01ae4a4871	Common Lisp	knowledge
e1c72b5f-4c5c-487c-a6df-e84b64a51dae	ICT system architect	optional	http://data.europa.eu/esco/skill/13bdd41a-2a18-441f-96db-41252c519413	Visual Basic	knowledge
e1c72b5f-4c5c-487c-a6df-e84b64a51dae	ICT system architect	optional	http://data.europa.eu/esco/skill/fafe0b9d-dbd9-46bd-b770-26299539ce66	ICT process quality models	knowledge
d0aa0792-4345-474b-9365-686cf4869d2e	software architect	essential	http://data.europa.eu/esco/skill/71746a0b-e58d-4dc4-ad03-bd84082eae21	collect customer feedback on applications	skill
d0aa0792-4345-474b-9365-686cf4869d2e	software architect	essential	http://data.europa.eu/esco/skill/d9e5349e-8791-49c2-8ba4-839fdd1606c2	define technical requirements	skill
d0aa0792-4345-474b-9365-686cf4869d2e	software architect	essential	http://data.europa.eu/esco/skill/98301d4a-2cc3-439d-8d7f-0b6ac76302bb	business process modelling	knowledge
d0aa0792-4345-474b-9365-686cf4869d2e	software architect	essential	http://data.europa.eu/esco/skill/5be3d306-6cf1-4b49-aa1d-01651dd4ba4c	object-oriented modelling	knowledge
d0aa0792-4345-474b-9365-686cf4869d2e	software architect	essential	http://data.europa.eu/esco/skill/48b68726-0fd6-4e03-a5eb-82236516ee7a	provide cost benefit analysis reports	skill
d0aa0792-4345-474b-9365-686cf4869d2e	software architect	essential	http://data.europa.eu/esco/skill/3bddfd7c-ab6d-40c2-883d-5e97fb7640ba	create software design	skill
d0aa0792-4345-474b-9365-686cf4869d2e	software architect	essential	http://data.europa.eu/esco/skill/dc72ad0a-c5dc-4abd-bc0d-ca43e82162e1	build business relationships	skill
d0aa0792-4345-474b-9365-686cf4869d2e	software architect	essential	http://data.europa.eu/esco/skill/2c28fc20-8a60-4311-8899-5ef8729c05b3	design process	skill
d0aa0792-4345-474b-9365-686cf4869d2e	software architect	essential	http://data.europa.eu/esco/skill/901105f8-3a08-453e-b1dc-23619e317fd3	create flowchart diagram	skill
d0aa0792-4345-474b-9365-686cf4869d2e	software architect	essential	http://data.europa.eu/esco/skill/7193cb6d-8334-494f-86e5-21e6d03a47c3	unified modelling language	knowledge
d0aa0792-4345-474b-9365-686cf4869d2e	software architect	essential	http://data.europa.eu/esco/skill/09f2f811-a3fb-4de3-a70f-6420a6935575	systems development life-cycle	knowledge
d0aa0792-4345-474b-9365-686cf4869d2e	software architect	essential	http://data.europa.eu/esco/skill/fae27053-8924-4bfd-b565-c9fe502044c9	system design	knowledge
d0aa0792-4345-474b-9365-686cf4869d2e	software architect	essential	http://data.europa.eu/esco/skill/b04f377b-ee80-4b38-aca1-19d266a23b17	analyse business requirements	skill
d0aa0792-4345-474b-9365-686cf4869d2e	software architect	essential	http://data.europa.eu/esco/skill/83b33952-3872-46ec-9a2e-b28f91303a7e	oversee development of software	skill
d0aa0792-4345-474b-9365-686cf4869d2e	software architect	essential	http://data.europa.eu/esco/skill/04fe962b-4017-4eb7-9139-7d69b6922bc9	use an application-specific interface	skill
d0aa0792-4345-474b-9365-686cf4869d2e	software architect	essential	http://data.europa.eu/esco/skill/f7e2eb04-3e50-4561-bce1-7e51a1fec308	define software architecture	skill
d0aa0792-4345-474b-9365-686cf4869d2e	software architect	essential	http://data.europa.eu/esco/skill/f28617ad-afdd-4041-814c-216153a38998	analyse software specifications	skill
d0aa0792-4345-474b-9365-686cf4869d2e	software architect	essential	http://data.europa.eu/esco/skill/9d2e926f-53d9-41f5-98f3-19dfaa687f3f	tools for software configuration management	knowledge
d0aa0792-4345-474b-9365-686cf4869d2e	software architect	essential	http://data.europa.eu/esco/skill/2857540c-180b-4208-9127-e94a01871966	align software with system architectures	skill
d0aa0792-4345-474b-9365-686cf4869d2e	software architect	optional	http://data.europa.eu/esco/skill/f5dd06b8-5d17-4932-9d03-957d0c4f5051	perform resource planning	skill
d0aa0792-4345-474b-9365-686cf4869d2e	software architect	optional	http://data.europa.eu/esco/skill/8369ede5-4200-4a44-be2e-bc60ef959259	Microsoft Visual C++	knowledge
d0aa0792-4345-474b-9365-686cf4869d2e	software architect	optional	http://data.europa.eu/esco/skill/4350c38d-0fe9-4ca7-bab9-40ed7f72b04f	PHP	knowledge
d0aa0792-4345-474b-9365-686cf4869d2e	software architect	optional	http://data.europa.eu/esco/skill/13bdd41a-2a18-441f-96db-41252c519413	Visual Basic	knowledge
d0aa0792-4345-474b-9365-686cf4869d2e	software architect	optional	http://data.europa.eu/esco/skill/52cf3037-ab53-4806-85ed-7fd21ea7f6a1	Groovy	knowledge
d0aa0792-4345-474b-9365-686cf4869d2e	software architect	optional	http://data.europa.eu/esco/skill/034c29fa-c3ba-45ea-b8f3-bf8e3705e386	Erlang	knowledge
d0aa0792-4345-474b-9365-686cf4869d2e	software architect	optional	http://data.europa.eu/esco/skill/58d7a289-dafd-4363-833f-d1dc4140885e	APL	knowledge
d0aa0792-4345-474b-9365-686cf4869d2e	software architect	optional	http://data.europa.eu/esco/skill/f47a1998-0beb-43be-9f46-380aa4d183da	Jenkins (tools for software configuration management)	knowledge
d0aa0792-4345-474b-9365-686cf4869d2e	software architect	optional	http://data.europa.eu/esco/skill/300d432b-f457-4cd3-9cb1-1858c7d14954	OpenEdge Advanced Business Language	knowledge
d0aa0792-4345-474b-9365-686cf4869d2e	software architect	optional	http://data.europa.eu/esco/skill/7482a123-e801-48de-9733-262125671410	task algorithmisation	knowledge
d0aa0792-4345-474b-9365-686cf4869d2e	software architect	optional	http://data.europa.eu/esco/skill/0d168770-4d9c-4096-b048-a6577818d306	Apache Maven	knowledge
d0aa0792-4345-474b-9365-686cf4869d2e	software architect	optional	http://data.europa.eu/esco/skill/6f8a40d6-f9ce-43ec-a72f-d4213a53f3ed	Ansible	knowledge
d0aa0792-4345-474b-9365-686cf4869d2e	software architect	optional	http://data.europa.eu/esco/skill/1dd23dba-dd00-45ab-abf4-642902538317	perform risk analysis	skill
d0aa0792-4345-474b-9365-686cf4869d2e	software architect	optional	http://data.europa.eu/esco/skill/cbe2c304-1e7d-489a-97d9-a7d3e37a9db6	apply ICT systems theory	skill
d0aa0792-4345-474b-9365-686cf4869d2e	software architect	optional	http://data.europa.eu/esco/skill/6f1edc19-191f-4ba5-a048-ee69aff05bab	security engineering	knowledge
d0aa0792-4345-474b-9365-686cf4869d2e	software architect	optional	http://data.europa.eu/esco/skill/47b9bbcf-356c-4782-83a4-7f5a1b2b51a3	Assembly (computer programming)	knowledge
d0aa0792-4345-474b-9365-686cf4869d2e	software architect	optional	http://data.europa.eu/esco/skill/ccd0a1d9-afda-43d9-b901-96344886e14d	Python (computer programming)	knowledge
d0aa0792-4345-474b-9365-686cf4869d2e	software architect	optional	http://data.europa.eu/esco/skill/d5a59ca8-2e91-472e-8571-d12ce4478679	Process-based management	knowledge
d0aa0792-4345-474b-9365-686cf4869d2e	software architect	optional	http://data.europa.eu/esco/skill/6c08403c-a5bb-4868-b8c2-b7d039c0e511	design database scheme	skill
d0aa0792-4345-474b-9365-686cf4869d2e	software architect	optional	http://data.europa.eu/esco/skill/6417a4cc-6f61-4459-a114-761a7fa0279d	Puppet (tools for software configuration management)	knowledge
d0aa0792-4345-474b-9365-686cf4869d2e	software architect	optional	http://data.europa.eu/esco/skill/7e796b51-49d7-4e73-95af-2e7323763f15	design database in the cloud	skill
d0aa0792-4345-474b-9365-686cf4869d2e	software architect	optional	http://data.europa.eu/esco/skill/4c016b68-4116-468c-9dc6-42710c239e4a	C#	knowledge
d0aa0792-4345-474b-9365-686cf4869d2e	software architect	optional	http://data.europa.eu/esco/skill/da6393d5-a53c-4863-abc7-51f36281d74e	lean project management	knowledge
d0aa0792-4345-474b-9365-686cf4869d2e	software architect	optional	http://data.europa.eu/esco/skill/56a7f561-1d55-43c9-9cd7-36a0a9bc6c50	ASP.NET	knowledge
d0aa0792-4345-474b-9365-686cf4869d2e	software architect	optional	http://data.europa.eu/esco/skill/ffddfc7c-a9dd-449f-9e96-882dc447c8b6	Scala	knowledge
d0aa0792-4345-474b-9365-686cf4869d2e	software architect	optional	http://data.europa.eu/esco/skill/04f1b938-d4d4-4cb1-a863-982af76b9d93	SAS language	knowledge
d0aa0792-4345-474b-9365-686cf4869d2e	software architect	optional	http://data.europa.eu/esco/skill/c7451027-8249-405a-bb1b-342ff0f3fb3b	Salt (tools for software configuration management)	knowledge
d0aa0792-4345-474b-9365-686cf4869d2e	software architect	optional	http://data.europa.eu/esco/skill/797a4416-0b8d-44f3-8fcd-eb10bd0be6b4	develop software prototype	skill
d0aa0792-4345-474b-9365-686cf4869d2e	software architect	optional	http://data.europa.eu/esco/skill/283cbcd3-7101-4dbb-be37-56f3625515b1	provide ICT consulting advice	skill
d0aa0792-4345-474b-9365-686cf4869d2e	software architect	optional	http://data.europa.eu/esco/skill/bb99af26-71ff-4dca-bde7-1eb1f6194426	SAP R3	knowledge
d0aa0792-4345-474b-9365-686cf4869d2e	software architect	optional	http://data.europa.eu/esco/skill/eb0e5615-1575-4a86-a1a2-7d39595033c5	ABAP	knowledge
d0aa0792-4345-474b-9365-686cf4869d2e	software architect	optional	http://data.europa.eu/esco/skill/2bde42ae-e776-41c1-9ded-b07b30bfe985	Prolog (computer programming)	knowledge
d0aa0792-4345-474b-9365-686cf4869d2e	software architect	optional	http://data.europa.eu/esco/skill/7814e88f-c133-4c3b-b27f-857afa145d42	ICT security legislation	knowledge
d0aa0792-4345-474b-9365-686cf4869d2e	software architect	optional	http://data.europa.eu/esco/skill/fd6d2981-3d4a-4ce2-9741-cfc98c5b74bd	implement data warehousing techniques	skill
d0aa0792-4345-474b-9365-686cf4869d2e	software architect	optional	http://data.europa.eu/esco/skill/b633eb55-8f1f-4ae6-ab4c-2022ffe2cb7f	C++	knowledge
d0aa0792-4345-474b-9365-686cf4869d2e	software architect	optional	http://data.europa.eu/esco/skill/e8b89eb6-51e8-4c3a-babb-88b2e110376b	Pascal (computer programming)	knowledge
d0aa0792-4345-474b-9365-686cf4869d2e	software architect	optional	http://data.europa.eu/esco/skill/cdd8b6b2-2fd9-453c-8d62-8a1dc6efcd49	systems theory	knowledge
d0aa0792-4345-474b-9365-686cf4869d2e	software architect	optional	http://data.europa.eu/esco/skill/21d2f96d-35f7-4e3f-9745-c533d2dd6e97	computer programming	knowledge
d0aa0792-4345-474b-9365-686cf4869d2e	software architect	optional	http://data.europa.eu/esco/skill/0af062de-eb43-41e9-9b96-249e2cd22d26	use markup languages	skill
d0aa0792-4345-474b-9365-686cf4869d2e	software architect	optional	http://data.europa.eu/esco/skill/dcdd5ddf-82a6-4ac3-8edc-d4b23cae9a88	VBScript	knowledge
d0aa0792-4345-474b-9365-686cf4869d2e	software architect	optional	http://data.europa.eu/esco/skill/a4d336a6-9ffd-402a-91cc-f359716ba4e0	ML (computer programming)	knowledge
d0aa0792-4345-474b-9365-686cf4869d2e	software architect	optional	http://data.europa.eu/esco/skill/b16bcbcb-1d3f-42b3-a6a5-b91348a72b70	WildFly	knowledge
d0aa0792-4345-474b-9365-686cf4869d2e	software architect	optional	http://data.europa.eu/esco/skill/38716afc-a93b-44ab-96cc-2ecf67edcf32	do cloud refactoring	skill
d0aa0792-4345-474b-9365-686cf4869d2e	software architect	optional	http://data.europa.eu/esco/skill/51586df8-1c46-4b47-8583-773cb63bf00b	R	knowledge
d0aa0792-4345-474b-9365-686cf4869d2e	software architect	optional	http://data.europa.eu/esco/skill/b4dc6e4f-dc7d-445f-8ce2-d7b9d225e282	AJAX	knowledge
d0aa0792-4345-474b-9365-686cf4869d2e	software architect	optional	http://data.europa.eu/esco/skill/744442ac-c157-4350-8be0-ce454df4f5c5	perform ICT troubleshooting	skill
d0aa0792-4345-474b-9365-686cf4869d2e	software architect	optional	http://data.europa.eu/esco/skill/d56fc2b5-4b0a-4e7e-9bde-a33736f6ff18	Scratch (computer programming)	knowledge
d0aa0792-4345-474b-9365-686cf4869d2e	software architect	optional	http://data.europa.eu/esco/skill/19a8293b-8e95-4de3-983f-77484079c389	Java (computer programming)	knowledge
d0aa0792-4345-474b-9365-686cf4869d2e	software architect	optional	http://data.europa.eu/esco/skill/69bbd53f-fbb0-4476-b4b2-ef7844464e28	web programming	knowledge
d0aa0792-4345-474b-9365-686cf4869d2e	software architect	optional	http://data.europa.eu/esco/skill/339ac029-066a-4985-9f9d-b3d7c8fea0bb	manage staff	skill
d0aa0792-4345-474b-9365-686cf4869d2e	software architect	optional	http://data.europa.eu/esco/skill/0ccdfe98-f845-4598-84a1-3dca66e9d9a3	Ruby (computer programming)	knowledge
d0aa0792-4345-474b-9365-686cf4869d2e	software architect	optional	http://data.europa.eu/esco/skill/993b1e23-f2de-4bd8-b33f-f86dde1c8e9d	CoffeeScript	knowledge
d0aa0792-4345-474b-9365-686cf4869d2e	software architect	optional	http://data.europa.eu/esco/skill/11430d93-c835-48ed-8e70-285fa69c9ae6	design cloud architecture	skill
d0aa0792-4345-474b-9365-686cf4869d2e	software architect	optional	http://data.europa.eu/esco/skill/401eb8d8-6daa-4f8b-90ad-60afc71eb4f8	Perl	knowledge
d0aa0792-4345-474b-9365-686cf4869d2e	software architect	optional	http://data.europa.eu/esco/skill/0a9acb6b-1139-4be9-b431-3a80a959f2f4	Agile project management	knowledge
d0aa0792-4345-474b-9365-686cf4869d2e	software architect	optional	http://data.europa.eu/esco/skill/bec4359e-cb92-468f-a997-8fb28e32fba9	ICT project management methodologies	knowledge
d0aa0792-4345-474b-9365-686cf4869d2e	software architect	optional	http://data.europa.eu/esco/skill/867137fb-ff1b-4ca3-99f3-cb6969aa2c68	TypeScript	knowledge
d0aa0792-4345-474b-9365-686cf4869d2e	software architect	optional	http://data.europa.eu/esco/skill/42ed3bfb-1a01-4c8b-9758-fc6438865734	Smalltalk (computer programming)	knowledge
d0aa0792-4345-474b-9365-686cf4869d2e	software architect	optional	http://data.europa.eu/esco/skill/000f1d3d-220f-4789-9c0a-cc742521fb02	Haskell	knowledge
d0aa0792-4345-474b-9365-686cf4869d2e	software architect	optional	http://data.europa.eu/esco/skill/3cd569a2-4f88-4c1e-9995-8dce8c5e51a7	JavaScript	knowledge
d0aa0792-4345-474b-9365-686cf4869d2e	software architect	optional	http://data.europa.eu/esco/skill/be80acfc-b6f2-4411-9b8d-b19d9cd2556a	Swift (computer programming)	knowledge
d0aa0792-4345-474b-9365-686cf4869d2e	software architect	optional	http://data.europa.eu/esco/skill/def007fa-5fed-4a5f-91a2-b0d7e3db1be1	COBOL	knowledge
d0aa0792-4345-474b-9365-686cf4869d2e	software architect	optional	http://data.europa.eu/esco/skill/69f0167e-75d9-46cf-847f-72a592880ebb	STAF	knowledge
d0aa0792-4345-474b-9365-686cf4869d2e	software architect	optional	http://data.europa.eu/esco/skill/0de61385-de6d-4146-ba32-1cc1bc102220	Lisp	knowledge
d0aa0792-4345-474b-9365-686cf4869d2e	software architect	optional	http://data.europa.eu/esco/skill/172020d1-e151-445b-8173-e2a5fb16fe51	utilise computer-aided software engineering tools	skill
d0aa0792-4345-474b-9365-686cf4869d2e	software architect	optional	http://data.europa.eu/esco/skill/9973a5a2-7822-4161-99e9-95c781eb63f8	Objective-C	knowledge
d0aa0792-4345-474b-9365-686cf4869d2e	software architect	optional	http://data.europa.eu/esco/skill/af7ae54f-4649-4c16-87c7-59ba41d4d57f	SPARK	knowledge
d0aa0792-4345-474b-9365-686cf4869d2e	software architect	optional	http://data.europa.eu/esco/skill/0cd6dcf1-5778-42a5-b685-4d01ae4a4871	Common Lisp	knowledge
d0aa0792-4345-474b-9365-686cf4869d2e	software architect	optional	http://data.europa.eu/esco/skill/75f839c2-fd9a-4ad3-8921-6e734608568d	use query languages	skill
d0aa0792-4345-474b-9365-686cf4869d2e	software architect	optional	http://data.europa.eu/esco/skill/c3a03c5a-c260-4c26-9b9a-873abb396f4d	MATLAB	knowledge
2fb96c6c-8d0b-4ef0-b1ee-3e493305e4eb	cloud architect	essential	http://data.europa.eu/esco/skill/bd14968e-e409-45af-b362-3495ed7b10e0	cloud technologies	knowledge
2fb96c6c-8d0b-4ef0-b1ee-3e493305e4eb	cloud architect	essential	http://data.europa.eu/esco/skill/4da4587a-fd0b-4ca2-886c-c42a1562d432	design cloud networks	skill
2fb96c6c-8d0b-4ef0-b1ee-3e493305e4eb	cloud architect	essential	http://data.europa.eu/esco/skill/11430d93-c835-48ed-8e70-285fa69c9ae6	design cloud architecture	skill
2fb96c6c-8d0b-4ef0-b1ee-3e493305e4eb	cloud architect	essential	http://data.europa.eu/esco/skill/94b2c46e-6338-4a1d-950a-d44eef018c53	collaborate with engineers	skill
2fb96c6c-8d0b-4ef0-b1ee-3e493305e4eb	cloud architect	essential	http://data.europa.eu/esco/skill/0a52bed5-fd29-45fb-aba6-e32bccfda1c1	plan migration to cloud	skill
2fb96c6c-8d0b-4ef0-b1ee-3e493305e4eb	cloud architect	essential	http://data.europa.eu/esco/skill/6195c5f7-a4fb-425d-a3dd-c4467c4471a3	deploy cloud resource	skill
2fb96c6c-8d0b-4ef0-b1ee-3e493305e4eb	cloud architect	optional	http://data.europa.eu/esco/skill/ce8ae6ca-61d8-4174-b457-641de96cbff4	automate cloud tasks	skill
2fb96c6c-8d0b-4ef0-b1ee-3e493305e4eb	cloud architect	optional	http://data.europa.eu/esco/skill/f0de4973-0a70-4644-8fd4-3a97080476f4	DevOps	knowledge
2fb96c6c-8d0b-4ef0-b1ee-3e493305e4eb	cloud architect	optional	http://data.europa.eu/esco/skill/38716afc-a93b-44ab-96cc-2ecf67edcf32	do cloud refactoring	skill
2fb96c6c-8d0b-4ef0-b1ee-3e493305e4eb	cloud architect	optional	http://data.europa.eu/esco/skill/dba46f87-0831-49cd-a1c7-340a653c0221	Agile development	knowledge
2fb96c6c-8d0b-4ef0-b1ee-3e493305e4eb	cloud architect	optional	http://data.europa.eu/esco/skill/7e796b51-49d7-4e73-95af-2e7323763f15	design database in the cloud	skill
2fb96c6c-8d0b-4ef0-b1ee-3e493305e4eb	cloud architect	optional	http://data.europa.eu/esco/skill/c453cf81-6197-428e-84c6-70c773b63f27	ICT architectural frameworks	knowledge
2fb96c6c-8d0b-4ef0-b1ee-3e493305e4eb	cloud architect	optional	http://data.europa.eu/esco/skill/0a9acb6b-1139-4be9-b431-3a80a959f2f4	Agile project management	knowledge
2fb96c6c-8d0b-4ef0-b1ee-3e493305e4eb	cloud architect	optional	http://data.europa.eu/esco/skill/1c2978b8-bb0d-4249-9c23-877571a4dffa	cloud security and compliance	knowledge
2fb96c6c-8d0b-4ef0-b1ee-3e493305e4eb	cloud architect	optional	http://data.europa.eu/esco/skill/dfff95c6-9758-4c04-a228-7eaa88dec6cd	design for organisational complexity	skill
2fb96c6c-8d0b-4ef0-b1ee-3e493305e4eb	cloud architect	optional	http://data.europa.eu/esco/skill/7af6e9e8-1e11-4c0b-b7c6-ac96bbbbc674	coordinate engineering teams	skill
2fb96c6c-8d0b-4ef0-b1ee-3e493305e4eb	cloud architect	optional	http://data.europa.eu/esco/skill/6b643893-0a1f-4f6c-83a1-e7eef75849b9	develop with cloud services	skill
8d9ec84d-cf2d-4179-87bc-335cda54a427	database designer	essential	http://data.europa.eu/esco/skill/09f2f811-a3fb-4de3-a70f-6420a6935575	systems development life-cycle	knowledge
8d9ec84d-cf2d-4179-87bc-335cda54a427	database designer	essential	http://data.europa.eu/esco/skill/d9e5349e-8791-49c2-8ba4-839fdd1606c2	define technical requirements	skill
8d9ec84d-cf2d-4179-87bc-335cda54a427	database designer	essential	http://data.europa.eu/esco/skill/0af062de-eb43-41e9-9b96-249e2cd22d26	use markup languages	skill
8d9ec84d-cf2d-4179-87bc-335cda54a427	database designer	essential	http://data.europa.eu/esco/skill/99207709-d076-4cce-ba38-e90d3bb28806	resource description framework query language	knowledge
8d9ec84d-cf2d-4179-87bc-335cda54a427	database designer	essential	http://data.europa.eu/esco/skill/43ae58b9-5e56-4524-b45a-b422777a0576	database	knowledge
8d9ec84d-cf2d-4179-87bc-335cda54a427	database designer	essential	http://data.europa.eu/esco/skill/2b92a5b2-6758-4ee3-9fb4-b6387a55cc8f	perform data analysis	skill
8d9ec84d-cf2d-4179-87bc-335cda54a427	database designer	essential	http://data.europa.eu/esco/skill/cdd8b6b2-2fd9-453c-8d62-8a1dc6efcd49	systems theory	knowledge
8d9ec84d-cf2d-4179-87bc-335cda54a427	database designer	essential	http://data.europa.eu/esco/skill/906323f4-00c4-4c3b-ab5a-8af77be3456e	create data sets	skill
8d9ec84d-cf2d-4179-87bc-335cda54a427	database designer	essential	http://data.europa.eu/esco/skill/69bbd53f-fbb0-4476-b4b2-ef7844464e28	web programming	knowledge
8d9ec84d-cf2d-4179-87bc-335cda54a427	database designer	essential	http://data.europa.eu/esco/skill/9cf681c7-89ec-470c-b651-7fe03786f586	query languages	knowledge
8d9ec84d-cf2d-4179-87bc-335cda54a427	database designer	essential	http://data.europa.eu/esco/skill/cb5cccc9-abe4-4b11-abe6-d27e5cd85fb1	manage standards for data exchange	skill
8d9ec84d-cf2d-4179-87bc-335cda54a427	database designer	essential	http://data.europa.eu/esco/skill/b04f377b-ee80-4b38-aca1-19d266a23b17	analyse business requirements	skill
8d9ec84d-cf2d-4179-87bc-335cda54a427	database designer	essential	http://data.europa.eu/esco/skill/cbe2c304-1e7d-489a-97d9-a7d3e37a9db6	apply ICT systems theory	skill
8d9ec84d-cf2d-4179-87bc-335cda54a427	database designer	essential	http://data.europa.eu/esco/skill/29fb0fb5-dfc4-4098-ac9b-3a712000f48f	manage database	skill
8d9ec84d-cf2d-4179-87bc-335cda54a427	database designer	essential	http://data.europa.eu/esco/skill/0dc7aa1b-b5af-4f4b-81ce-ee22ed8b6926	assess ICT knowledge	skill
8d9ec84d-cf2d-4179-87bc-335cda54a427	database designer	essential	http://data.europa.eu/esco/skill/020918ef-4b55-47c1-8430-ab7b8f6a7377	migrate existing data	skill
8d9ec84d-cf2d-4179-87bc-335cda54a427	database designer	essential	http://data.europa.eu/esco/skill/6c08403c-a5bb-4868-b8c2-b7d039c0e511	design database scheme	skill
8d9ec84d-cf2d-4179-87bc-335cda54a427	database designer	essential	http://data.europa.eu/esco/skill/9ef0f3a0-9ce2-4ef1-a987-0366b5cb2dbe	database development tools	knowledge
8d9ec84d-cf2d-4179-87bc-335cda54a427	database designer	essential	http://data.europa.eu/esco/skill/3bddfd7c-ab6d-40c2-883d-5e97fb7640ba	create software design	skill
8d9ec84d-cf2d-4179-87bc-335cda54a427	database designer	essential	http://data.europa.eu/esco/skill/03ff0d53-573a-47a0-a0ad-1995815a4339	information structure	knowledge
8d9ec84d-cf2d-4179-87bc-335cda54a427	database designer	essential	http://data.europa.eu/esco/skill/0b0335f3-0aa1-491e-895e-81fc8774a300	develop automated migration methods	skill
8d9ec84d-cf2d-4179-87bc-335cda54a427	database designer	essential	http://data.europa.eu/esco/skill/98301d4a-2cc3-439d-8d7f-0b6ac76302bb	business process modelling	knowledge
8d9ec84d-cf2d-4179-87bc-335cda54a427	database designer	essential	http://data.europa.eu/esco/skill/64db87c7-2360-4e20-88d3-d222402e477c	write database documentation	skill
8d9ec84d-cf2d-4179-87bc-335cda54a427	database designer	essential	http://data.europa.eu/esco/skill/84f58e3d-8669-4d83-8c1d-5dd1e73a654f	create database diagrams	skill
8d9ec84d-cf2d-4179-87bc-335cda54a427	database designer	essential	http://data.europa.eu/esco/skill/ab1e97ed-2319-4293-a8b7-072d2648822f	database management systems	knowledge
8d9ec84d-cf2d-4179-87bc-335cda54a427	database designer	essential	http://data.europa.eu/esco/skill/7814e88f-c133-4c3b-b27f-857afa145d42	ICT security legislation	knowledge
8d9ec84d-cf2d-4179-87bc-335cda54a427	database designer	essential	http://data.europa.eu/esco/skill/7369f779-4b71-4aab-8836-48b69c676eec	operate relational database management system	skill
8d9ec84d-cf2d-4179-87bc-335cda54a427	database designer	optional	http://data.europa.eu/esco/skill/ffddfc7c-a9dd-449f-9e96-882dc447c8b6	Scala	knowledge
8d9ec84d-cf2d-4179-87bc-335cda54a427	database designer	optional	http://data.europa.eu/esco/skill/c3a03c5a-c260-4c26-9b9a-873abb396f4d	MATLAB	knowledge
8d9ec84d-cf2d-4179-87bc-335cda54a427	database designer	optional	http://data.europa.eu/esco/skill/70de94f5-9575-4edd-bca7-c797b023b9d6	Oracle WebLogic	knowledge
8d9ec84d-cf2d-4179-87bc-335cda54a427	database designer	optional	http://data.europa.eu/esco/skill/b4dc6e4f-dc7d-445f-8ce2-d7b9d225e282	AJAX	knowledge
8d9ec84d-cf2d-4179-87bc-335cda54a427	database designer	optional	http://data.europa.eu/esco/skill/3d03c40c-1b83-4793-8902-2523f40af59e	Microsoft Access	knowledge
8d9ec84d-cf2d-4179-87bc-335cda54a427	database designer	optional	http://data.europa.eu/esco/skill/4463a721-69f3-413d-8321-43e3af13a4f1	use databases	skill
8d9ec84d-cf2d-4179-87bc-335cda54a427	database designer	optional	http://data.europa.eu/esco/skill/dc72ad0a-c5dc-4abd-bc0d-ca43e82162e1	build business relationships	skill
8d9ec84d-cf2d-4179-87bc-335cda54a427	database designer	optional	http://data.europa.eu/esco/skill/ccd0a1d9-afda-43d9-b901-96344886e14d	Python (computer programming)	knowledge
8d9ec84d-cf2d-4179-87bc-335cda54a427	database designer	optional	http://data.europa.eu/esco/skill/d3286405-49f8-4e8a-8046-a4376b4e7963	manage cloud data and storage	skill
8d9ec84d-cf2d-4179-87bc-335cda54a427	database designer	optional	http://data.europa.eu/esco/skill/e8b89eb6-51e8-4c3a-babb-88b2e110376b	Pascal (computer programming)	knowledge
8d9ec84d-cf2d-4179-87bc-335cda54a427	database designer	optional	http://data.europa.eu/esco/skill/de9f85ba-e77f-48fd-8c66-f5ebaf32d655	Oracle Relational Database	knowledge
8d9ec84d-cf2d-4179-87bc-335cda54a427	database designer	optional	http://data.europa.eu/esco/skill/c5e8abde-d2ba-4e8e-a65e-720b71180666	unstructured data	knowledge
8d9ec84d-cf2d-4179-87bc-335cda54a427	database designer	optional	http://data.europa.eu/esco/skill/300d432b-f457-4cd3-9cb1-1858c7d14954	OpenEdge Advanced Business Language	knowledge
8d9ec84d-cf2d-4179-87bc-335cda54a427	database designer	optional	http://data.europa.eu/esco/skill/0cd6dcf1-5778-42a5-b685-4d01ae4a4871	Common Lisp	knowledge
8d9ec84d-cf2d-4179-87bc-335cda54a427	database designer	optional	http://data.europa.eu/esco/skill/43ec6db6-33f7-449b-a566-5779a7e8997a	OpenEdge Database	knowledge
8d9ec84d-cf2d-4179-87bc-335cda54a427	database designer	optional	http://data.europa.eu/esco/skill/034c29fa-c3ba-45ea-b8f3-bf8e3705e386	Erlang	knowledge
8d9ec84d-cf2d-4179-87bc-335cda54a427	database designer	optional	http://data.europa.eu/esco/skill/21d2f96d-35f7-4e3f-9745-c533d2dd6e97	computer programming	knowledge
8d9ec84d-cf2d-4179-87bc-335cda54a427	database designer	optional	http://data.europa.eu/esco/skill/4e6d2538-a48e-48a7-8dad-14b067cfcb8b	TripleStore	knowledge
8d9ec84d-cf2d-4179-87bc-335cda54a427	database designer	optional	http://data.europa.eu/esco/skill/52cf3037-ab53-4806-85ed-7fd21ea7f6a1	Groovy	knowledge
8d9ec84d-cf2d-4179-87bc-335cda54a427	database designer	optional	http://data.europa.eu/esco/skill/eb0e5615-1575-4a86-a1a2-7d39595033c5	ABAP	knowledge
8d9ec84d-cf2d-4179-87bc-335cda54a427	database designer	optional	http://data.europa.eu/esco/skill/e819cc1e-09d9-47f2-b418-93972852daef	MarkLogic	knowledge
8d9ec84d-cf2d-4179-87bc-335cda54a427	database designer	optional	http://data.europa.eu/esco/skill/401eb8d8-6daa-4f8b-90ad-60afc71eb4f8	Perl	knowledge
8d9ec84d-cf2d-4179-87bc-335cda54a427	database designer	optional	http://data.europa.eu/esco/skill/0a9acb6b-1139-4be9-b431-3a80a959f2f4	Agile project management	knowledge
8d9ec84d-cf2d-4179-87bc-335cda54a427	database designer	optional	http://data.europa.eu/esco/skill/3cd569a2-4f88-4c1e-9995-8dce8c5e51a7	JavaScript	knowledge
8d9ec84d-cf2d-4179-87bc-335cda54a427	database designer	optional	http://data.europa.eu/esco/skill/c062bab3-3ea0-4291-9220-a2d8fef4bead	SQL Server	knowledge
8d9ec84d-cf2d-4179-87bc-335cda54a427	database designer	optional	http://data.europa.eu/esco/skill/5da73370-f6b9-417d-a94c-09bf01f84aa2	use access control software	skill
8d9ec84d-cf2d-4179-87bc-335cda54a427	database designer	optional	http://data.europa.eu/esco/skill/48db96bf-3314-45c6-bad8-fdb6e20e5639	data engineering	knowledge
8d9ec84d-cf2d-4179-87bc-335cda54a427	database designer	optional	http://data.europa.eu/esco/skill/a8d07b5a-c1a1-42c6-9d53-db9c7a2ca996	PostgreSQL	knowledge
8d9ec84d-cf2d-4179-87bc-335cda54a427	database designer	optional	http://data.europa.eu/esco/skill/d9eaf831-9348-4330-a83e-b7c099cdc8f6	Teradata Database	knowledge
8d9ec84d-cf2d-4179-87bc-335cda54a427	database designer	optional	http://data.europa.eu/esco/skill/5da8018b-ae85-4cde-ad93-0394369018f3	SPARQL	knowledge
8d9ec84d-cf2d-4179-87bc-335cda54a427	database designer	optional	http://data.europa.eu/esco/skill/0de61385-de6d-4146-ba32-1cc1bc102220	Lisp	knowledge
8d9ec84d-cf2d-4179-87bc-335cda54a427	database designer	optional	http://data.europa.eu/esco/skill/000f1d3d-220f-4789-9c0a-cc742521fb02	Haskell	knowledge
8d9ec84d-cf2d-4179-87bc-335cda54a427	database designer	optional	http://data.europa.eu/esco/skill/4350c38d-0fe9-4ca7-bab9-40ed7f72b04f	PHP	knowledge
8d9ec84d-cf2d-4179-87bc-335cda54a427	database designer	optional	http://data.europa.eu/esco/skill/13bdd41a-2a18-441f-96db-41252c519413	Visual Basic	knowledge
8d9ec84d-cf2d-4179-87bc-335cda54a427	database designer	optional	http://data.europa.eu/esco/skill/022dc430-872a-473a-9cf4-fed4895e58ad	define database physical structure	skill
8d9ec84d-cf2d-4179-87bc-335cda54a427	database designer	optional	http://data.europa.eu/esco/skill/3cee858e-79e8-4a4b-b99f-93c7f735d58b	DB2	knowledge
8d9ec84d-cf2d-4179-87bc-335cda54a427	database designer	optional	http://data.europa.eu/esco/skill/2bde42ae-e776-41c1-9ded-b07b30bfe985	Prolog (computer programming)	knowledge
8d9ec84d-cf2d-4179-87bc-335cda54a427	database designer	optional	http://data.europa.eu/esco/skill/7e796b51-49d7-4e73-95af-2e7323763f15	design database in the cloud	skill
8d9ec84d-cf2d-4179-87bc-335cda54a427	database designer	optional	http://data.europa.eu/esco/skill/edebd83d-35f6-4ed5-a940-6c203d178c01	data science	knowledge
8d9ec84d-cf2d-4179-87bc-335cda54a427	database designer	optional	http://data.europa.eu/esco/skill/0ccdfe98-f845-4598-84a1-3dca66e9d9a3	Ruby (computer programming)	knowledge
8d9ec84d-cf2d-4179-87bc-335cda54a427	database designer	optional	http://data.europa.eu/esco/skill/4959697d-3a24-4f46-af0c-b752318e6c54	ObjectStore	knowledge
8d9ec84d-cf2d-4179-87bc-335cda54a427	database designer	optional	http://data.europa.eu/esco/skill/dcdd5ddf-82a6-4ac3-8edc-d4b23cae9a88	VBScript	knowledge
8d9ec84d-cf2d-4179-87bc-335cda54a427	database designer	optional	http://data.europa.eu/esco/skill/3f4dab51-572b-4e2c-85ef-3b4c3f7094e1	XQuery	knowledge
8d9ec84d-cf2d-4179-87bc-335cda54a427	database designer	optional	http://data.europa.eu/esco/skill/8369ede5-4200-4a44-be2e-bc60ef959259	Microsoft Visual C++	knowledge
8d9ec84d-cf2d-4179-87bc-335cda54a427	database designer	optional	http://data.europa.eu/esco/skill/b8eb2517-37d8-43e6-9856-9c29d5c51fde	Filemaker (database management systems)	knowledge
8d9ec84d-cf2d-4179-87bc-335cda54a427	database designer	optional	http://data.europa.eu/esco/skill/58d7a289-dafd-4363-833f-d1dc4140885e	APL	knowledge
8d9ec84d-cf2d-4179-87bc-335cda54a427	database designer	optional	http://data.europa.eu/esco/skill/d5a59ca8-2e91-472e-8571-d12ce4478679	Process-based management	knowledge
8d9ec84d-cf2d-4179-87bc-335cda54a427	database designer	optional	http://data.europa.eu/esco/skill/04f1b938-d4d4-4cb1-a863-982af76b9d93	SAS language	knowledge
8d9ec84d-cf2d-4179-87bc-335cda54a427	database designer	optional	http://data.europa.eu/esco/skill/f597f772-24d3-4cec-813c-cf5a7027c794	N1QL	knowledge
8d9ec84d-cf2d-4179-87bc-335cda54a427	database designer	optional	http://data.europa.eu/esco/skill/d56fc2b5-4b0a-4e7e-9bde-a33736f6ff18	Scratch (computer programming)	knowledge
8d9ec84d-cf2d-4179-87bc-335cda54a427	database designer	optional	http://data.europa.eu/esco/skill/f5dd06b8-5d17-4932-9d03-957d0c4f5051	perform resource planning	skill
8d9ec84d-cf2d-4179-87bc-335cda54a427	database designer	optional	http://data.europa.eu/esco/skill/1b7c716e-af95-4cda-a42f-6479c8b139f5	MDX	knowledge
8d9ec84d-cf2d-4179-87bc-335cda54a427	database designer	optional	http://data.europa.eu/esco/skill/b633eb55-8f1f-4ae6-ab4c-2022ffe2cb7f	C++	knowledge
8d9ec84d-cf2d-4179-87bc-335cda54a427	database designer	optional	http://data.europa.eu/esco/skill/a57a54b6-2f2e-43e4-9621-b52f4a63cb08	LDAP	knowledge
8d9ec84d-cf2d-4179-87bc-335cda54a427	database designer	optional	http://data.europa.eu/esco/skill/993b1e23-f2de-4bd8-b33f-f86dde1c8e9d	CoffeeScript	knowledge
8d9ec84d-cf2d-4179-87bc-335cda54a427	database designer	optional	http://data.europa.eu/esco/skill/bb99af26-71ff-4dca-bde7-1eb1f6194426	SAP R3	knowledge
8d9ec84d-cf2d-4179-87bc-335cda54a427	database designer	optional	http://data.europa.eu/esco/skill/ab67fbfb-0ca7-4345-8bf6-af8f59480212	design database backup specifications	skill
8d9ec84d-cf2d-4179-87bc-335cda54a427	database designer	optional	http://data.europa.eu/esco/skill/c7d24594-0c11-4b27-9039-fe0bb903da8e	LINQ	knowledge
8d9ec84d-cf2d-4179-87bc-335cda54a427	database designer	optional	http://data.europa.eu/esco/skill/867137fb-ff1b-4ca3-99f3-cb6969aa2c68	TypeScript	knowledge
8d9ec84d-cf2d-4179-87bc-335cda54a427	database designer	optional	http://data.europa.eu/esco/skill/84251cb1-babf-4d17-a3cd-baa642c24c8d	IBM Informix	knowledge
8d9ec84d-cf2d-4179-87bc-335cda54a427	database designer	optional	http://data.europa.eu/esco/skill/c5ed451b-ef39-47a3-aee7-8f5be0aa8431	CA Datacom/DB	knowledge
8d9ec84d-cf2d-4179-87bc-335cda54a427	database designer	optional	http://data.europa.eu/esco/skill/19a8293b-8e95-4de3-983f-77484079c389	Java (computer programming)	knowledge
8d9ec84d-cf2d-4179-87bc-335cda54a427	database designer	optional	http://data.europa.eu/esco/skill/be80acfc-b6f2-4411-9b8d-b19d9cd2556a	Swift (computer programming)	knowledge
8d9ec84d-cf2d-4179-87bc-335cda54a427	database designer	optional	http://data.europa.eu/esco/skill/4da171e5-779c-4983-a76f-91c16751e99f	MySQL	knowledge
8d9ec84d-cf2d-4179-87bc-335cda54a427	database designer	optional	http://data.europa.eu/esco/skill/fecf8a0d-62c4-4e71-9b03-0f4fc2ad7bf5	data models	knowledge
8d9ec84d-cf2d-4179-87bc-335cda54a427	database designer	optional	http://data.europa.eu/esco/skill/9973a5a2-7822-4161-99e9-95c781eb63f8	Objective-C	knowledge
8d9ec84d-cf2d-4179-87bc-335cda54a427	database designer	optional	http://data.europa.eu/esco/skill/a4d336a6-9ffd-402a-91cc-f359716ba4e0	ML (computer programming)	knowledge
8d9ec84d-cf2d-4179-87bc-335cda54a427	database designer	optional	http://data.europa.eu/esco/skill/bec4359e-cb92-468f-a997-8fb28e32fba9	ICT project management methodologies	knowledge
8d9ec84d-cf2d-4179-87bc-335cda54a427	database designer	optional	http://data.europa.eu/esco/skill/51586df8-1c46-4b47-8583-773cb63bf00b	R	knowledge
8d9ec84d-cf2d-4179-87bc-335cda54a427	database designer	optional	http://data.europa.eu/esco/skill/4c016b68-4116-468c-9dc6-42710c239e4a	C#	knowledge
8d9ec84d-cf2d-4179-87bc-335cda54a427	database designer	optional	http://data.europa.eu/esco/skill/def007fa-5fed-4a5f-91a2-b0d7e3db1be1	COBOL	knowledge
8d9ec84d-cf2d-4179-87bc-335cda54a427	database designer	optional	http://data.europa.eu/esco/skill/47b9bbcf-356c-4782-83a4-7f5a1b2b51a3	Assembly (computer programming)	knowledge
8d9ec84d-cf2d-4179-87bc-335cda54a427	database designer	optional	http://data.europa.eu/esco/skill/56a7f561-1d55-43c9-9cd7-36a0a9bc6c50	ASP.NET	knowledge
8d9ec84d-cf2d-4179-87bc-335cda54a427	database designer	optional	http://data.europa.eu/esco/skill/da6393d5-a53c-4863-abc7-51f36281d74e	lean project management	knowledge
8d9ec84d-cf2d-4179-87bc-335cda54a427	database designer	optional	http://data.europa.eu/esco/skill/42ed3bfb-1a01-4c8b-9758-fc6438865734	Smalltalk (computer programming)	knowledge
8d9ec84d-cf2d-4179-87bc-335cda54a427	database designer	optional	http://data.europa.eu/esco/skill/c32ad607-0c4d-4e34-b73f-668298f7bf13	apply technical communication skills	skill
1562c7a3-c7d9-419d-b9b6-db26610bcf84	data warehouse designer	essential	http://data.europa.eu/esco/skill/ab1e97ed-2319-4293-a8b7-072d2648822f	database management systems	knowledge
1562c7a3-c7d9-419d-b9b6-db26610bcf84	data warehouse designer	essential	http://data.europa.eu/esco/skill/03ff0d53-573a-47a0-a0ad-1995815a4339	information structure	knowledge
1562c7a3-c7d9-419d-b9b6-db26610bcf84	data warehouse designer	essential	http://data.europa.eu/esco/skill/9ef0f3a0-9ce2-4ef1-a987-0366b5cb2dbe	database development tools	knowledge
1562c7a3-c7d9-419d-b9b6-db26610bcf84	data warehouse designer	essential	http://data.europa.eu/esco/skill/3ec2e4d6-7000-4905-bf1a-c5b1679416de	data warehouse	knowledge
1562c7a3-c7d9-419d-b9b6-db26610bcf84	data warehouse designer	essential	http://data.europa.eu/esco/skill/29fb0fb5-dfc4-4098-ac9b-3a712000f48f	manage database	skill
1562c7a3-c7d9-419d-b9b6-db26610bcf84	data warehouse designer	essential	http://data.europa.eu/esco/skill/7369f779-4b71-4aab-8836-48b69c676eec	operate relational database management system	skill
1562c7a3-c7d9-419d-b9b6-db26610bcf84	data warehouse designer	essential	http://data.europa.eu/esco/skill/cbe2c304-1e7d-489a-97d9-a7d3e37a9db6	apply ICT systems theory	skill
1562c7a3-c7d9-419d-b9b6-db26610bcf84	data warehouse designer	essential	http://data.europa.eu/esco/skill/9cf681c7-89ec-470c-b651-7fe03786f586	query languages	knowledge
1562c7a3-c7d9-419d-b9b6-db26610bcf84	data warehouse designer	essential	http://data.europa.eu/esco/skill/cdd8b6b2-2fd9-453c-8d62-8a1dc6efcd49	systems theory	knowledge
1562c7a3-c7d9-419d-b9b6-db26610bcf84	data warehouse designer	essential	http://data.europa.eu/esco/skill/d9e5349e-8791-49c2-8ba4-839fdd1606c2	define technical requirements	skill
1562c7a3-c7d9-419d-b9b6-db26610bcf84	data warehouse designer	essential	http://data.europa.eu/esco/skill/4463a721-69f3-413d-8321-43e3af13a4f1	use databases	skill
1562c7a3-c7d9-419d-b9b6-db26610bcf84	data warehouse designer	essential	http://data.europa.eu/esco/skill/cb5cccc9-abe4-4b11-abe6-d27e5cd85fb1	manage standards for data exchange	skill
1562c7a3-c7d9-419d-b9b6-db26610bcf84	data warehouse designer	essential	http://data.europa.eu/esco/skill/772a9c72-abef-4333-9788-f4cb48ad8e08	identify software for warehouse management	skill
1562c7a3-c7d9-419d-b9b6-db26610bcf84	data warehouse designer	essential	http://data.europa.eu/esco/skill/0af062de-eb43-41e9-9b96-249e2cd22d26	use markup languages	skill
1562c7a3-c7d9-419d-b9b6-db26610bcf84	data warehouse designer	essential	http://data.europa.eu/esco/skill/69bbd53f-fbb0-4476-b4b2-ef7844464e28	web programming	knowledge
1562c7a3-c7d9-419d-b9b6-db26610bcf84	data warehouse designer	essential	http://data.europa.eu/esco/skill/0dc7aa1b-b5af-4f4b-81ce-ee22ed8b6926	assess ICT knowledge	skill
1562c7a3-c7d9-419d-b9b6-db26610bcf84	data warehouse designer	essential	http://data.europa.eu/esco/skill/0b0335f3-0aa1-491e-895e-81fc8774a300	develop automated migration methods	skill
1562c7a3-c7d9-419d-b9b6-db26610bcf84	data warehouse designer	essential	http://data.europa.eu/esco/skill/020918ef-4b55-47c1-8430-ab7b8f6a7377	migrate existing data	skill
1562c7a3-c7d9-419d-b9b6-db26610bcf84	data warehouse designer	essential	http://data.europa.eu/esco/skill/b04f377b-ee80-4b38-aca1-19d266a23b17	analyse business requirements	skill
1562c7a3-c7d9-419d-b9b6-db26610bcf84	data warehouse designer	essential	http://data.europa.eu/esco/skill/3bddfd7c-ab6d-40c2-883d-5e97fb7640ba	create software design	skill
1562c7a3-c7d9-419d-b9b6-db26610bcf84	data warehouse designer	essential	http://data.europa.eu/esco/skill/98301d4a-2cc3-439d-8d7f-0b6ac76302bb	business process modelling	knowledge
1562c7a3-c7d9-419d-b9b6-db26610bcf84	data warehouse designer	essential	http://data.europa.eu/esco/skill/84f58e3d-8669-4d83-8c1d-5dd1e73a654f	create database diagrams	skill
1562c7a3-c7d9-419d-b9b6-db26610bcf84	data warehouse designer	essential	http://data.europa.eu/esco/skill/7814e88f-c133-4c3b-b27f-857afa145d42	ICT security legislation	knowledge
1562c7a3-c7d9-419d-b9b6-db26610bcf84	data warehouse designer	essential	http://data.europa.eu/esco/skill/6c08403c-a5bb-4868-b8c2-b7d039c0e511	design database scheme	skill
1562c7a3-c7d9-419d-b9b6-db26610bcf84	data warehouse designer	essential	http://data.europa.eu/esco/skill/906323f4-00c4-4c3b-ab5a-8af77be3456e	create data sets	skill
1562c7a3-c7d9-419d-b9b6-db26610bcf84	data warehouse designer	essential	http://data.europa.eu/esco/skill/64db87c7-2360-4e20-88d3-d222402e477c	write database documentation	skill
1562c7a3-c7d9-419d-b9b6-db26610bcf84	data warehouse designer	essential	http://data.europa.eu/esco/skill/99207709-d076-4cce-ba38-e90d3bb28806	resource description framework query language	knowledge
1562c7a3-c7d9-419d-b9b6-db26610bcf84	data warehouse designer	essential	http://data.europa.eu/esco/skill/43ae58b9-5e56-4524-b45a-b422777a0576	database	knowledge
1562c7a3-c7d9-419d-b9b6-db26610bcf84	data warehouse designer	optional	http://data.europa.eu/esco/skill/c7d24594-0c11-4b27-9039-fe0bb903da8e	LINQ	knowledge
1562c7a3-c7d9-419d-b9b6-db26610bcf84	data warehouse designer	optional	http://data.europa.eu/esco/skill/0ccdfe98-f845-4598-84a1-3dca66e9d9a3	Ruby (computer programming)	knowledge
1562c7a3-c7d9-419d-b9b6-db26610bcf84	data warehouse designer	optional	http://data.europa.eu/esco/skill/be80acfc-b6f2-4411-9b8d-b19d9cd2556a	Swift (computer programming)	knowledge
1562c7a3-c7d9-419d-b9b6-db26610bcf84	data warehouse designer	optional	http://data.europa.eu/esco/skill/75f839c2-fd9a-4ad3-8921-6e734608568d	use query languages	skill
1562c7a3-c7d9-419d-b9b6-db26610bcf84	data warehouse designer	optional	http://data.europa.eu/esco/skill/42ed3bfb-1a01-4c8b-9758-fc6438865734	Smalltalk (computer programming)	knowledge
1562c7a3-c7d9-419d-b9b6-db26610bcf84	data warehouse designer	optional	http://data.europa.eu/esco/skill/d5a59ca8-2e91-472e-8571-d12ce4478679	Process-based management	knowledge
1562c7a3-c7d9-419d-b9b6-db26610bcf84	data warehouse designer	optional	http://data.europa.eu/esco/skill/b4dc6e4f-dc7d-445f-8ce2-d7b9d225e282	AJAX	knowledge
1562c7a3-c7d9-419d-b9b6-db26610bcf84	data warehouse designer	optional	http://data.europa.eu/esco/skill/d9eaf831-9348-4330-a83e-b7c099cdc8f6	Teradata Database	knowledge
1562c7a3-c7d9-419d-b9b6-db26610bcf84	data warehouse designer	optional	http://data.europa.eu/esco/skill/47b9bbcf-356c-4782-83a4-7f5a1b2b51a3	Assembly (computer programming)	knowledge
1562c7a3-c7d9-419d-b9b6-db26610bcf84	data warehouse designer	optional	http://data.europa.eu/esco/skill/0cd6dcf1-5778-42a5-b685-4d01ae4a4871	Common Lisp	knowledge
1562c7a3-c7d9-419d-b9b6-db26610bcf84	data warehouse designer	optional	http://data.europa.eu/esco/skill/56a7f561-1d55-43c9-9cd7-36a0a9bc6c50	ASP.NET	knowledge
1562c7a3-c7d9-419d-b9b6-db26610bcf84	data warehouse designer	optional	http://data.europa.eu/esco/skill/f597f772-24d3-4cec-813c-cf5a7027c794	N1QL	knowledge
1562c7a3-c7d9-419d-b9b6-db26610bcf84	data warehouse designer	optional	http://data.europa.eu/esco/skill/82de2df7-0d6c-42b1-94ac-b3e9a029e917	use back-up and recovery tools	skill
1562c7a3-c7d9-419d-b9b6-db26610bcf84	data warehouse designer	optional	http://data.europa.eu/esco/skill/c3a03c5a-c260-4c26-9b9a-873abb396f4d	MATLAB	knowledge
1562c7a3-c7d9-419d-b9b6-db26610bcf84	data warehouse designer	optional	http://data.europa.eu/esco/skill/022dc430-872a-473a-9cf4-fed4895e58ad	define database physical structure	skill
1562c7a3-c7d9-419d-b9b6-db26610bcf84	data warehouse designer	optional	http://data.europa.eu/esco/skill/fd33c66c-70c4-40e6-b87c-5495bd3bf26e	design user interface	skill
1562c7a3-c7d9-419d-b9b6-db26610bcf84	data warehouse designer	optional	http://data.europa.eu/esco/skill/2bde42ae-e776-41c1-9ded-b07b30bfe985	Prolog (computer programming)	knowledge
1562c7a3-c7d9-419d-b9b6-db26610bcf84	data warehouse designer	optional	http://data.europa.eu/esco/skill/c5e8abde-d2ba-4e8e-a65e-720b71180666	unstructured data	knowledge
1562c7a3-c7d9-419d-b9b6-db26610bcf84	data warehouse designer	optional	http://data.europa.eu/esco/skill/edebd83d-35f6-4ed5-a940-6c203d178c01	data science	knowledge
1562c7a3-c7d9-419d-b9b6-db26610bcf84	data warehouse designer	optional	http://data.europa.eu/esco/skill/ccd0a1d9-afda-43d9-b901-96344886e14d	Python (computer programming)	knowledge
1562c7a3-c7d9-419d-b9b6-db26610bcf84	data warehouse designer	optional	http://data.europa.eu/esco/skill/3f4dab51-572b-4e2c-85ef-3b4c3f7094e1	XQuery	knowledge
1562c7a3-c7d9-419d-b9b6-db26610bcf84	data warehouse designer	optional	http://data.europa.eu/esco/skill/4350c38d-0fe9-4ca7-bab9-40ed7f72b04f	PHP	knowledge
1562c7a3-c7d9-419d-b9b6-db26610bcf84	data warehouse designer	optional	http://data.europa.eu/esco/skill/611ed16b-99bf-4840-9cab-f55d1d286e0a	store digital data and systems	skill
1562c7a3-c7d9-419d-b9b6-db26610bcf84	data warehouse designer	optional	http://data.europa.eu/esco/skill/bec4359e-cb92-468f-a997-8fb28e32fba9	ICT project management methodologies	knowledge
1562c7a3-c7d9-419d-b9b6-db26610bcf84	data warehouse designer	optional	http://data.europa.eu/esco/skill/034c29fa-c3ba-45ea-b8f3-bf8e3705e386	Erlang	knowledge
1562c7a3-c7d9-419d-b9b6-db26610bcf84	data warehouse designer	optional	http://data.europa.eu/esco/skill/4e6d2538-a48e-48a7-8dad-14b067cfcb8b	TripleStore	knowledge
1562c7a3-c7d9-419d-b9b6-db26610bcf84	data warehouse designer	optional	http://data.europa.eu/esco/skill/9973a5a2-7822-4161-99e9-95c781eb63f8	Objective-C	knowledge
1562c7a3-c7d9-419d-b9b6-db26610bcf84	data warehouse designer	optional	http://data.europa.eu/esco/skill/a4d336a6-9ffd-402a-91cc-f359716ba4e0	ML (computer programming)	knowledge
1562c7a3-c7d9-419d-b9b6-db26610bcf84	data warehouse designer	optional	http://data.europa.eu/esco/skill/def007fa-5fed-4a5f-91a2-b0d7e3db1be1	COBOL	knowledge
1562c7a3-c7d9-419d-b9b6-db26610bcf84	data warehouse designer	optional	http://data.europa.eu/esco/skill/c062bab3-3ea0-4291-9220-a2d8fef4bead	SQL Server	knowledge
1562c7a3-c7d9-419d-b9b6-db26610bcf84	data warehouse designer	optional	http://data.europa.eu/esco/skill/9d2f77af-4307-4ac5-bc50-a9980cec7e83	develop reporting software	skill
1562c7a3-c7d9-419d-b9b6-db26610bcf84	data warehouse designer	optional	http://data.europa.eu/esco/skill/0a9acb6b-1139-4be9-b431-3a80a959f2f4	Agile project management	knowledge
1562c7a3-c7d9-419d-b9b6-db26610bcf84	data warehouse designer	optional	http://data.europa.eu/esco/skill/51586df8-1c46-4b47-8583-773cb63bf00b	R	knowledge
1562c7a3-c7d9-419d-b9b6-db26610bcf84	data warehouse designer	optional	http://data.europa.eu/esco/skill/dcdd5ddf-82a6-4ac3-8edc-d4b23cae9a88	VBScript	knowledge
1562c7a3-c7d9-419d-b9b6-db26610bcf84	data warehouse designer	optional	http://data.europa.eu/esco/skill/4959697d-3a24-4f46-af0c-b752318e6c54	ObjectStore	knowledge
1562c7a3-c7d9-419d-b9b6-db26610bcf84	data warehouse designer	optional	http://data.europa.eu/esco/skill/cace7a77-38b7-4cdf-8171-e17692bef5f6	respond to customers' inquiries	skill
1562c7a3-c7d9-419d-b9b6-db26610bcf84	data warehouse designer	optional	http://data.europa.eu/esco/skill/84251cb1-babf-4d17-a3cd-baa642c24c8d	IBM Informix	knowledge
1562c7a3-c7d9-419d-b9b6-db26610bcf84	data warehouse designer	optional	http://data.europa.eu/esco/skill/4da171e5-779c-4983-a76f-91c16751e99f	MySQL	knowledge
1562c7a3-c7d9-419d-b9b6-db26610bcf84	data warehouse designer	optional	http://data.europa.eu/esco/skill/e819cc1e-09d9-47f2-b418-93972852daef	MarkLogic	knowledge
1562c7a3-c7d9-419d-b9b6-db26610bcf84	data warehouse designer	optional	http://data.europa.eu/esco/skill/0de61385-de6d-4146-ba32-1cc1bc102220	Lisp	knowledge
1562c7a3-c7d9-419d-b9b6-db26610bcf84	data warehouse designer	optional	http://data.europa.eu/esco/skill/3d03c40c-1b83-4793-8902-2523f40af59e	Microsoft Access	knowledge
1562c7a3-c7d9-419d-b9b6-db26610bcf84	data warehouse designer	optional	http://data.europa.eu/esco/skill/19a8293b-8e95-4de3-983f-77484079c389	Java (computer programming)	knowledge
1562c7a3-c7d9-419d-b9b6-db26610bcf84	data warehouse designer	optional	http://data.europa.eu/esco/skill/e2d0daae-2aa1-40cc-99e2-b340b02f97d3	product data management	knowledge
1562c7a3-c7d9-419d-b9b6-db26610bcf84	data warehouse designer	optional	http://data.europa.eu/esco/skill/13bdd41a-2a18-441f-96db-41252c519413	Visual Basic	knowledge
1562c7a3-c7d9-419d-b9b6-db26610bcf84	data warehouse designer	optional	http://data.europa.eu/esco/skill/b633eb55-8f1f-4ae6-ab4c-2022ffe2cb7f	C++	knowledge
1562c7a3-c7d9-419d-b9b6-db26610bcf84	data warehouse designer	optional	http://data.europa.eu/esco/skill/5da8018b-ae85-4cde-ad93-0394369018f3	SPARQL	knowledge
1562c7a3-c7d9-419d-b9b6-db26610bcf84	data warehouse designer	optional	http://data.europa.eu/esco/skill/2b92a5b2-6758-4ee3-9fb4-b6387a55cc8f	perform data analysis	skill
1562c7a3-c7d9-419d-b9b6-db26610bcf84	data warehouse designer	optional	http://data.europa.eu/esco/skill/52cf3037-ab53-4806-85ed-7fd21ea7f6a1	Groovy	knowledge
1562c7a3-c7d9-419d-b9b6-db26610bcf84	data warehouse designer	optional	http://data.europa.eu/esco/skill/21d2f96d-35f7-4e3f-9745-c533d2dd6e97	computer programming	knowledge
1562c7a3-c7d9-419d-b9b6-db26610bcf84	data warehouse designer	optional	http://data.europa.eu/esco/skill/401eb8d8-6daa-4f8b-90ad-60afc71eb4f8	Perl	knowledge
1562c7a3-c7d9-419d-b9b6-db26610bcf84	data warehouse designer	optional	http://data.europa.eu/esco/skill/04f1b938-d4d4-4cb1-a863-982af76b9d93	SAS language	knowledge
1562c7a3-c7d9-419d-b9b6-db26610bcf84	data warehouse designer	optional	http://data.europa.eu/esco/skill/bb99af26-71ff-4dca-bde7-1eb1f6194426	SAP R3	knowledge
1562c7a3-c7d9-419d-b9b6-db26610bcf84	data warehouse designer	optional	http://data.europa.eu/esco/skill/a8d07b5a-c1a1-42c6-9d53-db9c7a2ca996	PostgreSQL	knowledge
1562c7a3-c7d9-419d-b9b6-db26610bcf84	data warehouse designer	optional	http://data.europa.eu/esco/skill/da6393d5-a53c-4863-abc7-51f36281d74e	lean project management	knowledge
1562c7a3-c7d9-419d-b9b6-db26610bcf84	data warehouse designer	optional	http://data.europa.eu/esco/skill/3cd569a2-4f88-4c1e-9995-8dce8c5e51a7	JavaScript	knowledge
1562c7a3-c7d9-419d-b9b6-db26610bcf84	data warehouse designer	optional	http://data.europa.eu/esco/skill/8369ede5-4200-4a44-be2e-bc60ef959259	Microsoft Visual C++	knowledge
1562c7a3-c7d9-419d-b9b6-db26610bcf84	data warehouse designer	optional	http://data.europa.eu/esco/skill/7e796b51-49d7-4e73-95af-2e7323763f15	design database in the cloud	skill
1562c7a3-c7d9-419d-b9b6-db26610bcf84	data warehouse designer	optional	http://data.europa.eu/esco/skill/300d432b-f457-4cd3-9cb1-1858c7d14954	OpenEdge Advanced Business Language	knowledge
1562c7a3-c7d9-419d-b9b6-db26610bcf84	data warehouse designer	optional	http://data.europa.eu/esco/skill/1b7c716e-af95-4cda-a42f-6479c8b139f5	MDX	knowledge
1562c7a3-c7d9-419d-b9b6-db26610bcf84	data warehouse designer	optional	http://data.europa.eu/esco/skill/58d7a289-dafd-4363-833f-d1dc4140885e	APL	knowledge
1562c7a3-c7d9-419d-b9b6-db26610bcf84	data warehouse designer	optional	http://data.europa.eu/esco/skill/000f1d3d-220f-4789-9c0a-cc742521fb02	Haskell	knowledge
1562c7a3-c7d9-419d-b9b6-db26610bcf84	data warehouse designer	optional	http://data.europa.eu/esco/skill/ffddfc7c-a9dd-449f-9e96-882dc447c8b6	Scala	knowledge
1562c7a3-c7d9-419d-b9b6-db26610bcf84	data warehouse designer	optional	http://data.europa.eu/esco/skill/de9f85ba-e77f-48fd-8c66-f5ebaf32d655	Oracle Relational Database	knowledge
1562c7a3-c7d9-419d-b9b6-db26610bcf84	data warehouse designer	optional	http://data.europa.eu/esco/skill/fecf8a0d-62c4-4e71-9b03-0f4fc2ad7bf5	data models	knowledge
1562c7a3-c7d9-419d-b9b6-db26610bcf84	data warehouse designer	optional	http://data.europa.eu/esco/skill/eb0e5615-1575-4a86-a1a2-7d39595033c5	ABAP	knowledge
1562c7a3-c7d9-419d-b9b6-db26610bcf84	data warehouse designer	optional	http://data.europa.eu/esco/skill/c5ed451b-ef39-47a3-aee7-8f5be0aa8431	CA Datacom/DB	knowledge
1562c7a3-c7d9-419d-b9b6-db26610bcf84	data warehouse designer	optional	http://data.europa.eu/esco/skill/dc72ad0a-c5dc-4abd-bc0d-ca43e82162e1	build business relationships	skill
1562c7a3-c7d9-419d-b9b6-db26610bcf84	data warehouse designer	optional	http://data.europa.eu/esco/skill/d56fc2b5-4b0a-4e7e-9bde-a33736f6ff18	Scratch (computer programming)	knowledge
1562c7a3-c7d9-419d-b9b6-db26610bcf84	data warehouse designer	optional	http://data.europa.eu/esco/skill/867137fb-ff1b-4ca3-99f3-cb6969aa2c68	TypeScript	knowledge
1562c7a3-c7d9-419d-b9b6-db26610bcf84	data warehouse designer	optional	http://data.europa.eu/esco/skill/b8eb2517-37d8-43e6-9856-9c29d5c51fde	Filemaker (database management systems)	knowledge
1562c7a3-c7d9-419d-b9b6-db26610bcf84	data warehouse designer	optional	http://data.europa.eu/esco/skill/f5dd06b8-5d17-4932-9d03-957d0c4f5051	perform resource planning	skill
1562c7a3-c7d9-419d-b9b6-db26610bcf84	data warehouse designer	optional	http://data.europa.eu/esco/skill/d3286405-49f8-4e8a-8046-a4376b4e7963	manage cloud data and storage	skill
1562c7a3-c7d9-419d-b9b6-db26610bcf84	data warehouse designer	optional	http://data.europa.eu/esco/skill/c32ad607-0c4d-4e34-b73f-668298f7bf13	apply technical communication skills	skill
1562c7a3-c7d9-419d-b9b6-db26610bcf84	data warehouse designer	optional	http://data.europa.eu/esco/skill/a57a54b6-2f2e-43e4-9621-b52f4a63cb08	LDAP	knowledge
1562c7a3-c7d9-419d-b9b6-db26610bcf84	data warehouse designer	optional	http://data.europa.eu/esco/skill/43ec6db6-33f7-449b-a566-5779a7e8997a	OpenEdge Database	knowledge
1562c7a3-c7d9-419d-b9b6-db26610bcf84	data warehouse designer	optional	http://data.europa.eu/esco/skill/ab67fbfb-0ca7-4345-8bf6-af8f59480212	design database backup specifications	skill
1562c7a3-c7d9-419d-b9b6-db26610bcf84	data warehouse designer	optional	http://data.europa.eu/esco/skill/e8b89eb6-51e8-4c3a-babb-88b2e110376b	Pascal (computer programming)	knowledge
1562c7a3-c7d9-419d-b9b6-db26610bcf84	data warehouse designer	optional	http://data.europa.eu/esco/skill/4c016b68-4116-468c-9dc6-42710c239e4a	C#	knowledge
1562c7a3-c7d9-419d-b9b6-db26610bcf84	data warehouse designer	optional	http://data.europa.eu/esco/skill/993b1e23-f2de-4bd8-b33f-f86dde1c8e9d	CoffeeScript	knowledge
1562c7a3-c7d9-419d-b9b6-db26610bcf84	data warehouse designer	optional	http://data.europa.eu/esco/skill/3cee858e-79e8-4a4b-b99f-93c7f735d58b	DB2	knowledge
1562c7a3-c7d9-419d-b9b6-db26610bcf84	data warehouse designer	optional	http://data.europa.eu/esco/skill/5da73370-f6b9-417d-a94c-09bf01f84aa2	use access control software	skill
1562c7a3-c7d9-419d-b9b6-db26610bcf84	data warehouse designer	optional	http://data.europa.eu/esco/skill/65e58886-bd1e-4c5b-8ca5-8d9b353c8aa1	data visualisation software	knowledge
7754d570-9519-48c2-b1c9-8e165f8bca0f	cybersecurity risk manager	essential	http://data.europa.eu/esco/skill/99c4c69a-025c-464f-adda-874c7f107a31	engage with stakeholders	skill
7754d570-9519-48c2-b1c9-8e165f8bca0f	cybersecurity risk manager	essential	http://data.europa.eu/esco/skill/7f27f1ff-2e17-4b69-990e-c23334478313	assessment of risks and threats	knowledge
7754d570-9519-48c2-b1c9-8e165f8bca0f	cybersecurity risk manager	essential	http://data.europa.eu/esco/skill/ed39edd3-44d0-4a16-9796-bfb99f92baf3	ICT performance analysis methods	knowledge
7754d570-9519-48c2-b1c9-8e165f8bca0f	cybersecurity risk manager	essential	http://data.europa.eu/esco/skill/501537a7-9d63-491d-ae02-09f04767ff1e	attack vectors	knowledge
7754d570-9519-48c2-b1c9-8e165f8bca0f	cybersecurity risk manager	essential	http://data.europa.eu/esco/skill/b8271c8a-cba6-4baa-80f5-6361af3f07e3	ensure adherence to organisational ICT standards	skill
7754d570-9519-48c2-b1c9-8e165f8bca0f	cybersecurity risk manager	essential	http://data.europa.eu/esco/skill/477173ca-5fc2-406b-9122-95d92811f284	communicate with stakeholders	skill
7754d570-9519-48c2-b1c9-8e165f8bca0f	cybersecurity risk manager	essential	http://data.europa.eu/esco/skill/6eff134b-e34f-4d6e-a6e8-5e47cf2228d0	risk management	knowledge
7754d570-9519-48c2-b1c9-8e165f8bca0f	cybersecurity risk manager	essential	http://data.europa.eu/esco/skill/426ceaba-6867-481c-bb6b-aee3933da7d2	ICT safety	
7754d570-9519-48c2-b1c9-8e165f8bca0f	cybersecurity risk manager	essential	http://data.europa.eu/esco/skill/5898d99a-62a4-4e10-a2e3-0d815ce44248	cyber attack counter-measures	knowledge
7754d570-9519-48c2-b1c9-8e165f8bca0f	cybersecurity risk manager	essential	http://data.europa.eu/esco/skill/11eebd42-44ab-401d-8a2c-bdb9fc9beb50	information security strategy	knowledge
7754d570-9519-48c2-b1c9-8e165f8bca0f	cybersecurity risk manager	essential	http://data.europa.eu/esco/skill/69cfc5ed-6569-4aca-a4cc-fd782ba51d9c	implement ICT risk management	skill
7754d570-9519-48c2-b1c9-8e165f8bca0f	cybersecurity risk manager	essential	http://data.europa.eu/esco/skill/8088750d-8388-4170-a76f-48354c469c44	cyber security	knowledge
7754d570-9519-48c2-b1c9-8e165f8bca0f	cybersecurity risk manager	essential	http://data.europa.eu/esco/skill/2a3a96a3-709e-4d60-81f6-d247d6933f13	manage system security	skill
7754d570-9519-48c2-b1c9-8e165f8bca0f	cybersecurity risk manager	essential	http://data.europa.eu/esco/skill/6f1edc19-191f-4ba5-a048-ee69aff05bab	security engineering	knowledge
7754d570-9519-48c2-b1c9-8e165f8bca0f	cybersecurity risk manager	essential	http://data.europa.eu/esco/skill/e71c6cee-7247-49f4-829a-141c880ae938	advice on security risk management	skill
7754d570-9519-48c2-b1c9-8e165f8bca0f	cybersecurity risk manager	essential	http://data.europa.eu/esco/skill/0daaf096-1639-461c-bf1a-bbeea77e6b67	internal risk management policy	knowledge
7754d570-9519-48c2-b1c9-8e165f8bca0f	cybersecurity risk manager	essential	http://data.europa.eu/esco/skill/5acf6408-e084-4202-9442-ffcf0119811c	security threats	knowledge
7754d570-9519-48c2-b1c9-8e165f8bca0f	cybersecurity risk manager	essential	http://data.europa.eu/esco/skill/114c9698-c999-4369-8498-81bf641fe871	establish an ICT security prevention plan	skill
7754d570-9519-48c2-b1c9-8e165f8bca0f	cybersecurity risk manager	essential	http://data.europa.eu/esco/skill/3ff589b7-68df-4ea5-ae41-b395bdb2378f	ICT security standards	knowledge
7754d570-9519-48c2-b1c9-8e165f8bca0f	cybersecurity risk manager	essential	http://data.europa.eu/esco/skill/0ffdb6ac-03b5-4f1c-bfcc-3d9cb874fdf9	ethical hacking principles	knowledge
7754d570-9519-48c2-b1c9-8e165f8bca0f	cybersecurity risk manager	essential	http://data.europa.eu/esco/skill/4918ec9a-0204-4935-8b09-b0112370daa8	establish an Information Security Management System	skill
7754d570-9519-48c2-b1c9-8e165f8bca0f	cybersecurity risk manager	essential	http://data.europa.eu/esco/skill/2ddb1226-1117-4eb4-ae65-3a2f5a5a3c80	ICT network security risks	knowledge
7754d570-9519-48c2-b1c9-8e165f8bca0f	cybersecurity risk manager	optional	http://data.europa.eu/esco/skill/37bc4dc0-1233-4008-98db-1116d0c1cfcc	define security policies	skill
7754d570-9519-48c2-b1c9-8e165f8bca0f	cybersecurity risk manager	optional	http://data.europa.eu/esco/skill/6430eb0d-c6de-46b7-a7fc-3dd2e8e62a69	use ICT ticketing system	skill
7754d570-9519-48c2-b1c9-8e165f8bca0f	cybersecurity risk manager	optional	http://data.europa.eu/esco/skill/dfff95c6-9758-4c04-a228-7eaa88dec6cd	design for organisational complexity	skill
7754d570-9519-48c2-b1c9-8e165f8bca0f	cybersecurity risk manager	optional	http://data.europa.eu/esco/skill/cf532795-a1fd-43bd-8407-6e43f877e6e3	mobile device management	knowledge
7754d570-9519-48c2-b1c9-8e165f8bca0f	cybersecurity risk manager	optional	http://data.europa.eu/esco/skill/67a118f4-8a5f-48f7-8e5f-de34b9ca2c37	hybrid model	knowledge
7754d570-9519-48c2-b1c9-8e165f8bca0f	cybersecurity risk manager	optional	http://data.europa.eu/esco/skill/118a9b27-1c5a-4214-b685-1a4d9e6365ea	computer forensics	knowledge
7754d570-9519-48c2-b1c9-8e165f8bca0f	cybersecurity risk manager	optional	http://data.europa.eu/esco/skill/83218cac-3599-417e-93d2-26013cdccd98	service-oriented modelling	knowledge
7754d570-9519-48c2-b1c9-8e165f8bca0f	cybersecurity risk manager	optional	http://data.europa.eu/esco/skill/a56dec32-05ef-45de-a256-ee6741f356db	information confidentiality	knowledge
7754d570-9519-48c2-b1c9-8e165f8bca0f	cybersecurity risk manager	optional	http://data.europa.eu/esco/skill/bf12b461-1c53-4d81-a395-8ba77f7483c4	investment analysis	knowledge
7754d570-9519-48c2-b1c9-8e165f8bca0f	cybersecurity risk manager	optional	http://data.europa.eu/esco/skill/5063a99f-975b-4a7c-85e3-69ecb375b4d3	internet governance	knowledge
7754d570-9519-48c2-b1c9-8e165f8bca0f	cybersecurity risk manager	optional	http://data.europa.eu/esco/skill/8efa6a7a-6556-4cb8-908d-59d3b5c58d2f	cloud monitoring and reporting	knowledge
7754d570-9519-48c2-b1c9-8e165f8bca0f	cybersecurity risk manager	optional	http://data.europa.eu/esco/skill/04fe962b-4017-4eb7-9139-7d69b6922bc9	use an application-specific interface	skill
7754d570-9519-48c2-b1c9-8e165f8bca0f	cybersecurity risk manager	optional	http://data.europa.eu/esco/skill/e5b5053e-0ef6-4c4e-a3f2-42f955f4322c	implement a firewall	skill
7754d570-9519-48c2-b1c9-8e165f8bca0f	cybersecurity risk manager	optional	http://data.europa.eu/esco/skill/09f2f811-a3fb-4de3-a70f-6420a6935575	systems development life-cycle	knowledge
7754d570-9519-48c2-b1c9-8e165f8bca0f	cybersecurity risk manager	optional	http://data.europa.eu/esco/skill/ca73ac82-867a-4afa-9732-834aebe896ff	ICT system user requirements	knowledge
7754d570-9519-48c2-b1c9-8e165f8bca0f	cybersecurity risk manager	optional	http://data.europa.eu/esco/skill/79f24a62-7718-46e1-9b41-37be0560a5ca	organisational resilience	knowledge
7754d570-9519-48c2-b1c9-8e165f8bca0f	cybersecurity risk manager	optional	http://data.europa.eu/esco/skill/85f46538-ae70-498a-bfbc-b8ddafe96c7d	levels of software testing	knowledge
7754d570-9519-48c2-b1c9-8e165f8bca0f	cybersecurity risk manager	optional	http://data.europa.eu/esco/skill/1c2978b8-bb0d-4249-9c23-877571a4dffa	cloud security and compliance	knowledge
7754d570-9519-48c2-b1c9-8e165f8bca0f	cybersecurity risk manager	optional	http://data.europa.eu/esco/skill/071233c4-ad2b-4f50-b79f-768d2231163e	domain name service	knowledge
7754d570-9519-48c2-b1c9-8e165f8bca0f	cybersecurity risk manager	optional	http://data.europa.eu/esco/skill/fafe0b9d-dbd9-46bd-b770-26299539ce66	ICT process quality models	knowledge
7754d570-9519-48c2-b1c9-8e165f8bca0f	cybersecurity risk manager	optional	http://data.europa.eu/esco/skill/f049d050-12da-4e40-813a-2b5eb6df6b51	Internet of Things	knowledge
7754d570-9519-48c2-b1c9-8e165f8bca0f	cybersecurity risk manager	optional	http://data.europa.eu/esco/skill/bb2b4485-2bad-402f-8517-44bf7d9afff4	implement anti-virus software	skill
7754d570-9519-48c2-b1c9-8e165f8bca0f	cybersecurity risk manager	optional	http://data.europa.eu/esco/skill/14d1e367-3efe-4ec5-86ae-eca48710ee4e	implement ICT security policies	skill
7754d570-9519-48c2-b1c9-8e165f8bca0f	cybersecurity risk manager	optional	http://data.europa.eu/esco/skill/7814e88f-c133-4c3b-b27f-857afa145d42	ICT security legislation	knowledge
7754d570-9519-48c2-b1c9-8e165f8bca0f	cybersecurity risk manager	optional	http://data.europa.eu/esco/skill/9e06bac6-6b91-48ca-8b7d-c1f48cdecd7c	solve ICT system problems	skill
7754d570-9519-48c2-b1c9-8e165f8bca0f	cybersecurity risk manager	optional	http://data.europa.eu/esco/skill/c2cbbccf-4ffd-4626-86e7-505b39c872a0	implement spam protection	skill
7754d570-9519-48c2-b1c9-8e165f8bca0f	cybersecurity risk manager	optional	http://data.europa.eu/esco/skill/acf0a78c-f4e3-4bd9-a5cc-9cf4791b3b95	implement a virtual private network	skill
7754d570-9519-48c2-b1c9-8e165f8bca0f	cybersecurity risk manager	optional	http://data.europa.eu/esco/skill/ddb65832-91a7-4157-9488-719a0e2ad87b	lead disaster recovery exercises	skill
7754d570-9519-48c2-b1c9-8e165f8bca0f	cybersecurity risk manager	optional	http://data.europa.eu/esco/skill/d32db06e-bd06-4415-a7ab-1b0ee68caa9a	ICT encryption	knowledge
7754d570-9519-48c2-b1c9-8e165f8bca0f	cybersecurity risk manager	optional	http://data.europa.eu/esco/skill/63f0aa84-5e4c-4eb6-8e8c-876d9feedf1f	Outsourcing model	knowledge
7754d570-9519-48c2-b1c9-8e165f8bca0f	cybersecurity risk manager	optional	http://data.europa.eu/esco/skill/3ce1fe19-7f9e-4070-941d-651673a5693b	decision support systems	knowledge
7754d570-9519-48c2-b1c9-8e165f8bca0f	cybersecurity risk manager	optional	http://data.europa.eu/esco/skill/a3ce2bf7-5562-4639-9b52-fdb4850a3904	ICT problem management techniques	knowledge
7754d570-9519-48c2-b1c9-8e165f8bca0f	cybersecurity risk manager	optional	http://data.europa.eu/esco/skill/c13fb093-5ffb-491a-b8b7-fa2d42a57e2e	implement cloud security and compliance	skill
7754d570-9519-48c2-b1c9-8e165f8bca0f	cybersecurity risk manager	optional	http://data.europa.eu/esco/skill/82de2df7-0d6c-42b1-94ac-b3e9a029e917	use back-up and recovery tools	skill
7754d570-9519-48c2-b1c9-8e165f8bca0f	cybersecurity risk manager	optional	http://data.europa.eu/esco/skill/6b643893-0a1f-4f6c-83a1-e7eef75849b9	develop with cloud services	skill
7754d570-9519-48c2-b1c9-8e165f8bca0f	cybersecurity risk manager	optional	http://data.europa.eu/esco/skill/64852ade-6ae1-4760-ba4a-976bf07ca255	manage disaster recovery plans	skill
7754d570-9519-48c2-b1c9-8e165f8bca0f	cybersecurity risk manager	optional	http://data.europa.eu/esco/skill/e5beeff8-7c98-490a-ae2c-16fbb6a87305	manage keys for data protection	skill
7754d570-9519-48c2-b1c9-8e165f8bca0f	cybersecurity risk manager	optional	http://data.europa.eu/esco/skill/c9e96450-421d-48af-9ee6-d9c50e29afc2	ICT recovery techniques	knowledge
7754d570-9519-48c2-b1c9-8e165f8bca0f	cybersecurity risk manager	optional	http://data.europa.eu/esco/skill/6a536b36-c5c7-4d10-bf67-a4fb0f8549b2	audit techniques	knowledge
7754d570-9519-48c2-b1c9-8e165f8bca0f	cybersecurity risk manager	optional	http://data.europa.eu/esco/skill/a846cb9e-c152-41e7-bd34-45e7ff941e3b	legal requirements of ICT products	knowledge
7754d570-9519-48c2-b1c9-8e165f8bca0f	cybersecurity risk manager	optional	http://data.europa.eu/esco/skill/248894d1-42dc-474f-af6e-2da52ac0c679	define technology strategy	skill
7754d570-9519-48c2-b1c9-8e165f8bca0f	cybersecurity risk manager	optional	http://data.europa.eu/esco/skill/3be6b84a-fa78-42b9-a8df-150cdb40b9d7	ICT quality policy	knowledge
7754d570-9519-48c2-b1c9-8e165f8bca0f	cybersecurity risk manager	optional	http://data.europa.eu/esco/skill/b16200f4-4f39-4b8b-aa9d-3568054d6bdb	Open source model	knowledge
7754d570-9519-48c2-b1c9-8e165f8bca0f	cybersecurity risk manager	optional	http://data.europa.eu/esco/skill/7557f0f4-b8bc-4ac0-b91e-222ab1ba744f	tools for ICT test automation	knowledge
7754d570-9519-48c2-b1c9-8e165f8bca0f	cybersecurity risk manager	optional	http://data.europa.eu/esco/skill/7e1f9657-ab4e-407c-842f-b846197060e3	execute ICT audits	skill
7754d570-9519-48c2-b1c9-8e165f8bca0f	cybersecurity risk manager	optional	http://data.europa.eu/esco/skill/fe1c2b32-7fe9-4668-affa-07ff658a68cf	identify ICT security risks	skill
7754d570-9519-48c2-b1c9-8e165f8bca0f	cybersecurity risk manager	optional	http://data.europa.eu/esco/skill/94dd823c-148e-4614-a6e8-99249b16357d	ICT project management	knowledge
7754d570-9519-48c2-b1c9-8e165f8bca0f	cybersecurity risk manager	optional	http://data.europa.eu/esco/skill/8359bd04-d2cb-4757-af1f-39a921df9efe	remove computer virus or malware from a computer	skill
7754d570-9519-48c2-b1c9-8e165f8bca0f	cybersecurity risk manager	optional	http://data.europa.eu/esco/skill/3579208e-49b3-4ce4-98e7-20e41b1ce8d4	develop information security strategy	skill
7754d570-9519-48c2-b1c9-8e165f8bca0f	cybersecurity risk manager	optional	http://data.europa.eu/esco/skill/902fb91c-3113-4004-9b4f-79aa86b638b7	web application security threats	knowledge
e0b544dd-b621-4126-a55e-054af25c6ea0	ICT network architect	essential	http://data.europa.eu/esco/skill/7814e88f-c133-4c3b-b27f-857afa145d42	ICT security legislation	knowledge
e0b544dd-b621-4126-a55e-054af25c6ea0	ICT network architect	essential	http://data.europa.eu/esco/skill/b04f377b-ee80-4b38-aca1-19d266a23b17	analyse business requirements	skill
e0b544dd-b621-4126-a55e-054af25c6ea0	ICT network architect	essential	http://data.europa.eu/esco/skill/e5b5053e-0ef6-4c4e-a3f2-42f955f4322c	implement a firewall	skill
e0b544dd-b621-4126-a55e-054af25c6ea0	ICT network architect	essential	http://data.europa.eu/esco/skill/04fe962b-4017-4eb7-9139-7d69b6922bc9	use an application-specific interface	skill
e0b544dd-b621-4126-a55e-054af25c6ea0	ICT network architect	essential	http://data.europa.eu/esco/skill/fae27053-8924-4bfd-b565-c9fe502044c9	system design	knowledge
e0b544dd-b621-4126-a55e-054af25c6ea0	ICT network architect	essential	http://data.europa.eu/esco/skill/b9aad733-959a-4178-984f-53e4bd05b420	maintain internet protocol configuration	skill
e0b544dd-b621-4126-a55e-054af25c6ea0	ICT network architect	essential	http://data.europa.eu/esco/skill/14d1e367-3efe-4ec5-86ae-eca48710ee4e	implement ICT security policies	skill
e0b544dd-b621-4126-a55e-054af25c6ea0	ICT network architect	essential	http://data.europa.eu/esco/skill/11747665-0e98-4f27-bd0d-536862cd5746	identify suppliers	skill
e0b544dd-b621-4126-a55e-054af25c6ea0	ICT network architect	essential	http://data.europa.eu/esco/skill/d78dedfc-21d2-45fd-ba05-e56b7a8865e6	network standards	knowledge
e0b544dd-b621-4126-a55e-054af25c6ea0	ICT network architect	essential	http://data.europa.eu/esco/skill/f9e788df-d68a-4f92-92c7-80e135fc35ff	ICT networking hardware	knowledge
e0b544dd-b621-4126-a55e-054af25c6ea0	ICT network architect	essential	http://data.europa.eu/esco/skill/da042121-959d-451b-b4d0-3bbf07c1bc67	analyse network bandwidth requirements	skill
e0b544dd-b621-4126-a55e-054af25c6ea0	ICT network architect	essential	http://data.europa.eu/esco/skill/8fa840f7-e66a-4370-8e6d-7d554260c31c	forecast future ICT network needs	skill
e0b544dd-b621-4126-a55e-054af25c6ea0	ICT network architect	essential	http://data.europa.eu/esco/skill/19c0e68e-6e6c-4698-85dc-ef66a9de2c37	maintain information network hardware	skill
e0b544dd-b621-4126-a55e-054af25c6ea0	ICT network architect	essential	http://data.europa.eu/esco/skill/bf7ea00f-db77-4a95-9b9f-2d12b6d9fcb4	implement ICT network diagnostic tools	skill
e0b544dd-b621-4126-a55e-054af25c6ea0	ICT network architect	essential	http://data.europa.eu/esco/skill/98301d4a-2cc3-439d-8d7f-0b6ac76302bb	business process modelling	knowledge
e0b544dd-b621-4126-a55e-054af25c6ea0	ICT network architect	essential	http://data.europa.eu/esco/skill/0da6cab1-0ee9-4391-a299-f71fbf21db56	ICT network routing	knowledge
e0b544dd-b621-4126-a55e-054af25c6ea0	ICT network architect	essential	http://data.europa.eu/esco/skill/d9e5349e-8791-49c2-8ba4-839fdd1606c2	define technical requirements	skill
e0b544dd-b621-4126-a55e-054af25c6ea0	ICT network architect	essential	http://data.europa.eu/esco/skill/0dc7aa1b-b5af-4f4b-81ce-ee22ed8b6926	assess ICT knowledge	skill
e0b544dd-b621-4126-a55e-054af25c6ea0	ICT network architect	essential	http://data.europa.eu/esco/skill/2ddb1226-1117-4eb4-ae65-3a2f5a5a3c80	ICT network security risks	knowledge
e0b544dd-b621-4126-a55e-054af25c6ea0	ICT network architect	essential	http://data.europa.eu/esco/skill/2c28fc20-8a60-4311-8899-5ef8729c05b3	design process	skill
e0b544dd-b621-4126-a55e-054af25c6ea0	ICT network architect	essential	http://data.europa.eu/esco/skill/82de2df7-0d6c-42b1-94ac-b3e9a029e917	use back-up and recovery tools	skill
e0b544dd-b621-4126-a55e-054af25c6ea0	ICT network architect	essential	http://data.europa.eu/esco/skill/3fb8b724-1d52-4d11-b8b8-1776f558d1f0	design ICT hardware placement	skill
e0b544dd-b621-4126-a55e-054af25c6ea0	ICT network architect	essential	http://data.europa.eu/esco/skill/b1604a2d-c26a-427d-bda9-b8073a319fe9	adjust ICT system capacity	skill
e0b544dd-b621-4126-a55e-054af25c6ea0	ICT network architect	essential	http://data.europa.eu/esco/skill/8c4c49d4-9708-433f-8ca7-bf2c5211ee49	develop creative ideas	skill
e0b544dd-b621-4126-a55e-054af25c6ea0	ICT network architect	essential	http://data.europa.eu/esco/skill/bb562019-5222-45db-a16c-730edbb1d27c	define ICT network design policies	skill
e0b544dd-b621-4126-a55e-054af25c6ea0	ICT network architect	essential	http://data.europa.eu/esco/skill/2164e860-7f20-48bc-b98c-5d9f8a561550	design computer network	skill
e0b544dd-b621-4126-a55e-054af25c6ea0	ICT network architect	essential	http://data.europa.eu/esco/skill/02058de6-4b98-449f-8a45-8588b0eb2446	network engineering	knowledge
e0b544dd-b621-4126-a55e-054af25c6ea0	ICT network architect	essential	http://data.europa.eu/esco/skill/acf0a78c-f4e3-4bd9-a5cc-9cf4791b3b95	implement a virtual private network	skill
e0b544dd-b621-4126-a55e-054af25c6ea0	ICT network architect	optional	http://data.europa.eu/esco/skill/0ab03c6c-281b-48f4-83e0-10eeb27a1bae	network management system tools	knowledge
e0b544dd-b621-4126-a55e-054af25c6ea0	ICT network architect	optional	http://data.europa.eu/esco/skill/5063a99f-975b-4a7c-85e3-69ecb375b4d3	internet governance	knowledge
e0b544dd-b621-4126-a55e-054af25c6ea0	ICT network architect	optional	http://data.europa.eu/esco/skill/48b68726-0fd6-4e03-a5eb-82236516ee7a	provide cost benefit analysis reports	skill
e0b544dd-b621-4126-a55e-054af25c6ea0	ICT network architect	optional	http://data.europa.eu/esco/skill/11430d93-c835-48ed-8e70-285fa69c9ae6	design cloud architecture	skill
e0b544dd-b621-4126-a55e-054af25c6ea0	ICT network architect	optional	http://data.europa.eu/esco/skill/f5dd06b8-5d17-4932-9d03-957d0c4f5051	perform resource planning	skill
e0b544dd-b621-4126-a55e-054af25c6ea0	ICT network architect	optional	http://data.europa.eu/esco/skill/a846cb9e-c152-41e7-bd34-45e7ff941e3b	legal requirements of ICT products	knowledge
e0b544dd-b621-4126-a55e-054af25c6ea0	ICT network architect	optional	http://data.europa.eu/esco/skill/4da4587a-fd0b-4ca2-886c-c42a1562d432	design cloud networks	skill
e0b544dd-b621-4126-a55e-054af25c6ea0	ICT network architect	optional	http://data.europa.eu/esco/skill/3ff589b7-68df-4ea5-ae41-b395bdb2378f	ICT security standards	knowledge
e0b544dd-b621-4126-a55e-054af25c6ea0	ICT network architect	optional	http://data.europa.eu/esco/skill/f6424ebb-8401-446b-9f7e-10d7c854da02	ICT network simulation	knowledge
e0b544dd-b621-4126-a55e-054af25c6ea0	ICT network architect	optional	http://data.europa.eu/esco/skill/da6393d5-a53c-4863-abc7-51f36281d74e	lean project management	knowledge
e0b544dd-b621-4126-a55e-054af25c6ea0	ICT network architect	optional	http://data.europa.eu/esco/skill/6b643893-0a1f-4f6c-83a1-e7eef75849b9	develop with cloud services	skill
e0b544dd-b621-4126-a55e-054af25c6ea0	ICT network architect	optional	http://data.europa.eu/esco/skill/0a9acb6b-1139-4be9-b431-3a80a959f2f4	Agile project management	knowledge
e0b544dd-b621-4126-a55e-054af25c6ea0	ICT network architect	optional	http://data.europa.eu/esco/skill/dc72ad0a-c5dc-4abd-bc0d-ca43e82162e1	build business relationships	skill
e0b544dd-b621-4126-a55e-054af25c6ea0	ICT network architect	optional	http://data.europa.eu/esco/skill/c2cbbccf-4ffd-4626-86e7-505b39c872a0	implement spam protection	skill
e0b544dd-b621-4126-a55e-054af25c6ea0	ICT network architect	optional	http://data.europa.eu/esco/skill/33a82b83-c838-4889-ae62-fae1317481eb	protect personal data and privacy	skill
e0b544dd-b621-4126-a55e-054af25c6ea0	ICT network architect	optional	http://data.europa.eu/esco/skill/339ac029-066a-4985-9f9d-b3d7c8fea0bb	manage staff	skill
e0b544dd-b621-4126-a55e-054af25c6ea0	ICT network architect	optional	http://data.europa.eu/esco/skill/709ef32a-7435-48e2-8fa2-16e389ecab8a	Cisco	knowledge
e0b544dd-b621-4126-a55e-054af25c6ea0	ICT network architect	optional	http://data.europa.eu/esco/skill/d5a59ca8-2e91-472e-8571-d12ce4478679	Process-based management	knowledge
e0b544dd-b621-4126-a55e-054af25c6ea0	ICT network architect	optional	http://data.europa.eu/esco/skill/79f24a62-7718-46e1-9b41-37be0560a5ca	organisational resilience	knowledge
e0b544dd-b621-4126-a55e-054af25c6ea0	ICT network architect	optional	http://data.europa.eu/esco/skill/32428b21-514b-42c2-81b5-244a7804ea74	procurement of ICT network equipment	knowledge
e0b544dd-b621-4126-a55e-054af25c6ea0	ICT network architect	optional	http://data.europa.eu/esco/skill/744442ac-c157-4350-8be0-ce454df4f5c5	perform ICT troubleshooting	skill
e0b544dd-b621-4126-a55e-054af25c6ea0	ICT network architect	optional	http://data.europa.eu/esco/skill/e08821b5-d6dd-4db9-a0f1-43185653c244	monitor communication channels' performance	skill
e0b544dd-b621-4126-a55e-054af25c6ea0	ICT network architect	optional	http://data.europa.eu/esco/skill/501537a7-9d63-491d-ae02-09f04767ff1e	attack vectors	knowledge
e0b544dd-b621-4126-a55e-054af25c6ea0	ICT network architect	optional	http://data.europa.eu/esco/skill/ce8ae6ca-61d8-4174-b457-641de96cbff4	automate cloud tasks	skill
e0b544dd-b621-4126-a55e-054af25c6ea0	ICT network architect	optional	http://data.europa.eu/esco/skill/dfff95c6-9758-4c04-a228-7eaa88dec6cd	design for organisational complexity	skill
e0b544dd-b621-4126-a55e-054af25c6ea0	ICT network architect	optional	http://data.europa.eu/esco/skill/bec4359e-cb92-468f-a997-8fb28e32fba9	ICT project management methodologies	knowledge
e0b544dd-b621-4126-a55e-054af25c6ea0	ICT network architect	optional	http://data.europa.eu/esco/skill/c32ad607-0c4d-4e34-b73f-668298f7bf13	apply technical communication skills	skill
4b3201cb-ffc5-4f61-9fc3-5c0f0038fa5f	ICT business analysis manager	essential	http://data.europa.eu/esco/skill/b04f377b-ee80-4b38-aca1-19d266a23b17	analyse business requirements	skill
4b3201cb-ffc5-4f61-9fc3-5c0f0038fa5f	ICT business analysis manager	essential	http://data.europa.eu/esco/skill/574257ea-7b64-4100-b7b6-e27c233fe143	digital communication and collaboration	
4b3201cb-ffc5-4f61-9fc3-5c0f0038fa5f	ICT business analysis manager	essential	http://data.europa.eu/esco/skill/248894d1-42dc-474f-af6e-2da52ac0c679	define technology strategy	skill
4b3201cb-ffc5-4f61-9fc3-5c0f0038fa5f	ICT business analysis manager	essential	http://data.europa.eu/esco/skill/af607e5e-4ba1-4e5f-a2a6-dc05806567c7	coordinate technological activities	skill
4b3201cb-ffc5-4f61-9fc3-5c0f0038fa5f	ICT business analysis manager	essential	http://data.europa.eu/esco/skill/f7b5d916-52f0-4865-b6a6-e1a3b711cb5e	implement strategic planning	skill
4b3201cb-ffc5-4f61-9fc3-5c0f0038fa5f	ICT business analysis manager	essential	http://data.europa.eu/esco/skill/98301d4a-2cc3-439d-8d7f-0b6ac76302bb	business process modelling	knowledge
4b3201cb-ffc5-4f61-9fc3-5c0f0038fa5f	ICT business analysis manager	essential	http://data.europa.eu/esco/skill/3ce1fe19-7f9e-4070-941d-651673a5693b	decision support systems	knowledge
4b3201cb-ffc5-4f61-9fc3-5c0f0038fa5f	ICT business analysis manager	essential	http://data.europa.eu/esco/skill/8dcbcabe-09f7-4d11-940d-125af57bbc40	track key performance indicators	skill
4b3201cb-ffc5-4f61-9fc3-5c0f0038fa5f	ICT business analysis manager	essential	http://data.europa.eu/esco/skill/27ed854c-15b8-4ba2-90e9-ae888a219703	perform business analysis	skill
4b3201cb-ffc5-4f61-9fc3-5c0f0038fa5f	ICT business analysis manager	essential	http://data.europa.eu/esco/skill/9e84a506-df06-4be3-874a-fa01293e3dd5	business processes	knowledge
4b3201cb-ffc5-4f61-9fc3-5c0f0038fa5f	ICT business analysis manager	essential	http://data.europa.eu/esco/skill/75b30aeb-34c0-40f4-b77d-271d75a98b14	improve business processes	skill
4b3201cb-ffc5-4f61-9fc3-5c0f0038fa5f	ICT business analysis manager	essential	http://data.europa.eu/esco/skill/3c76296d-4bbd-44ba-8eaa-95bf275f79b7	manage ICT project	skill
4b3201cb-ffc5-4f61-9fc3-5c0f0038fa5f	ICT business analysis manager	essential	http://data.europa.eu/esco/skill/d9e5349e-8791-49c2-8ba4-839fdd1606c2	define technical requirements	skill
4b3201cb-ffc5-4f61-9fc3-5c0f0038fa5f	ICT business analysis manager	essential	http://data.europa.eu/esco/skill/48b68726-0fd6-4e03-a5eb-82236516ee7a	provide cost benefit analysis reports	skill
4b3201cb-ffc5-4f61-9fc3-5c0f0038fa5f	ICT business analysis manager	essential	http://data.europa.eu/esco/skill/f60c9e52-95fc-4ca1-a73c-18a491153b63	make strategic business decisions	skill
4b3201cb-ffc5-4f61-9fc3-5c0f0038fa5f	ICT business analysis manager	essential	http://data.europa.eu/esco/skill/6a7792a9-888a-46ad-afc9-2c0d94c8fde6	create business process models	skill
4b3201cb-ffc5-4f61-9fc3-5c0f0038fa5f	ICT business analysis manager	essential	http://data.europa.eu/esco/skill/7814e88f-c133-4c3b-b27f-857afa145d42	ICT security legislation	knowledge
4b3201cb-ffc5-4f61-9fc3-5c0f0038fa5f	ICT business analysis manager	essential	http://data.europa.eu/esco/skill/07e51c60-763a-4335-b4ec-70a15f66d328	propose ICT solutions to business problems	skill
4b3201cb-ffc5-4f61-9fc3-5c0f0038fa5f	ICT business analysis manager	essential	http://data.europa.eu/esco/skill/2c28fc20-8a60-4311-8899-5ef8729c05b3	design process	skill
4b3201cb-ffc5-4f61-9fc3-5c0f0038fa5f	ICT business analysis manager	essential	http://data.europa.eu/esco/skill/283cbcd3-7101-4dbb-be37-56f3625515b1	provide ICT consulting advice	skill
4b3201cb-ffc5-4f61-9fc3-5c0f0038fa5f	ICT business analysis manager	essential	http://data.europa.eu/esco/skill/918f5211-b99f-4b29-9a34-6e475583ef55	write work-related reports	skill
4b3201cb-ffc5-4f61-9fc3-5c0f0038fa5f	ICT business analysis manager	optional	http://data.europa.eu/esco/skill/3c03ee71-4a23-448f-b79e-81fd75d27dca	apply change management	skill
4b3201cb-ffc5-4f61-9fc3-5c0f0038fa5f	ICT business analysis manager	optional	http://data.europa.eu/esco/skill/e5609f89-0daf-40bb-bd6b-94f5d7498131	ICT market	knowledge
4b3201cb-ffc5-4f61-9fc3-5c0f0038fa5f	ICT business analysis manager	optional	http://data.europa.eu/esco/skill/09f2f811-a3fb-4de3-a70f-6420a6935575	systems development life-cycle	knowledge
4b3201cb-ffc5-4f61-9fc3-5c0f0038fa5f	ICT business analysis manager	optional	http://data.europa.eu/esco/skill/bd698bbe-7003-4508-b422-46c2ff4d5e95	business strategy concepts	knowledge
4b3201cb-ffc5-4f61-9fc3-5c0f0038fa5f	ICT business analysis manager	optional	http://data.europa.eu/esco/skill/25f0ea33-b4a2-4f31-b7b4-7d20e827b180	data mining	knowledge
4b3201cb-ffc5-4f61-9fc3-5c0f0038fa5f	ICT business analysis manager	optional	http://data.europa.eu/esco/skill/4c216189-4116-4e49-9557-8360378ea717	provide training on technological business developments	skill
4b3201cb-ffc5-4f61-9fc3-5c0f0038fa5f	ICT business analysis manager	optional	http://data.europa.eu/esco/skill/696e3b5b-8b61-45af-ae4c-3ab700f197ec	information extraction	knowledge
4b3201cb-ffc5-4f61-9fc3-5c0f0038fa5f	ICT business analysis manager	optional	http://data.europa.eu/esco/skill/348b74cd-49ce-4844-8bdf-ec188b497213	visual presentation techniques	knowledge
4b3201cb-ffc5-4f61-9fc3-5c0f0038fa5f	ICT business analysis manager	optional	http://data.europa.eu/esco/skill/31c69100-b612-4a61-8db5-fd314318854c	execute analytical mathematical calculations	skill
4b3201cb-ffc5-4f61-9fc3-5c0f0038fa5f	ICT business analysis manager	optional	http://data.europa.eu/esco/skill/4216e465-7baa-4884-a241-54b197bb9278	perform data mining	skill
4b3201cb-ffc5-4f61-9fc3-5c0f0038fa5f	ICT business analysis manager	optional	http://data.europa.eu/esco/skill/5592ab32-4e7a-4cda-8e64-ca36d5de8a10	adapt to changing situations	skill
4b3201cb-ffc5-4f61-9fc3-5c0f0038fa5f	ICT business analysis manager	optional	http://data.europa.eu/esco/skill/553ad092-b799-44c9-a94c-65a84fdc7526	identify processes for re-engineering	skill
4b3201cb-ffc5-4f61-9fc3-5c0f0038fa5f	ICT business analysis manager	optional	http://data.europa.eu/esco/skill/0da516ee-e70e-4384-be13-f5ff80be8127	communicate with customers	skill
4b3201cb-ffc5-4f61-9fc3-5c0f0038fa5f	ICT business analysis manager	optional	http://data.europa.eu/esco/skill/415abd43-e8e5-4643-b5da-5f11307af57a	use different communication channels	skill
d3edb8f8-3a06-47a0-8fb9-9b212c006aa2	data analyst	essential	http://data.europa.eu/esco/skill/713fb616-118e-40bc-9366-4a69879a49d5	implement data quality processes	skill
d3edb8f8-3a06-47a0-8fb9-9b212c006aa2	data analyst	essential	http://data.europa.eu/esco/skill/4216e465-7baa-4884-a241-54b197bb9278	perform data mining	skill
d3edb8f8-3a06-47a0-8fb9-9b212c006aa2	data analyst	essential	http://data.europa.eu/esco/skill/696e3b5b-8b61-45af-ae4c-3ab700f197ec	information extraction	knowledge
d3edb8f8-3a06-47a0-8fb9-9b212c006aa2	data analyst	essential	http://data.europa.eu/esco/skill/382c11ed-20d5-4ae7-b60e-15fec527fa6c	apply statistical analysis techniques	skill
d3edb8f8-3a06-47a0-8fb9-9b212c006aa2	data analyst	essential	http://data.europa.eu/esco/skill/54c9c155-9293-4329-8ed2-2e76e8b519d4	define data quality criteria	skill
d3edb8f8-3a06-47a0-8fb9-9b212c006aa2	data analyst	essential	http://data.europa.eu/esco/skill/03ff0d53-573a-47a0-a0ad-1995815a4339	information structure	knowledge
d3edb8f8-3a06-47a0-8fb9-9b212c006aa2	data analyst	essential	http://data.europa.eu/esco/skill/25f0ea33-b4a2-4f31-b7b4-7d20e827b180	data mining	knowledge
d3edb8f8-3a06-47a0-8fb9-9b212c006aa2	data analyst	essential	http://data.europa.eu/esco/skill/98a1dec3-8138-4f46-a596-5e2a83b884b9	business analytics	knowledge
d3edb8f8-3a06-47a0-8fb9-9b212c006aa2	data analyst	essential	http://data.europa.eu/esco/skill/327d15c8-29ff-4ad4-a4fe-6536d777a45f	documentation types	knowledge
d3edb8f8-3a06-47a0-8fb9-9b212c006aa2	data analyst	essential	http://data.europa.eu/esco/skill/9cf681c7-89ec-470c-b651-7fe03786f586	query languages	knowledge
d3edb8f8-3a06-47a0-8fb9-9b212c006aa2	data analyst	essential	http://data.europa.eu/esco/skill/9ff9db9d-d14b-426e-83f3-e7449af6c79f	manage data	skill
d3edb8f8-3a06-47a0-8fb9-9b212c006aa2	data analyst	essential	http://data.europa.eu/esco/skill/1e77e42a-181f-4b48-8e74-201ce50ffc29	interpret current data	skill
d3edb8f8-3a06-47a0-8fb9-9b212c006aa2	data analyst	essential	http://data.europa.eu/esco/skill/65e58886-bd1e-4c5b-8ca5-8d9b353c8aa1	data visualisation software	knowledge
d3edb8f8-3a06-47a0-8fb9-9b212c006aa2	data analyst	essential	http://data.europa.eu/esco/skill/edebd83d-35f6-4ed5-a940-6c203d178c01	data science	knowledge
d3edb8f8-3a06-47a0-8fb9-9b212c006aa2	data analyst	essential	http://data.europa.eu/esco/skill/cc7370dd-69fa-4c67-a96f-d4d135d38700	data quality assessment	knowledge
d3edb8f8-3a06-47a0-8fb9-9b212c006aa2	data analyst	essential	http://data.europa.eu/esco/skill/47a49cd6-097d-457a-9f7b-c290c14930d5	analyse big data	skill
d3edb8f8-3a06-47a0-8fb9-9b212c006aa2	data analyst	essential	http://data.europa.eu/esco/skill/07889c08-7220-47c8-96f7-6068fbea00dc	normalise data	skill
d3edb8f8-3a06-47a0-8fb9-9b212c006aa2	data analyst	essential	http://data.europa.eu/esco/skill/50b100ea-74fd-4706-99db-3e4ca55e51b8	perform data cleansing	skill
d3edb8f8-3a06-47a0-8fb9-9b212c006aa2	data analyst	essential	http://data.europa.eu/esco/skill/4a193795-fa63-414e-9f2e-bfdb3924571e	handle data samples	skill
d3edb8f8-3a06-47a0-8fb9-9b212c006aa2	data analyst	essential	http://data.europa.eu/esco/skill/93aaf65c-5aad-4e6f-a7ba-ce9bf7c0e6e6	information categorisation	knowledge
d3edb8f8-3a06-47a0-8fb9-9b212c006aa2	data analyst	essential	http://data.europa.eu/esco/skill/31c69100-b612-4a61-8db5-fd314318854c	execute analytical mathematical calculations	skill
d3edb8f8-3a06-47a0-8fb9-9b212c006aa2	data analyst	essential	http://data.europa.eu/esco/skill/7ee4c2ea-b349-4bd2-81a3-ec31475d4833	statistics	knowledge
d3edb8f8-3a06-47a0-8fb9-9b212c006aa2	data analyst	essential	http://data.europa.eu/esco/skill/1b70a55d-b8a4-49fc-96c6-15ab4cff2522	use data processing techniques	skill
d3edb8f8-3a06-47a0-8fb9-9b212c006aa2	data analyst	essential	http://data.europa.eu/esco/skill/629685b8-5f9e-4522-8cff-b3e2c4ec625a	digital data processing	
d3edb8f8-3a06-47a0-8fb9-9b212c006aa2	data analyst	essential	http://data.europa.eu/esco/skill/46ec0033-3c71-415e-bcff-b065675ba2dc	integrate ICT data	skill
d3edb8f8-3a06-47a0-8fb9-9b212c006aa2	data analyst	essential	http://data.europa.eu/esco/skill/c5e8abde-d2ba-4e8e-a65e-720b71180666	unstructured data	knowledge
d3edb8f8-3a06-47a0-8fb9-9b212c006aa2	data analyst	essential	http://data.europa.eu/esco/skill/4463a721-69f3-413d-8321-43e3af13a4f1	use databases	skill
d3edb8f8-3a06-47a0-8fb9-9b212c006aa2	data analyst	essential	http://data.europa.eu/esco/skill/79e29b8b-47d1-470d-b7b1-32506bfe7d9a	collect ICT data	skill
d3edb8f8-3a06-47a0-8fb9-9b212c006aa2	data analyst	essential	http://data.europa.eu/esco/skill/99207709-d076-4cce-ba38-e90d3bb28806	resource description framework query language	knowledge
d3edb8f8-3a06-47a0-8fb9-9b212c006aa2	data analyst	essential	http://data.europa.eu/esco/skill/348b74cd-49ce-4844-8bdf-ec188b497213	visual presentation techniques	knowledge
d3edb8f8-3a06-47a0-8fb9-9b212c006aa2	data analyst	essential	http://data.europa.eu/esco/skill/fecf8a0d-62c4-4e71-9b03-0f4fc2ad7bf5	data models	knowledge
d3edb8f8-3a06-47a0-8fb9-9b212c006aa2	data analyst	essential	http://data.europa.eu/esco/skill/2daec0e6-f0c1-43e8-8178-aedba99130ec	establish data processes	skill
d3edb8f8-3a06-47a0-8fb9-9b212c006aa2	data analyst	essential	http://data.europa.eu/esco/skill/143769cb-b61e-47d8-a61e-eedfbec1016c	business intelligence	knowledge
d3edb8f8-3a06-47a0-8fb9-9b212c006aa2	data analyst	essential	http://data.europa.eu/esco/skill/48db96bf-3314-45c6-bad8-fdb6e20e5639	data engineering	knowledge
d3edb8f8-3a06-47a0-8fb9-9b212c006aa2	data analyst	essential	http://data.europa.eu/esco/skill/e9575f7f-053a-439e-8074-f93df3334e92	data ethics	knowledge
d3edb8f8-3a06-47a0-8fb9-9b212c006aa2	data analyst	essential	http://data.europa.eu/esco/skill/a56dec32-05ef-45de-a256-ee6741f356db	information confidentiality	knowledge
d3edb8f8-3a06-47a0-8fb9-9b212c006aa2	data analyst	optional	http://data.europa.eu/esco/skill/a7f0fbe0-c546-4f30-8e41-34a58c64567e	data storage	knowledge
d3edb8f8-3a06-47a0-8fb9-9b212c006aa2	data analyst	optional	http://data.europa.eu/esco/skill/57231a22-4da7-49c8-97b8-75672feadf1e	manage quantitative data	skill
d3edb8f8-3a06-47a0-8fb9-9b212c006aa2	data analyst	optional	http://data.europa.eu/esco/skill/f597f772-24d3-4cec-813c-cf5a7027c794	N1QL	knowledge
d3edb8f8-3a06-47a0-8fb9-9b212c006aa2	data analyst	optional	http://data.europa.eu/esco/skill/8b0f73ff-d36b-4196-bb83-464c3a6ef07d	game theory	knowledge
d3edb8f8-3a06-47a0-8fb9-9b212c006aa2	data analyst	optional	http://data.europa.eu/esco/skill/68ef0e4d-5542-4e64-84f4-752cce5a3c22	statistical modeling techniques	knowledge
d3edb8f8-3a06-47a0-8fb9-9b212c006aa2	data analyst	optional	http://data.europa.eu/esco/skill/9fc400ac-8ed2-4aff-915f-aa4f2609ec7b	multidisciplinary research	knowledge
d3edb8f8-3a06-47a0-8fb9-9b212c006aa2	data analyst	optional	http://data.europa.eu/esco/skill/611ed16b-99bf-4840-9cab-f55d1d286e0a	store digital data and systems	skill
d3edb8f8-3a06-47a0-8fb9-9b212c006aa2	data analyst	optional	http://data.europa.eu/esco/skill/a80fb090-63f4-4b05-83a5-2f090deb7757	manage data collection systems	skill
d3edb8f8-3a06-47a0-8fb9-9b212c006aa2	data analyst	optional	http://data.europa.eu/esco/skill/be20d05c-f6b4-4580-9fcf-f00f4baab562	make data-driven decisions	skill
d3edb8f8-3a06-47a0-8fb9-9b212c006aa2	data analyst	optional	http://data.europa.eu/esco/skill/fbafa41f-cd05-4109-a649-8b44d306d779	create data models	skill
d3edb8f8-3a06-47a0-8fb9-9b212c006aa2	data analyst	optional	http://data.europa.eu/esco/skill/c7d24594-0c11-4b27-9039-fe0bb903da8e	LINQ	knowledge
d3edb8f8-3a06-47a0-8fb9-9b212c006aa2	data analyst	optional	http://data.europa.eu/esco/skill/43ae58b9-5e56-4524-b45a-b422777a0576	database	knowledge
d3edb8f8-3a06-47a0-8fb9-9b212c006aa2	data analyst	optional	http://data.europa.eu/esco/skill/e46291c7-52b9-4174-bd59-178884861038	Hadoop	knowledge
d3edb8f8-3a06-47a0-8fb9-9b212c006aa2	data analyst	optional	http://data.europa.eu/esco/skill/1605025e-a179-421f-8f35-5b07d182a6b2	web analytics	knowledge
d3edb8f8-3a06-47a0-8fb9-9b212c006aa2	data analyst	optional	http://data.europa.eu/esco/skill/1bba98a7-92b9-450b-9235-e0c905f8f3c4	information architecture	knowledge
d3edb8f8-3a06-47a0-8fb9-9b212c006aa2	data analyst	optional	http://data.europa.eu/esco/skill/a57a54b6-2f2e-43e4-9621-b52f4a63cb08	LDAP	knowledge
d3edb8f8-3a06-47a0-8fb9-9b212c006aa2	data analyst	optional	http://data.europa.eu/esco/skill/11c56452-fcec-4b00-9695-cca4728e5048	marketing analytics	knowledge
d3edb8f8-3a06-47a0-8fb9-9b212c006aa2	data analyst	optional	http://data.europa.eu/esco/skill/33e584f9-ff7a-4979-bfc0-5a3a374a145a	social network analysis	knowledge
d3edb8f8-3a06-47a0-8fb9-9b212c006aa2	data analyst	optional	http://data.europa.eu/esco/skill/1973c966-f236-40c9-b2d4-5d71a89019be	use spreadsheets software	skill
d3edb8f8-3a06-47a0-8fb9-9b212c006aa2	data analyst	optional	http://data.europa.eu/esco/skill/0c766ca3-9364-4203-916b-fed16e4814c1	gather data for forensic purposes	skill
d3edb8f8-3a06-47a0-8fb9-9b212c006aa2	data analyst	optional	http://data.europa.eu/esco/skill/45f1ae17-c20d-40fc-9307-7d33b6ca9213	image recognition	knowledge
d3edb8f8-3a06-47a0-8fb9-9b212c006aa2	data analyst	optional	http://data.europa.eu/esco/skill/7159e587-c7cb-4ec0-a662-03e1dee2cccb	research design	knowledge
d3edb8f8-3a06-47a0-8fb9-9b212c006aa2	data analyst	optional	http://data.europa.eu/esco/skill/1b7c716e-af95-4cda-a42f-6479c8b139f5	MDX	knowledge
d3edb8f8-3a06-47a0-8fb9-9b212c006aa2	data analyst	optional	http://data.europa.eu/esco/skill/a1eef0f4-133f-464a-a8f1-68fe3e8cc1b4	healthcare analytics	knowledge
d3edb8f8-3a06-47a0-8fb9-9b212c006aa2	data analyst	optional	http://data.europa.eu/esco/skill/d3286405-49f8-4e8a-8046-a4376b4e7963	manage cloud data and storage	skill
d3edb8f8-3a06-47a0-8fb9-9b212c006aa2	data analyst	optional	http://data.europa.eu/esco/skill/c3e36d05-8ae8-447f-bb2b-6f9409f85389	deliver visual presentation of data	skill
d3edb8f8-3a06-47a0-8fb9-9b212c006aa2	data analyst	optional	http://data.europa.eu/esco/skill/5da8018b-ae85-4cde-ad93-0394369018f3	SPARQL	knowledge
d3edb8f8-3a06-47a0-8fb9-9b212c006aa2	data analyst	optional	http://data.europa.eu/esco/skill/3f4dab51-572b-4e2c-85ef-3b4c3f7094e1	XQuery	knowledge
d3edb8f8-3a06-47a0-8fb9-9b212c006aa2	data analyst	optional	http://data.europa.eu/esco/skill/c544a9f3-5945-4b54-afed-de0697852817	report analysis results	skill
d3edb8f8-3a06-47a0-8fb9-9b212c006aa2	data analyst	optional	http://data.europa.eu/esco/skill/b0a3bb25-a02f-43ed-ab1f-994fa66a424a	online analytical processing	knowledge
d3edb8f8-3a06-47a0-8fb9-9b212c006aa2	data analyst	optional	http://data.europa.eu/esco/skill/bd14968e-e409-45af-b362-3495ed7b10e0	cloud technologies	knowledge
207d7b18-6540-432e-8aa6-785ed434572f	business intelligence manager	essential	http://data.europa.eu/esco/skill/ee7f90cc-922e-4da7-a7ae-83c2688fed10	align efforts towards business development	skill
207d7b18-6540-432e-8aa6-785ed434572f	business intelligence manager	essential	http://data.europa.eu/esco/skill/f75b740c-b36c-495e-bc67-efe347bbc6b5	company policies	knowledge
207d7b18-6540-432e-8aa6-785ed434572f	business intelligence manager	essential	http://data.europa.eu/esco/skill/27ed854c-15b8-4ba2-90e9-ae888a219703	perform business analysis	skill
207d7b18-6540-432e-8aa6-785ed434572f	business intelligence manager	essential	http://data.europa.eu/esco/skill/ad59afe4-6f8a-4bc4-acfd-0f228277508a	statistical analysis system software	knowledge
207d7b18-6540-432e-8aa6-785ed434572f	business intelligence manager	essential	http://data.europa.eu/esco/skill/9d59f4e5-20a5-428e-b8b3-645043500457	create a work atmosphere of continuous improvement	skill
207d7b18-6540-432e-8aa6-785ed434572f	business intelligence manager	essential	http://data.europa.eu/esco/skill/726abd5a-d23c-44b9-abb0-f22bbe95f1d3	operational research	knowledge
207d7b18-6540-432e-8aa6-785ed434572f	business intelligence manager	essential	http://data.europa.eu/esco/skill/ad28c970-6bc7-4fff-9c01-0f4d67769de3	develop revenue generation strategies	skill
207d7b18-6540-432e-8aa6-785ed434572f	business intelligence manager	essential	http://data.europa.eu/esco/skill/0a48d064-dd04-47fb-a00d-85e9b4874033	business management principles	knowledge
207d7b18-6540-432e-8aa6-785ed434572f	business intelligence manager	essential	http://data.europa.eu/esco/skill/43d1d56b-ce62-4fe8-8f18-35d92ec73023	identify undetected organisational needs	skill
207d7b18-6540-432e-8aa6-785ed434572f	business intelligence manager	essential	http://data.europa.eu/esco/skill/633a3637-2c6b-40ae-ac38-289eb2a62aa6	business analysis	knowledge
207d7b18-6540-432e-8aa6-785ed434572f	business intelligence manager	essential	http://data.europa.eu/esco/skill/c5a135be-218d-48e6-a422-5225a576dcd8	manage project metrics	skill
207d7b18-6540-432e-8aa6-785ed434572f	business intelligence manager	essential	http://data.europa.eu/esco/skill/ba2c6181-b036-40b4-8f6d-51499463ccbb	develop company strategies	skill
207d7b18-6540-432e-8aa6-785ed434572f	business intelligence manager	essential	http://data.europa.eu/esco/skill/089bab26-a854-40fb-8c04-5be4f693315a	integrate strategic foundation in daily performance	skill
207d7b18-6540-432e-8aa6-785ed434572f	business intelligence manager	essential	http://data.europa.eu/esco/skill/c2617b44-886a-485e-8393-bc0fc6339539	management consulting	knowledge
207d7b18-6540-432e-8aa6-785ed434572f	business intelligence manager	essential	http://data.europa.eu/esco/skill/f14ff4b7-be1e-4b55-b39b-520005f8a97e	liaise with managers	skill
207d7b18-6540-432e-8aa6-785ed434572f	business intelligence manager	essential	http://data.europa.eu/esco/skill/9714735d-6f60-440b-bdbc-aaf45ebcbe78	analyse the context of an organisation	skill
207d7b18-6540-432e-8aa6-785ed434572f	business intelligence manager	essential	http://data.europa.eu/esco/skill/3c03ee71-4a23-448f-b79e-81fd75d27dca	apply change management	skill
207d7b18-6540-432e-8aa6-785ed434572f	business intelligence manager	essential	http://data.europa.eu/esco/skill/d4cc5022-7801-4885-bcff-166552788d35	provide improvement strategies	skill
207d7b18-6540-432e-8aa6-785ed434572f	business intelligence manager	essential	http://data.europa.eu/esco/skill/949ced5f-7536-4614-ac60-563ffc91a2f2	strategic planning	knowledge
207d7b18-6540-432e-8aa6-785ed434572f	business intelligence manager	essential	http://data.europa.eu/esco/skill/66db424f-2abe-420d-8e5b-186607266b61	corporate social responsibility	knowledge
207d7b18-6540-432e-8aa6-785ed434572f	business intelligence manager	essential	http://data.europa.eu/esco/skill/8bc75dce-beba-40f9-93fc-66c9708ed74b	advise on efficiency improvements	skill
207d7b18-6540-432e-8aa6-785ed434572f	business intelligence manager	essential	http://data.europa.eu/esco/skill/41bf7ede-fc84-4a57-8c89-b548d11b0ba1	manage business knowledge	skill
207d7b18-6540-432e-8aa6-785ed434572f	business intelligence manager	essential	http://data.europa.eu/esco/skill/2b92a5b2-6758-4ee3-9fb4-b6387a55cc8f	perform data analysis	skill
207d7b18-6540-432e-8aa6-785ed434572f	business intelligence manager	essential	http://data.europa.eu/esco/skill/75b30aeb-34c0-40f4-b77d-271d75a98b14	improve business processes	skill
207d7b18-6540-432e-8aa6-785ed434572f	business intelligence manager	essential	http://data.europa.eu/esco/skill/f7b5d916-52f0-4865-b6a6-e1a3b711cb5e	implement strategic planning	skill
207d7b18-6540-432e-8aa6-785ed434572f	business intelligence manager	essential	http://data.europa.eu/esco/skill/8dcbcabe-09f7-4d11-940d-125af57bbc40	track key performance indicators	skill
207d7b18-6540-432e-8aa6-785ed434572f	business intelligence manager	essential	http://data.europa.eu/esco/skill/be20d05c-f6b4-4580-9fcf-f00f4baab562	make data-driven decisions	skill
207d7b18-6540-432e-8aa6-785ed434572f	business intelligence manager	essential	http://data.europa.eu/esco/skill/3cb68bb2-66fc-495a-af82-012338a9402b	interpret business information	skill
207d7b18-6540-432e-8aa6-785ed434572f	business intelligence manager	essential	http://data.europa.eu/esco/skill/0b8da079-f587-403f-a6ad-cd18b8150044	gather technical information	skill
207d7b18-6540-432e-8aa6-785ed434572f	business intelligence manager	essential	http://data.europa.eu/esco/skill/bda0d115-f315-453e-99dc-f8b0e5862db3	ensure compliance with policies	skill
207d7b18-6540-432e-8aa6-785ed434572f	business intelligence manager	essential	http://data.europa.eu/esco/skill/6fce8d3f-a15f-4f26-943a-d200b32f6949	monitor company policy	skill
207d7b18-6540-432e-8aa6-785ed434572f	business intelligence manager	essential	http://data.europa.eu/esco/skill/7ee4c2ea-b349-4bd2-81a3-ec31475d4833	statistics	knowledge
207d7b18-6540-432e-8aa6-785ed434572f	business intelligence manager	essential	http://data.europa.eu/esco/skill/3a5231a0-8c30-48ee-b671-08e2debd4441	organisational policies	knowledge
207d7b18-6540-432e-8aa6-785ed434572f	business intelligence manager	optional	http://data.europa.eu/esco/skill/98a1dec3-8138-4f46-a596-5e2a83b884b9	business analytics	knowledge
207d7b18-6540-432e-8aa6-785ed434572f	business intelligence manager	optional	http://data.europa.eu/esco/skill/7111b95d-0ce3-441a-9d92-4c75d05c4388	project management	knowledge
207d7b18-6540-432e-8aa6-785ed434572f	business intelligence manager	optional	http://data.europa.eu/esco/skill/11747665-0e98-4f27-bd0d-536862cd5746	identify suppliers	skill
207d7b18-6540-432e-8aa6-785ed434572f	business intelligence manager	optional	http://data.europa.eu/esco/skill/96d549bb-3e62-4c45-92a7-f114df089581	analyse supply chain strategies	skill
207d7b18-6540-432e-8aa6-785ed434572f	business intelligence manager	optional	http://data.europa.eu/esco/skill/7f70572d-f0c1-4039-9954-b57dc69981f6	keep updated on innovations in various business fields	skill
207d7b18-6540-432e-8aa6-785ed434572f	business intelligence manager	optional	http://data.europa.eu/esco/skill/e7219848-a27a-4bf4-8775-d367707be7c9	sales strategies	knowledge
207d7b18-6540-432e-8aa6-785ed434572f	business intelligence manager	optional	http://data.europa.eu/esco/skill/0550431f-9c8b-4204-9c45-59bc5feacf06	continuous improvement philosophies	knowledge
207d7b18-6540-432e-8aa6-785ed434572f	business intelligence manager	optional	http://data.europa.eu/esco/skill/25f0ea33-b4a2-4f31-b7b4-7d20e827b180	data mining	knowledge
207d7b18-6540-432e-8aa6-785ed434572f	business intelligence manager	optional	http://data.europa.eu/esco/skill/fe39d4db-4cb5-4299-bb9f-896c8fd6ab13	perform market research	skill
207d7b18-6540-432e-8aa6-785ed434572f	business intelligence manager	optional	http://data.europa.eu/esco/skill/21c5790c-0930-4d74-b3b0-84caf5af12ea	manage budgets	skill
207d7b18-6540-432e-8aa6-785ed434572f	business intelligence manager	optional	http://data.europa.eu/esco/skill/c0fce59c-e227-4745-945f-95eb2f0bc03e	recommend product improvements	skill
207d7b18-6540-432e-8aa6-785ed434572f	business intelligence manager	optional	http://data.europa.eu/esco/skill/6eff134b-e34f-4d6e-a6e8-5e47cf2228d0	risk management	knowledge
207d7b18-6540-432e-8aa6-785ed434572f	business intelligence manager	optional	http://data.europa.eu/esco/skill/143769cb-b61e-47d8-a61e-eedfbec1016c	business intelligence	knowledge
207d7b18-6540-432e-8aa6-785ed434572f	business intelligence manager	optional	http://data.europa.eu/esco/skill/f60c9e52-95fc-4ca1-a73c-18a491153b63	make strategic business decisions	skill
207d7b18-6540-432e-8aa6-785ed434572f	business intelligence manager	optional	http://data.europa.eu/esco/skill/b5feaf25-3975-4e74-85fd-4470e344ba2e	advise on tax policy	skill
207d7b18-6540-432e-8aa6-785ed434572f	business intelligence manager	optional	http://data.europa.eu/esco/skill/ccc28081-a273-45f8-98f6-0fd70e935263	monitor customer behaviour	skill
207d7b18-6540-432e-8aa6-785ed434572f	business intelligence manager	optional	http://data.europa.eu/esco/skill/0839eea4-c57b-4c14-b19b-923fbedb5d88	perform business research	skill
207d7b18-6540-432e-8aa6-785ed434572f	business intelligence manager	optional	http://data.europa.eu/esco/skill/64036db9-ee31-421e-9279-36a933281ce7	deliver business research proposals	skill
207d7b18-6540-432e-8aa6-785ed434572f	business intelligence manager	optional	http://data.europa.eu/esco/skill/b1ef509e-f191-405a-8419-51663b08922e	implement a management system	skill
207d7b18-6540-432e-8aa6-785ed434572f	business intelligence manager	optional	http://data.europa.eu/esco/skill/fecf8a0d-62c4-4e71-9b03-0f4fc2ad7bf5	data models	knowledge
207d7b18-6540-432e-8aa6-785ed434572f	business intelligence manager	optional	http://data.europa.eu/esco/skill/5da3c765-10a3-49eb-934c-ec401ceb1a34	analyse business plans	skill
207d7b18-6540-432e-8aa6-785ed434572f	business intelligence manager	optional	http://data.europa.eu/esco/skill/414332e4-8347-4771-b947-65bd3801a620	use consulting techniques	skill
207d7b18-6540-432e-8aa6-785ed434572f	business intelligence manager	optional	http://data.europa.eu/esco/skill/e54ff029-1ce9-447d-a5b2-eb7283a23e6e	train employees	skill
207d7b18-6540-432e-8aa6-785ed434572f	business intelligence manager	optional	http://data.europa.eu/esco/skill/65e58886-bd1e-4c5b-8ca5-8d9b353c8aa1	data visualisation software	knowledge
207d7b18-6540-432e-8aa6-785ed434572f	business intelligence manager	optional	http://data.europa.eu/esco/skill/f1b5800e-b763-4740-9586-3fef30568e81	analyse production processes for improvement	skill
207d7b18-6540-432e-8aa6-785ed434572f	business intelligence manager	optional	http://data.europa.eu/esco/skill/f929c89e-c363-4132-a918-e021d57b307c	supply chain management	knowledge
2079755f-d809-49e6-8037-4de6180e54c0	data engineer	essential	http://data.europa.eu/esco/skill/f9670490-8aa4-4540-b121-d440a8294aab	develop data processing applications	skill
2079755f-d809-49e6-8037-4de6180e54c0	data engineer	essential	http://data.europa.eu/esco/skill/1b70a55d-b8a4-49fc-96c6-15ab4cff2522	use data processing techniques	skill
2079755f-d809-49e6-8037-4de6180e54c0	data engineer	essential	http://data.europa.eu/esco/skill/bd14968e-e409-45af-b362-3495ed7b10e0	cloud technologies	knowledge
2079755f-d809-49e6-8037-4de6180e54c0	data engineer	essential	http://data.europa.eu/esco/skill/2daec0e6-f0c1-43e8-8178-aedba99130ec	establish data processes	skill
2079755f-d809-49e6-8037-4de6180e54c0	data engineer	essential	http://data.europa.eu/esco/skill/611ed16b-99bf-4840-9cab-f55d1d286e0a	store digital data and systems	skill
2079755f-d809-49e6-8037-4de6180e54c0	data engineer	essential	http://data.europa.eu/esco/skill/7b5cce4d-c7fe-4119-b48f-70aa05391787	computer science	knowledge
2079755f-d809-49e6-8037-4de6180e54c0	data engineer	essential	http://data.europa.eu/esco/skill/a7f0fbe0-c546-4f30-8e41-34a58c64567e	data storage	knowledge
2079755f-d809-49e6-8037-4de6180e54c0	data engineer	essential	http://data.europa.eu/esco/skill/fecf8a0d-62c4-4e71-9b03-0f4fc2ad7bf5	data models	knowledge
2079755f-d809-49e6-8037-4de6180e54c0	data engineer	essential	http://data.europa.eu/esco/skill/9ff9db9d-d14b-426e-83f3-e7449af6c79f	manage data	skill
2079755f-d809-49e6-8037-4de6180e54c0	data engineer	essential	http://data.europa.eu/esco/skill/4d85b881-e490-4b4c-897a-2faa4ef53956	manage ICT data architecture	skill
2079755f-d809-49e6-8037-4de6180e54c0	data engineer	essential	http://data.europa.eu/esco/skill/3e2ab38a-4519-4bef-b762-a8bf4836a775	perform dimensionality reduction	skill
2079755f-d809-49e6-8037-4de6180e54c0	data engineer	essential	http://data.europa.eu/esco/skill/ab1e97ed-2319-4293-a8b7-072d2648822f	database management systems	knowledge
2079755f-d809-49e6-8037-4de6180e54c0	data engineer	essential	http://data.europa.eu/esco/skill/08b04e53-ed25-41a2-9f90-0b9cd939ba3d	manage research data	skill
2079755f-d809-49e6-8037-4de6180e54c0	data engineer	essential	http://data.europa.eu/esco/skill/906323f4-00c4-4c3b-ab5a-8af77be3456e	create data sets	skill
2079755f-d809-49e6-8037-4de6180e54c0	data engineer	essential	http://data.europa.eu/esco/skill/629685b8-5f9e-4522-8cff-b3e2c4ec625a	digital data processing	
2079755f-d809-49e6-8037-4de6180e54c0	data engineer	essential	http://data.europa.eu/esco/skill/f2d57f41-43b4-4f5b-8100-3df5c21eda50	process data	skill
2079755f-d809-49e6-8037-4de6180e54c0	data engineer	essential	http://data.europa.eu/esco/skill/3ec2e4d6-7000-4905-bf1a-c5b1679416de	data warehouse	knowledge
2079755f-d809-49e6-8037-4de6180e54c0	data engineer	essential	http://data.europa.eu/esco/skill/7e796b51-49d7-4e73-95af-2e7323763f15	design database in the cloud	skill
2079755f-d809-49e6-8037-4de6180e54c0	data engineer	essential	http://data.europa.eu/esco/skill/fd6d2981-3d4a-4ce2-9741-cfc98c5b74bd	implement data warehousing techniques	skill
2079755f-d809-49e6-8037-4de6180e54c0	data engineer	essential	http://data.europa.eu/esco/skill/57231a22-4da7-49c8-97b8-75672feadf1e	manage quantitative data	skill
2079755f-d809-49e6-8037-4de6180e54c0	data engineer	essential	http://data.europa.eu/esco/skill/97bd1c21-66b2-4b7e-ad0f-e3cda590e378	data analytics	knowledge
2079755f-d809-49e6-8037-4de6180e54c0	data engineer	essential	http://data.europa.eu/esco/skill/c5e8abde-d2ba-4e8e-a65e-720b71180666	unstructured data	knowledge
2079755f-d809-49e6-8037-4de6180e54c0	data engineer	essential	http://data.europa.eu/esco/skill/4463a721-69f3-413d-8321-43e3af13a4f1	use databases	skill
2079755f-d809-49e6-8037-4de6180e54c0	data engineer	optional	http://data.europa.eu/esco/skill/7ee4c2ea-b349-4bd2-81a3-ec31475d4833	statistics	knowledge
2079755f-d809-49e6-8037-4de6180e54c0	data engineer	optional	http://data.europa.eu/esco/skill/d9eaf831-9348-4330-a83e-b7c099cdc8f6	Teradata Database	knowledge
2079755f-d809-49e6-8037-4de6180e54c0	data engineer	optional	http://data.europa.eu/esco/skill/484d048c-a5d1-46a5-b57f-45b69c0ac552	analyse pipeline database information	skill
2079755f-d809-49e6-8037-4de6180e54c0	data engineer	optional	http://data.europa.eu/esco/skill/fbafa41f-cd05-4109-a649-8b44d306d779	create data models	skill
2079755f-d809-49e6-8037-4de6180e54c0	data engineer	optional	http://data.europa.eu/esco/skill/e5a6e1e0-1b07-4432-83ba-77d593b2cb47	SAS Data Management	knowledge
258e46f9-0075-4a2e-adae-1ff0477e0f30	data scientist	essential	http://data.europa.eu/esco/skill/20a8fe89-d4eb-4698-8521-8881c13377e0	interact professionally in research and professional environments	skill
258e46f9-0075-4a2e-adae-1ff0477e0f30	data scientist	essential	http://data.europa.eu/esco/skill/2daec0e6-f0c1-43e8-8178-aedba99130ec	establish data processes	skill
258e46f9-0075-4a2e-adae-1ff0477e0f30	data scientist	essential	http://data.europa.eu/esco/skill/a8d24a95-47b3-4f88-92e7-06600bcd3612	manage personal professional development	skill
258e46f9-0075-4a2e-adae-1ff0477e0f30	data scientist	essential	http://data.europa.eu/esco/skill/39f67488-cfd3-4370-8d7e-da98163102d9	evaluate research activities	skill
258e46f9-0075-4a2e-adae-1ff0477e0f30	data scientist	essential	http://data.europa.eu/esco/skill/0760bfac-9a03-427a-ad84-ccd33a2f2ae8	mathematical modelling	knowledge
258e46f9-0075-4a2e-adae-1ff0477e0f30	data scientist	essential	http://data.europa.eu/esco/skill/1e77e42a-181f-4b48-8e74-201ce50ffc29	interpret current data	skill
258e46f9-0075-4a2e-adae-1ff0477e0f30	data scientist	essential	http://data.europa.eu/esco/skill/07889c08-7220-47c8-96f7-6068fbea00dc	normalise data	skill
258e46f9-0075-4a2e-adae-1ff0477e0f30	data scientist	essential	http://data.europa.eu/esco/skill/50b100ea-74fd-4706-99db-3e4ca55e51b8	perform data cleansing	skill
258e46f9-0075-4a2e-adae-1ff0477e0f30	data scientist	essential	http://data.europa.eu/esco/skill/6c08403c-a5bb-4868-b8c2-b7d039c0e511	design database scheme	skill
258e46f9-0075-4a2e-adae-1ff0477e0f30	data scientist	essential	http://data.europa.eu/esco/skill/505e4ef3-7ce4-437d-b7b4-5c608f71c258	build recommender systems	skill
258e46f9-0075-4a2e-adae-1ff0477e0f30	data scientist	essential	http://data.europa.eu/esco/skill/4f5c1208-62fd-4e5a-a51e-306c06947e11	manage findable accessible interoperable and reusable data	skill
258e46f9-0075-4a2e-adae-1ff0477e0f30	data scientist	essential	http://data.europa.eu/esco/skill/1b70a55d-b8a4-49fc-96c6-15ab4cff2522	use data processing techniques	skill
258e46f9-0075-4a2e-adae-1ff0477e0f30	data scientist	essential	http://data.europa.eu/esco/skill/c3c2420c-ce9a-4371-8eed-1db479c3a562	write scientific publications	skill
258e46f9-0075-4a2e-adae-1ff0477e0f30	data scientist	essential	http://data.europa.eu/esco/skill/4463a721-69f3-413d-8321-43e3af13a4f1	use databases	skill
258e46f9-0075-4a2e-adae-1ff0477e0f30	data scientist	essential	http://data.europa.eu/esco/skill/00b9a3aa-7070-4bb5-8020-f228a97cf42f	draft scientific or academic papers and technical documentation	skill
258e46f9-0075-4a2e-adae-1ff0477e0f30	data scientist	essential	http://data.europa.eu/esco/skill/da930e2f-6047-4616-a598-bba8ecef3039	manage open publications	skill
258e46f9-0075-4a2e-adae-1ff0477e0f30	data scientist	essential	http://data.europa.eu/esco/skill/9cf681c7-89ec-470c-b651-7fe03786f586	query languages	knowledge
258e46f9-0075-4a2e-adae-1ff0477e0f30	data scientist	essential	http://data.europa.eu/esco/skill/2b1e2927-3542-48da-9063-02925e7562c1	disseminate results to the scientific community	skill
258e46f9-0075-4a2e-adae-1ff0477e0f30	data scientist	essential	http://data.europa.eu/esco/skill/4d39b27a-b34f-4c89-8d46-df844d42f728	increase the impact of science on policy and society	skill
258e46f9-0075-4a2e-adae-1ff0477e0f30	data scientist	essential	http://data.europa.eu/esco/skill/fecf8a0d-62c4-4e71-9b03-0f4fc2ad7bf5	data models	knowledge
258e46f9-0075-4a2e-adae-1ff0477e0f30	data scientist	essential	http://data.europa.eu/esco/skill/e9575f7f-053a-439e-8074-f93df3334e92	data ethics	knowledge
258e46f9-0075-4a2e-adae-1ff0477e0f30	data scientist	essential	http://data.europa.eu/esco/skill/872a1632-f1db-4feb-bb27-0a6a359b7591	promote open innovation in research	skill
258e46f9-0075-4a2e-adae-1ff0477e0f30	data scientist	essential	http://data.europa.eu/esco/skill/b0a3bb25-a02f-43ed-ab1f-994fa66a424a	online analytical processing	knowledge
258e46f9-0075-4a2e-adae-1ff0477e0f30	data scientist	essential	http://data.europa.eu/esco/skill/713fb616-118e-40bc-9366-4a69879a49d5	implement data quality processes	skill
258e46f9-0075-4a2e-adae-1ff0477e0f30	data scientist	essential	http://data.europa.eu/esco/skill/edebd83d-35f6-4ed5-a940-6c203d178c01	data science	knowledge
258e46f9-0075-4a2e-adae-1ff0477e0f30	data scientist	essential	http://data.europa.eu/esco/skill/4fabca9a-7435-4f33-b1da-3cdb00340fdc	perform scientific research	skill
258e46f9-0075-4a2e-adae-1ff0477e0f30	data scientist	essential	http://data.europa.eu/esco/skill/5f0082ab-2131-49b5-94d6-a1821daf57d6	apply for research funding	skill
258e46f9-0075-4a2e-adae-1ff0477e0f30	data scientist	essential	http://data.europa.eu/esco/skill/f7b071bf-4882-4cfc-ae0a-7e0e0ab94c61	conduct research across disciplines	skill
258e46f9-0075-4a2e-adae-1ff0477e0f30	data scientist	essential	http://data.europa.eu/esco/skill/a584a638-a2c0-4b3c-bdf3-a64f87225be9	mentor individuals	skill
258e46f9-0075-4a2e-adae-1ff0477e0f30	data scientist	essential	http://data.europa.eu/esco/skill/68ef0e4d-5542-4e64-84f4-752cce5a3c22	statistical modeling techniques	knowledge
258e46f9-0075-4a2e-adae-1ff0477e0f30	data scientist	essential	http://data.europa.eu/esco/skill/988f4ac3-a37c-4b0a-a40f-4e0e56b5919e	promote the transfer of knowledge	skill
258e46f9-0075-4a2e-adae-1ff0477e0f30	data scientist	essential	http://data.europa.eu/esco/skill/25f0ea33-b4a2-4f31-b7b4-7d20e827b180	data mining	knowledge
258e46f9-0075-4a2e-adae-1ff0477e0f30	data scientist	essential	http://data.europa.eu/esco/skill/9a58cd26-58eb-4a1c-b1b6-64037fe9cfa1	think abstractly	skill
258e46f9-0075-4a2e-adae-1ff0477e0f30	data scientist	essential	http://data.europa.eu/esco/skill/979cf728-896f-4f2c-8fa8-2698ca0d4930	publish academic research	skill
258e46f9-0075-4a2e-adae-1ff0477e0f30	data scientist	essential	http://data.europa.eu/esco/skill/99207709-d076-4cce-ba38-e90d3bb28806	resource description framework query language	knowledge
258e46f9-0075-4a2e-adae-1ff0477e0f30	data scientist	essential	http://data.europa.eu/esco/skill/6360a934-cc87-4954-9656-b32db20592e3	quantitative analysis	knowledge
258e46f9-0075-4a2e-adae-1ff0477e0f30	data scientist	essential	http://data.europa.eu/esco/skill/48db96bf-3314-45c6-bad8-fdb6e20e5639	data engineering	knowledge
258e46f9-0075-4a2e-adae-1ff0477e0f30	data scientist	essential	http://data.europa.eu/esco/skill/fa642fc3-5cc5-41cf-8926-6617a8b976a7	promote the participation of citizens in scientific and research activities	skill
258e46f9-0075-4a2e-adae-1ff0477e0f30	data scientist	essential	http://data.europa.eu/esco/skill/93aaf65c-5aad-4e6f-a7ba-ce9bf7c0e6e6	information categorisation	knowledge
258e46f9-0075-4a2e-adae-1ff0477e0f30	data scientist	essential	http://data.europa.eu/esco/skill/696e3b5b-8b61-45af-ae4c-3ab700f197ec	information extraction	knowledge
258e46f9-0075-4a2e-adae-1ff0477e0f30	data scientist	essential	http://data.europa.eu/esco/skill/c544a9f3-5945-4b54-afed-de0697852817	report analysis results	skill
258e46f9-0075-4a2e-adae-1ff0477e0f30	data scientist	essential	http://data.europa.eu/esco/skill/4a193795-fa63-414e-9f2e-bfdb3924571e	handle data samples	skill
258e46f9-0075-4a2e-adae-1ff0477e0f30	data scientist	essential	http://data.europa.eu/esco/skill/f6ac6241-adb2-4ce2-b35f-09832cbb11ea	empirical analysis	knowledge
258e46f9-0075-4a2e-adae-1ff0477e0f30	data scientist	essential	http://data.europa.eu/esco/skill/cd5efa8c-e44d-4cbc-91c6-796018dbed68	perform project management	skill
258e46f9-0075-4a2e-adae-1ff0477e0f30	data scientist	essential	http://data.europa.eu/esco/skill/08b04e53-ed25-41a2-9f90-0b9cd939ba3d	manage research data	skill
258e46f9-0075-4a2e-adae-1ff0477e0f30	data scientist	essential	http://data.europa.eu/esco/skill/f715be1d-5fc4-49d3-82a5-0b8090d12849	synthesise information	skill
258e46f9-0075-4a2e-adae-1ff0477e0f30	data scientist	essential	http://data.europa.eu/esco/skill/833289fa-3646-4010-9d9e-93ba8c9ef2d8	apply research ethics and scientific integrity principles in research activities	skill
258e46f9-0075-4a2e-adae-1ff0477e0f30	data scientist	essential	http://data.europa.eu/esco/skill/4134622c-c3fb-4a41-beb6-6d58ba5107db	demonstrate disciplinary expertise	skill
258e46f9-0075-4a2e-adae-1ff0477e0f30	data scientist	essential	http://data.europa.eu/esco/skill/65e58886-bd1e-4c5b-8ca5-8d9b353c8aa1	data visualisation software	knowledge
258e46f9-0075-4a2e-adae-1ff0477e0f30	data scientist	essential	http://data.europa.eu/esco/skill/a80fb090-63f4-4b05-83a5-2f090deb7757	manage data collection systems	skill
258e46f9-0075-4a2e-adae-1ff0477e0f30	data scientist	essential	http://data.europa.eu/esco/skill/f9670490-8aa4-4540-b121-d440a8294aab	develop data processing applications	skill
258e46f9-0075-4a2e-adae-1ff0477e0f30	data scientist	essential	http://data.europa.eu/esco/skill/518dc04d-092d-4fa1-bd82-88b7a9278ef7	manage intellectual property rights	skill
258e46f9-0075-4a2e-adae-1ff0477e0f30	data scientist	essential	http://data.europa.eu/esco/skill/31c69100-b612-4a61-8db5-fd314318854c	execute analytical mathematical calculations	skill
258e46f9-0075-4a2e-adae-1ff0477e0f30	data scientist	essential	http://data.europa.eu/esco/skill/cd50d616-1f8b-481e-983f-68d2674ff82d	integrate gender dimension in research	skill
258e46f9-0075-4a2e-adae-1ff0477e0f30	data scientist	essential	http://data.europa.eu/esco/skill/348b74cd-49ce-4844-8bdf-ec188b497213	visual presentation techniques	knowledge
258e46f9-0075-4a2e-adae-1ff0477e0f30	data scientist	essential	http://data.europa.eu/esco/skill/7ee4c2ea-b349-4bd2-81a3-ec31475d4833	statistics	knowledge
258e46f9-0075-4a2e-adae-1ff0477e0f30	data scientist	essential	http://data.europa.eu/esco/skill/74e49482-75e8-4637-bdb1-fff868d02f7a	scientific literature	knowledge
258e46f9-0075-4a2e-adae-1ff0477e0f30	data scientist	essential	http://data.europa.eu/esco/skill/2de4572a-4724-4f76-afc2-72a568a264ac	speak different languages	skill
258e46f9-0075-4a2e-adae-1ff0477e0f30	data scientist	essential	http://data.europa.eu/esco/skill/cc61f9e5-d4fc-470e-8606-1ce865ff8386	develop professional network with researchers and scientists	skill
258e46f9-0075-4a2e-adae-1ff0477e0f30	data scientist	essential	http://data.europa.eu/esco/skill/ff64e9fc-36dd-4035-872a-83aa41dc1ad9	communicate with a non-scientific audience	skill
258e46f9-0075-4a2e-adae-1ff0477e0f30	data scientist	essential	http://data.europa.eu/esco/skill/79e29b8b-47d1-470d-b7b1-32506bfe7d9a	collect ICT data	skill
258e46f9-0075-4a2e-adae-1ff0477e0f30	data scientist	essential	http://data.europa.eu/esco/skill/c3e36d05-8ae8-447f-bb2b-6f9409f85389	deliver visual presentation of data	skill
258e46f9-0075-4a2e-adae-1ff0477e0f30	data scientist	essential	http://data.europa.eu/esco/skill/2b34764d-637c-48f5-aa70-31e15c965db6	operate open source software	skill
258e46f9-0075-4a2e-adae-1ff0477e0f30	data scientist	optional	http://data.europa.eu/esco/skill/f597f772-24d3-4cec-813c-cf5a7027c794	N1QL	knowledge
258e46f9-0075-4a2e-adae-1ff0477e0f30	data scientist	optional	http://data.europa.eu/esco/skill/7e796b51-49d7-4e73-95af-2e7323763f15	design database in the cloud	skill
258e46f9-0075-4a2e-adae-1ff0477e0f30	data scientist	optional	http://data.europa.eu/esco/skill/8f6ed69b-29d0-4c01-81ba-f05920a185f3	digital curation	knowledge
258e46f9-0075-4a2e-adae-1ff0477e0f30	data scientist	optional	http://data.europa.eu/esco/skill/4cd85845-f31c-4306-994d-e12d45114d83	teach in academic or vocational contexts	skill
258e46f9-0075-4a2e-adae-1ff0477e0f30	data scientist	optional	http://data.europa.eu/esco/skill/b363bb5f-2c79-40af-94da-33e06f9dee9f	apply blended learning	skill
258e46f9-0075-4a2e-adae-1ff0477e0f30	data scientist	optional	http://data.europa.eu/esco/skill/a1eef0f4-133f-464a-a8f1-68fe3e8cc1b4	healthcare analytics	knowledge
258e46f9-0075-4a2e-adae-1ff0477e0f30	data scientist	optional	http://data.europa.eu/esco/skill/1973c966-f236-40c9-b2d4-5d71a89019be	use spreadsheets software	skill
258e46f9-0075-4a2e-adae-1ff0477e0f30	data scientist	optional	http://data.europa.eu/esco/skill/e46291c7-52b9-4174-bd59-178884861038	Hadoop	knowledge
258e46f9-0075-4a2e-adae-1ff0477e0f30	data scientist	optional	http://data.europa.eu/esco/skill/7159e587-c7cb-4ec0-a662-03e1dee2cccb	research design	knowledge
258e46f9-0075-4a2e-adae-1ff0477e0f30	data scientist	optional	http://data.europa.eu/esco/skill/9ff9db9d-d14b-426e-83f3-e7449af6c79f	manage data	skill
258e46f9-0075-4a2e-adae-1ff0477e0f30	data scientist	optional	http://data.europa.eu/esco/skill/03a74eee-2dc6-4147-8667-5cdeb65f122d	manage ICT data classification	skill
258e46f9-0075-4a2e-adae-1ff0477e0f30	data scientist	optional	http://data.europa.eu/esco/skill/a57a54b6-2f2e-43e4-9621-b52f4a63cb08	LDAP	knowledge
258e46f9-0075-4a2e-adae-1ff0477e0f30	data scientist	optional	http://data.europa.eu/esco/skill/fbafa41f-cd05-4109-a649-8b44d306d779	create data models	skill
258e46f9-0075-4a2e-adae-1ff0477e0f30	data scientist	optional	http://data.europa.eu/esco/skill/4d85b881-e490-4b4c-897a-2faa4ef53956	manage ICT data architecture	skill
258e46f9-0075-4a2e-adae-1ff0477e0f30	data scientist	optional	http://data.europa.eu/esco/skill/46ec0033-3c71-415e-bcff-b065675ba2dc	integrate ICT data	skill
258e46f9-0075-4a2e-adae-1ff0477e0f30	data scientist	optional	http://data.europa.eu/esco/skill/cc7370dd-69fa-4c67-a96f-d4d135d38700	data quality assessment	knowledge
258e46f9-0075-4a2e-adae-1ff0477e0f30	data scientist	optional	http://data.europa.eu/esco/skill/9fc400ac-8ed2-4aff-915f-aa4f2609ec7b	multidisciplinary research	knowledge
258e46f9-0075-4a2e-adae-1ff0477e0f30	data scientist	optional	http://data.europa.eu/esco/skill/54c9c155-9293-4329-8ed2-2e76e8b519d4	define data quality criteria	skill
258e46f9-0075-4a2e-adae-1ff0477e0f30	data scientist	optional	http://data.europa.eu/esco/skill/d38871eb-b988-495e-8fca-345677b597a8	state estimation	knowledge
258e46f9-0075-4a2e-adae-1ff0477e0f30	data scientist	optional	http://data.europa.eu/esco/skill/45f1ae17-c20d-40fc-9307-7d33b6ca9213	image recognition	knowledge
258e46f9-0075-4a2e-adae-1ff0477e0f30	data scientist	optional	http://data.europa.eu/esco/skill/e464363b-8346-421d-9035-52118b76d8c8	computational biology	knowledge
258e46f9-0075-4a2e-adae-1ff0477e0f30	data scientist	optional	http://data.europa.eu/esco/skill/98a1dec3-8138-4f46-a596-5e2a83b884b9	business analytics	knowledge
258e46f9-0075-4a2e-adae-1ff0477e0f30	data scientist	optional	http://data.europa.eu/esco/skill/5b26f08b-88bc-45f0-b901-530d7786466b	scientific computing	knowledge
258e46f9-0075-4a2e-adae-1ff0477e0f30	data scientist	optional	http://data.europa.eu/esco/skill/1b7c716e-af95-4cda-a42f-6479c8b139f5	MDX	knowledge
258e46f9-0075-4a2e-adae-1ff0477e0f30	data scientist	optional	http://data.europa.eu/esco/skill/3f4dab51-572b-4e2c-85ef-3b4c3f7094e1	XQuery	knowledge
258e46f9-0075-4a2e-adae-1ff0477e0f30	data scientist	optional	http://data.europa.eu/esco/skill/c5e8abde-d2ba-4e8e-a65e-720b71180666	unstructured data	knowledge
258e46f9-0075-4a2e-adae-1ff0477e0f30	data scientist	optional	http://data.europa.eu/esco/skill/33e584f9-ff7a-4979-bfc0-5a3a374a145a	social network analysis	knowledge
258e46f9-0075-4a2e-adae-1ff0477e0f30	data scientist	optional	http://data.europa.eu/esco/skill/5da8018b-ae85-4cde-ad93-0394369018f3	SPARQL	knowledge
258e46f9-0075-4a2e-adae-1ff0477e0f30	data scientist	optional	http://data.europa.eu/esco/skill/4216e465-7baa-4884-a241-54b197bb9278	perform data mining	skill
258e46f9-0075-4a2e-adae-1ff0477e0f30	data scientist	optional	http://data.europa.eu/esco/skill/c7d24594-0c11-4b27-9039-fe0bb903da8e	LINQ	knowledge
258e46f9-0075-4a2e-adae-1ff0477e0f30	data scientist	optional	http://data.europa.eu/esco/skill/11c56452-fcec-4b00-9695-cca4728e5048	marketing analytics	knowledge
258e46f9-0075-4a2e-adae-1ff0477e0f30	data scientist	optional	http://data.europa.eu/esco/skill/143769cb-b61e-47d8-a61e-eedfbec1016c	business intelligence	knowledge
258e46f9-0075-4a2e-adae-1ff0477e0f30	data scientist	optional	http://data.europa.eu/esco/skill/be20d05c-f6b4-4580-9fcf-f00f4baab562	make data-driven decisions	skill
258e46f9-0075-4a2e-adae-1ff0477e0f30	data scientist	optional	http://data.europa.eu/esco/skill/0823ccef-813f-4f22-afef-ac0d68615e8f	computer simulation	knowledge
ac8b3cd1-a127-4e6a-8208-5cfcf7111955	statistician	essential	http://data.europa.eu/esco/skill/cd5efa8c-e44d-4cbc-91c6-796018dbed68	perform project management	skill
ac8b3cd1-a127-4e6a-8208-5cfcf7111955	statistician	essential	http://data.europa.eu/esco/skill/cd50d616-1f8b-481e-983f-68d2674ff82d	integrate gender dimension in research	skill
ac8b3cd1-a127-4e6a-8208-5cfcf7111955	statistician	essential	http://data.europa.eu/esco/skill/c3c2420c-ce9a-4371-8eed-1db479c3a562	write scientific publications	skill
ac8b3cd1-a127-4e6a-8208-5cfcf7111955	statistician	essential	http://data.europa.eu/esco/skill/7a34b3d9-bd3b-4f4e-a0f6-f97439901cb7	apply scientific methods	skill
ac8b3cd1-a127-4e6a-8208-5cfcf7111955	statistician	essential	http://data.europa.eu/esco/skill/629685b8-5f9e-4522-8cff-b3e2c4ec625a	digital data processing	
ac8b3cd1-a127-4e6a-8208-5cfcf7111955	statistician	essential	http://data.europa.eu/esco/skill/da930e2f-6047-4616-a598-bba8ecef3039	manage open publications	skill
ac8b3cd1-a127-4e6a-8208-5cfcf7111955	statistician	essential	http://data.europa.eu/esco/skill/f715be1d-5fc4-49d3-82a5-0b8090d12849	synthesise information	skill
ac8b3cd1-a127-4e6a-8208-5cfcf7111955	statistician	essential	http://data.europa.eu/esco/skill/872a1632-f1db-4feb-bb27-0a6a359b7591	promote open innovation in research	skill
ac8b3cd1-a127-4e6a-8208-5cfcf7111955	statistician	essential	http://data.europa.eu/esco/skill/4d39b27a-b34f-4c89-8d46-df844d42f728	increase the impact of science on policy and society	skill
ac8b3cd1-a127-4e6a-8208-5cfcf7111955	statistician	essential	http://data.europa.eu/esco/skill/988f4ac3-a37c-4b0a-a40f-4e0e56b5919e	promote the transfer of knowledge	skill
ac8b3cd1-a127-4e6a-8208-5cfcf7111955	statistician	essential	http://data.europa.eu/esco/skill/382c11ed-20d5-4ae7-b60e-15fec527fa6c	apply statistical analysis techniques	skill
ac8b3cd1-a127-4e6a-8208-5cfcf7111955	statistician	essential	http://data.europa.eu/esco/skill/4134622c-c3fb-4a41-beb6-6d58ba5107db	demonstrate disciplinary expertise	skill
ac8b3cd1-a127-4e6a-8208-5cfcf7111955	statistician	essential	http://data.europa.eu/esco/skill/833289fa-3646-4010-9d9e-93ba8c9ef2d8	apply research ethics and scientific integrity principles in research activities	skill
ac8b3cd1-a127-4e6a-8208-5cfcf7111955	statistician	essential	http://data.europa.eu/esco/skill/a8d24a95-47b3-4f88-92e7-06600bcd3612	manage personal professional development	skill
ac8b3cd1-a127-4e6a-8208-5cfcf7111955	statistician	essential	http://data.europa.eu/esco/skill/a584a638-a2c0-4b3c-bdf3-a64f87225be9	mentor individuals	skill
ac8b3cd1-a127-4e6a-8208-5cfcf7111955	statistician	essential	http://data.europa.eu/esco/skill/6360a934-cc87-4954-9656-b32db20592e3	quantitative analysis	knowledge
ac8b3cd1-a127-4e6a-8208-5cfcf7111955	statistician	essential	http://data.europa.eu/esco/skill/68ef0e4d-5542-4e64-84f4-752cce5a3c22	statistical modeling techniques	knowledge
ac8b3cd1-a127-4e6a-8208-5cfcf7111955	statistician	essential	http://data.europa.eu/esco/skill/fa642fc3-5cc5-41cf-8926-6617a8b976a7	promote the participation of citizens in scientific and research activities	skill
ac8b3cd1-a127-4e6a-8208-5cfcf7111955	statistician	essential	http://data.europa.eu/esco/skill/e9575f7f-053a-439e-8074-f93df3334e92	data ethics	knowledge
ac8b3cd1-a127-4e6a-8208-5cfcf7111955	statistician	essential	http://data.europa.eu/esco/skill/9a58cd26-58eb-4a1c-b1b6-64037fe9cfa1	think abstractly	skill
ac8b3cd1-a127-4e6a-8208-5cfcf7111955	statistician	essential	http://data.europa.eu/esco/skill/cc7370dd-69fa-4c67-a96f-d4d135d38700	data quality assessment	knowledge
ac8b3cd1-a127-4e6a-8208-5cfcf7111955	statistician	essential	http://data.europa.eu/esco/skill/08b04e53-ed25-41a2-9f90-0b9cd939ba3d	manage research data	skill
ac8b3cd1-a127-4e6a-8208-5cfcf7111955	statistician	essential	http://data.europa.eu/esco/skill/2b34764d-637c-48f5-aa70-31e15c965db6	operate open source software	skill
ac8b3cd1-a127-4e6a-8208-5cfcf7111955	statistician	essential	http://data.europa.eu/esco/skill/2de4572a-4724-4f76-afc2-72a568a264ac	speak different languages	skill
ac8b3cd1-a127-4e6a-8208-5cfcf7111955	statistician	essential	http://data.europa.eu/esco/skill/7ee4c2ea-b349-4bd2-81a3-ec31475d4833	statistics	knowledge
ac8b3cd1-a127-4e6a-8208-5cfcf7111955	statistician	essential	http://data.europa.eu/esco/skill/979cf728-896f-4f2c-8fa8-2698ca0d4930	publish academic research	skill
ac8b3cd1-a127-4e6a-8208-5cfcf7111955	statistician	essential	http://data.europa.eu/esco/skill/4f5c1208-62fd-4e5a-a51e-306c06947e11	manage findable accessible interoperable and reusable data	skill
ac8b3cd1-a127-4e6a-8208-5cfcf7111955	statistician	essential	http://data.europa.eu/esco/skill/ad59afe4-6f8a-4bc4-acfd-0f228277508a	statistical analysis system software	knowledge
ac8b3cd1-a127-4e6a-8208-5cfcf7111955	statistician	essential	http://data.europa.eu/esco/skill/2b1e2927-3542-48da-9063-02925e7562c1	disseminate results to the scientific community	skill
ac8b3cd1-a127-4e6a-8208-5cfcf7111955	statistician	essential	http://data.europa.eu/esco/skill/0d6714c6-720e-4985-9791-5ab85d28da79	gather data	skill
ac8b3cd1-a127-4e6a-8208-5cfcf7111955	statistician	essential	http://data.europa.eu/esco/skill/ff64e9fc-36dd-4035-872a-83aa41dc1ad9	communicate with a non-scientific audience	skill
ac8b3cd1-a127-4e6a-8208-5cfcf7111955	statistician	essential	http://data.europa.eu/esco/skill/8316979b-df5a-4dc7-98ef-61ec6a10df84	conduct quantitative research	skill
ac8b3cd1-a127-4e6a-8208-5cfcf7111955	statistician	essential	http://data.europa.eu/esco/skill/5f0082ab-2131-49b5-94d6-a1821daf57d6	apply for research funding	skill
ac8b3cd1-a127-4e6a-8208-5cfcf7111955	statistician	essential	http://data.europa.eu/esco/skill/7159e587-c7cb-4ec0-a662-03e1dee2cccb	research design	knowledge
ac8b3cd1-a127-4e6a-8208-5cfcf7111955	statistician	essential	http://data.europa.eu/esco/skill/ed3f3dba-3a35-4ed5-b113-67f4d10ef4c8	scientific research methodology	knowledge
ac8b3cd1-a127-4e6a-8208-5cfcf7111955	statistician	essential	http://data.europa.eu/esco/skill/4339176e-3acd-4f7f-a5d9-445bee3d23f2	mathematics	knowledge
ac8b3cd1-a127-4e6a-8208-5cfcf7111955	statistician	essential	http://data.europa.eu/esco/skill/06670261-ea6b-4b52-a915-c7d4ff837f74	identify statistical patterns	skill
ac8b3cd1-a127-4e6a-8208-5cfcf7111955	statistician	essential	http://data.europa.eu/esco/skill/0760bfac-9a03-427a-ad84-ccd33a2f2ae8	mathematical modelling	knowledge
ac8b3cd1-a127-4e6a-8208-5cfcf7111955	statistician	essential	http://data.europa.eu/esco/skill/74e49482-75e8-4637-bdb1-fff868d02f7a	scientific literature	knowledge
ac8b3cd1-a127-4e6a-8208-5cfcf7111955	statistician	essential	http://data.europa.eu/esco/skill/20a8fe89-d4eb-4698-8521-8881c13377e0	interact professionally in research and professional environments	skill
ac8b3cd1-a127-4e6a-8208-5cfcf7111955	statistician	essential	http://data.europa.eu/esco/skill/edebd83d-35f6-4ed5-a940-6c203d178c01	data science	knowledge
ac8b3cd1-a127-4e6a-8208-5cfcf7111955	statistician	essential	http://data.europa.eu/esco/skill/39f67488-cfd3-4370-8d7e-da98163102d9	evaluate research activities	skill
ac8b3cd1-a127-4e6a-8208-5cfcf7111955	statistician	essential	http://data.europa.eu/esco/skill/31c69100-b612-4a61-8db5-fd314318854c	execute analytical mathematical calculations	skill
ac8b3cd1-a127-4e6a-8208-5cfcf7111955	statistician	essential	http://data.europa.eu/esco/skill/4fabca9a-7435-4f33-b1da-3cdb00340fdc	perform scientific research	skill
ac8b3cd1-a127-4e6a-8208-5cfcf7111955	statistician	essential	http://data.europa.eu/esco/skill/00b9a3aa-7070-4bb5-8020-f228a97cf42f	draft scientific or academic papers and technical documentation	skill
ac8b3cd1-a127-4e6a-8208-5cfcf7111955	statistician	essential	http://data.europa.eu/esco/skill/2b92a5b2-6758-4ee3-9fb4-b6387a55cc8f	perform data analysis	skill
ac8b3cd1-a127-4e6a-8208-5cfcf7111955	statistician	essential	http://data.europa.eu/esco/skill/f7b071bf-4882-4cfc-ae0a-7e0e0ab94c61	conduct research across disciplines	skill
ac8b3cd1-a127-4e6a-8208-5cfcf7111955	statistician	essential	http://data.europa.eu/esco/skill/f2d57f41-43b4-4f5b-8100-3df5c21eda50	process data	skill
ac8b3cd1-a127-4e6a-8208-5cfcf7111955	statistician	essential	http://data.europa.eu/esco/skill/518dc04d-092d-4fa1-bd82-88b7a9278ef7	manage intellectual property rights	skill
ac8b3cd1-a127-4e6a-8208-5cfcf7111955	statistician	essential	http://data.europa.eu/esco/skill/cc61f9e5-d4fc-470e-8606-1ce865ff8386	develop professional network with researchers and scientists	skill
ac8b3cd1-a127-4e6a-8208-5cfcf7111955	statistician	optional	http://data.europa.eu/esco/skill/1973c966-f236-40c9-b2d4-5d71a89019be	use spreadsheets software	skill
ac8b3cd1-a127-4e6a-8208-5cfcf7111955	statistician	optional	http://data.europa.eu/esco/skill/38d49d88-9069-467b-b29e-3cae739bdd4d	build predictive models	skill
ac8b3cd1-a127-4e6a-8208-5cfcf7111955	statistician	optional	http://data.europa.eu/esco/skill/9fc400ac-8ed2-4aff-915f-aa4f2609ec7b	multidisciplinary research	knowledge
ac8b3cd1-a127-4e6a-8208-5cfcf7111955	statistician	optional	http://data.europa.eu/esco/skill/f73ed9e8-65c6-450d-9f19-8f3f8266689c	design questionnaires	skill
ac8b3cd1-a127-4e6a-8208-5cfcf7111955	statistician	optional	http://data.europa.eu/esco/skill/91a36728-ce00-4293-bdac-4e24eced9c86	opinion poll	knowledge
ac8b3cd1-a127-4e6a-8208-5cfcf7111955	statistician	optional	http://data.europa.eu/esco/skill/5f00bf83-f776-4488-b312-6725f8b6783a	conduct public surveys	skill
ac8b3cd1-a127-4e6a-8208-5cfcf7111955	statistician	optional	http://data.europa.eu/esco/skill/20f57a7f-b90e-4403-8c77-5ddd89b5835b	prepare lesson content	skill
ac8b3cd1-a127-4e6a-8208-5cfcf7111955	statistician	optional	http://data.europa.eu/esco/skill/0ee7b0d6-db98-4785-9948-f2ef415d155a	write research proposals	skill
ac8b3cd1-a127-4e6a-8208-5cfcf7111955	statistician	optional	http://data.europa.eu/esco/skill/4f060129-8b75-4d58-a8dd-515bd8fef349	develop financial statistics reports	skill
ac8b3cd1-a127-4e6a-8208-5cfcf7111955	statistician	optional	http://data.europa.eu/esco/skill/0823ccef-813f-4f22-afef-ac0d68615e8f	computer simulation	knowledge
ac8b3cd1-a127-4e6a-8208-5cfcf7111955	statistician	optional	http://data.europa.eu/esco/skill/d39a5880-7d0a-4573-9f70-a75ff875bf83	provide lesson materials	skill
ac8b3cd1-a127-4e6a-8208-5cfcf7111955	statistician	optional	http://data.europa.eu/esco/skill/47a49cd6-097d-457a-9f7b-c290c14930d5	analyse big data	skill
ac8b3cd1-a127-4e6a-8208-5cfcf7111955	statistician	optional	http://data.europa.eu/esco/skill/a1eef0f4-133f-464a-a8f1-68fe3e8cc1b4	healthcare analytics	knowledge
ac8b3cd1-a127-4e6a-8208-5cfcf7111955	statistician	optional	http://data.europa.eu/esco/skill/b363bb5f-2c79-40af-94da-33e06f9dee9f	apply blended learning	skill
ac8b3cd1-a127-4e6a-8208-5cfcf7111955	statistician	optional	http://data.europa.eu/esco/skill/d6179c4b-ff5a-4bbb-a3c8-e0acf0de1f56	assist scientific research	skill
ac8b3cd1-a127-4e6a-8208-5cfcf7111955	statistician	optional	http://data.europa.eu/esco/skill/33e584f9-ff7a-4979-bfc0-5a3a374a145a	social network analysis	knowledge
ac8b3cd1-a127-4e6a-8208-5cfcf7111955	statistician	optional	http://data.europa.eu/esco/skill/ef30e7f8-1ef0-4a6f-87ac-d6a701125305	set theory	knowledge
ac8b3cd1-a127-4e6a-8208-5cfcf7111955	statistician	optional	http://data.europa.eu/esco/skill/8770350e-746f-4adb-9556-18ca68104be6	market research	knowledge
ac8b3cd1-a127-4e6a-8208-5cfcf7111955	statistician	optional	http://data.europa.eu/esco/skill/a56dec32-05ef-45de-a256-ee6741f356db	information confidentiality	knowledge
ac8b3cd1-a127-4e6a-8208-5cfcf7111955	statistician	optional	http://data.europa.eu/esco/skill/c3e36d05-8ae8-447f-bb2b-6f9409f85389	deliver visual presentation of data	skill
ac8b3cd1-a127-4e6a-8208-5cfcf7111955	statistician	optional	http://data.europa.eu/esco/skill/be727774-46d7-43d7-aee9-1a51b5cd8c71	carry out statistical forecasts	skill
ac8b3cd1-a127-4e6a-8208-5cfcf7111955	statistician	optional	http://data.europa.eu/esco/skill/4cd85845-f31c-4306-994d-e12d45114d83	teach in academic or vocational contexts	skill
ac8b3cd1-a127-4e6a-8208-5cfcf7111955	statistician	optional	http://data.europa.eu/esco/skill/57231a22-4da7-49c8-97b8-75672feadf1e	manage quantitative data	skill
ac8b3cd1-a127-4e6a-8208-5cfcf7111955	statistician	optional	http://data.europa.eu/esco/skill/dbdd03ec-f64f-4916-8a86-cc71d765cc20	advise on legislative acts	skill
ac8b3cd1-a127-4e6a-8208-5cfcf7111955	statistician	optional	http://data.europa.eu/esco/skill/c94dd931-f568-48e2-9a1c-922f1ce21f67	demography	knowledge
ac8b3cd1-a127-4e6a-8208-5cfcf7111955	statistician	optional	http://data.europa.eu/esco/skill/f88cb903-83a2-44a3-98a8-e72180ec37a9	plan research process	skill
ac8b3cd1-a127-4e6a-8208-5cfcf7111955	statistician	optional	http://data.europa.eu/esco/skill/11c56452-fcec-4b00-9695-cca4728e5048	marketing analytics	knowledge
ac8b3cd1-a127-4e6a-8208-5cfcf7111955	statistician	optional	http://data.europa.eu/esco/skill/29fb0fb5-dfc4-4098-ac9b-3a712000f48f	manage database	skill
ac8b3cd1-a127-4e6a-8208-5cfcf7111955	statistician	optional	http://data.europa.eu/esco/skill/810134a4-3c40-4140-b8ca-6d6e8d0dc0f1	develop scientific theories	skill
ac8b3cd1-a127-4e6a-8208-5cfcf7111955	statistician	optional	http://data.europa.eu/esco/skill/54924a2c-daca-40d3-9716-4b38ceb04f38	algorithms	knowledge
ac8b3cd1-a127-4e6a-8208-5cfcf7111955	statistician	optional	http://data.europa.eu/esco/skill/db77825e-0f3e-47d0-abdb-356794484272	use mathematical tools and equipment	skill
ac8b3cd1-a127-4e6a-8208-5cfcf7111955	statistician	optional	http://data.europa.eu/esco/skill/79c36c91-28a5-44b7-ab9b-7093b2d4b21e	advise on financial matters	skill
ac8b3cd1-a127-4e6a-8208-5cfcf7111955	statistician	optional	http://data.europa.eu/esco/skill/d0f2f8a7-d935-4a6d-8e54-dcc3e5e2cbeb	present reports	skill
ac8b3cd1-a127-4e6a-8208-5cfcf7111955	statistician	optional	http://data.europa.eu/esco/skill/3c35dfa4-6dae-45a5-ae0a-f6a45923a95f	biometrics	knowledge
ac8b3cd1-a127-4e6a-8208-5cfcf7111955	statistician	optional	http://data.europa.eu/esco/skill/bb165899-d95f-4433-95f2-173fefd716d2	develop statistical software	skill
35553663-deab-4d9a-bf22-15c1625d28e8	artificial intelligence engineer	essential	http://data.europa.eu/esco/skill/c5e8abde-d2ba-4e8e-a65e-720b71180666	unstructured data	knowledge
35553663-deab-4d9a-bf22-15c1625d28e8	artificial intelligence engineer	essential	http://data.europa.eu/esco/skill/1b70a55d-b8a4-49fc-96c6-15ab4cff2522	use data processing techniques	skill
35553663-deab-4d9a-bf22-15c1625d28e8	artificial intelligence engineer	essential	http://data.europa.eu/esco/skill/25f0ea33-b4a2-4f31-b7b4-7d20e827b180	data mining	knowledge
35553663-deab-4d9a-bf22-15c1625d28e8	artificial intelligence engineer	essential	http://data.europa.eu/esco/skill/03ff0d53-573a-47a0-a0ad-1995815a4339	information structure	knowledge
35553663-deab-4d9a-bf22-15c1625d28e8	artificial intelligence engineer	essential	http://data.europa.eu/esco/skill/906323f4-00c4-4c3b-ab5a-8af77be3456e	create data sets	skill
35553663-deab-4d9a-bf22-15c1625d28e8	artificial intelligence engineer	essential	http://data.europa.eu/esco/skill/21d2f96d-35f7-4e3f-9745-c533d2dd6e97	computer programming	knowledge
35553663-deab-4d9a-bf22-15c1625d28e8	artificial intelligence engineer	essential	http://data.europa.eu/esco/skill/1a4cc54f-1e53-442b-a6d2-1682dc8ef8f9	creatively use digital technologies	skill
35553663-deab-4d9a-bf22-15c1625d28e8	artificial intelligence engineer	essential	http://data.europa.eu/esco/skill/edebd83d-35f6-4ed5-a940-6c203d178c01	data science	knowledge
35553663-deab-4d9a-bf22-15c1625d28e8	artificial intelligence engineer	essential	http://data.europa.eu/esco/skill/98301d4a-2cc3-439d-8d7f-0b6ac76302bb	business process modelling	knowledge
35553663-deab-4d9a-bf22-15c1625d28e8	artificial intelligence engineer	essential	http://data.europa.eu/esco/skill/c3e36d05-8ae8-447f-bb2b-6f9409f85389	deliver visual presentation of data	skill
35553663-deab-4d9a-bf22-15c1625d28e8	artificial intelligence engineer	essential	http://data.europa.eu/esco/skill/629685b8-5f9e-4522-8cff-b3e2c4ec625a	digital data processing	
35553663-deab-4d9a-bf22-15c1625d28e8	artificial intelligence engineer	essential	http://data.europa.eu/esco/skill/7482a123-e801-48de-9733-262125671410	task algorithmisation	knowledge
35553663-deab-4d9a-bf22-15c1625d28e8	artificial intelligence engineer	essential	http://data.europa.eu/esco/skill/5608d5a0-6d5e-43b7-be37-616501729bb4	artificial neural networks	knowledge
35553663-deab-4d9a-bf22-15c1625d28e8	artificial intelligence engineer	essential	http://data.europa.eu/esco/skill/e465a154-93f7-4973-9ce1-31659fe16dd2	principles of artificial intelligence	knowledge
35553663-deab-4d9a-bf22-15c1625d28e8	artificial intelligence engineer	essential	http://data.europa.eu/esco/skill/09f2f811-a3fb-4de3-a70f-6420a6935575	systems development life-cycle	knowledge
35553663-deab-4d9a-bf22-15c1625d28e8	artificial intelligence engineer	essential	http://data.europa.eu/esco/skill/0823ccef-813f-4f22-afef-ac0d68615e8f	computer simulation	knowledge
35553663-deab-4d9a-bf22-15c1625d28e8	artificial intelligence engineer	essential	http://data.europa.eu/esco/skill/fecf8a0d-62c4-4e71-9b03-0f4fc2ad7bf5	data models	knowledge
35553663-deab-4d9a-bf22-15c1625d28e8	artificial intelligence engineer	essential	http://data.europa.eu/esco/skill/47a49cd6-097d-457a-9f7b-c290c14930d5	analyse big data	skill
35553663-deab-4d9a-bf22-15c1625d28e8	artificial intelligence engineer	essential	http://data.europa.eu/esco/skill/2c28fc20-8a60-4311-8899-5ef8729c05b3	design process	skill
35553663-deab-4d9a-bf22-15c1625d28e8	artificial intelligence engineer	essential	http://data.europa.eu/esco/skill/696e3b5b-8b61-45af-ae4c-3ab700f197ec	information extraction	knowledge
35553663-deab-4d9a-bf22-15c1625d28e8	artificial intelligence engineer	essential	http://data.europa.eu/esco/skill/54924a2c-daca-40d3-9716-4b38ceb04f38	algorithms	knowledge
35553663-deab-4d9a-bf22-15c1625d28e8	artificial intelligence engineer	essential	http://data.europa.eu/esco/skill/1bba98a7-92b9-450b-9235-e0c905f8f3c4	information architecture	knowledge
35553663-deab-4d9a-bf22-15c1625d28e8	artificial intelligence engineer	essential	http://data.europa.eu/esco/skill/93aaf65c-5aad-4e6f-a7ba-ce9bf7c0e6e6	information categorisation	knowledge
35553663-deab-4d9a-bf22-15c1625d28e8	artificial intelligence engineer	essential	http://data.europa.eu/esco/skill/99207709-d076-4cce-ba38-e90d3bb28806	resource description framework query language	knowledge
35553663-deab-4d9a-bf22-15c1625d28e8	artificial intelligence engineer	essential	http://data.europa.eu/esco/skill/cbe2c304-1e7d-489a-97d9-a7d3e37a9db6	apply ICT systems theory	skill
35553663-deab-4d9a-bf22-15c1625d28e8	artificial intelligence engineer	essential	http://data.europa.eu/esco/skill/bb165899-d95f-4433-95f2-173fefd716d2	develop statistical software	skill
35553663-deab-4d9a-bf22-15c1625d28e8	artificial intelligence engineer	essential	http://data.europa.eu/esco/skill/ccd0a1d9-afda-43d9-b901-96344886e14d	Python (computer programming)	knowledge
35553663-deab-4d9a-bf22-15c1625d28e8	artificial intelligence engineer	essential	http://data.europa.eu/esco/skill/d9e5349e-8791-49c2-8ba4-839fdd1606c2	define technical requirements	skill
35553663-deab-4d9a-bf22-15c1625d28e8	artificial intelligence engineer	essential	http://data.europa.eu/esco/skill/b04f377b-ee80-4b38-aca1-19d266a23b17	analyse business requirements	skill
35553663-deab-4d9a-bf22-15c1625d28e8	artificial intelligence engineer	essential	http://data.europa.eu/esco/skill/348b74cd-49ce-4844-8bdf-ec188b497213	visual presentation techniques	knowledge
35553663-deab-4d9a-bf22-15c1625d28e8	artificial intelligence engineer	essential	http://data.europa.eu/esco/skill/8c4c49d4-9708-433f-8ca7-bf2c5211ee49	develop creative ideas	skill
35553663-deab-4d9a-bf22-15c1625d28e8	artificial intelligence engineer	optional	http://data.europa.eu/esco/skill/8369ede5-4200-4a44-be2e-bc60ef959259	Microsoft Visual C++	knowledge
35553663-deab-4d9a-bf22-15c1625d28e8	artificial intelligence engineer	optional	http://data.europa.eu/esco/skill/6c08403c-a5bb-4868-b8c2-b7d039c0e511	design database scheme	skill
35553663-deab-4d9a-bf22-15c1625d28e8	artificial intelligence engineer	optional	http://data.europa.eu/esco/skill/8369c2d6-c100-4cf6-bd83-9668d8678433	utilise machine learning	skill
35553663-deab-4d9a-bf22-15c1625d28e8	artificial intelligence engineer	optional	http://data.europa.eu/esco/skill/000f1d3d-220f-4789-9c0a-cc742521fb02	Haskell	knowledge
35553663-deab-4d9a-bf22-15c1625d28e8	artificial intelligence engineer	optional	http://data.europa.eu/esco/skill/ecc4552a-92c5-4222-b18d-faf5ac841080	deep learning	knowledge
35553663-deab-4d9a-bf22-15c1625d28e8	artificial intelligence engineer	optional	http://data.europa.eu/esco/skill/9973a5a2-7822-4161-99e9-95c781eb63f8	Objective-C	knowledge
35553663-deab-4d9a-bf22-15c1625d28e8	artificial intelligence engineer	optional	http://data.europa.eu/esco/skill/0dc7aa1b-b5af-4f4b-81ce-ee22ed8b6926	assess ICT knowledge	skill
35553663-deab-4d9a-bf22-15c1625d28e8	artificial intelligence engineer	optional	http://data.europa.eu/esco/skill/da6393d5-a53c-4863-abc7-51f36281d74e	lean project management	knowledge
35553663-deab-4d9a-bf22-15c1625d28e8	artificial intelligence engineer	optional	http://data.europa.eu/esco/skill/38d49d88-9069-467b-b29e-3cae739bdd4d	build predictive models	skill
35553663-deab-4d9a-bf22-15c1625d28e8	artificial intelligence engineer	optional	http://data.europa.eu/esco/skill/993b1e23-f2de-4bd8-b33f-f86dde1c8e9d	CoffeeScript	knowledge
35553663-deab-4d9a-bf22-15c1625d28e8	artificial intelligence engineer	optional	http://data.europa.eu/esco/skill/0ccdfe98-f845-4598-84a1-3dca66e9d9a3	Ruby (computer programming)	knowledge
35553663-deab-4d9a-bf22-15c1625d28e8	artificial intelligence engineer	optional	http://data.europa.eu/esco/skill/553ad092-b799-44c9-a94c-65a84fdc7526	identify processes for re-engineering	skill
35553663-deab-4d9a-bf22-15c1625d28e8	artificial intelligence engineer	optional	http://data.europa.eu/esco/skill/d56fc2b5-4b0a-4e7e-9bde-a33736f6ff18	Scratch (computer programming)	knowledge
35553663-deab-4d9a-bf22-15c1625d28e8	artificial intelligence engineer	optional	http://data.europa.eu/esco/skill/f597f772-24d3-4cec-813c-cf5a7027c794	N1QL	knowledge
35553663-deab-4d9a-bf22-15c1625d28e8	artificial intelligence engineer	optional	http://data.europa.eu/esco/skill/def007fa-5fed-4a5f-91a2-b0d7e3db1be1	COBOL	knowledge
35553663-deab-4d9a-bf22-15c1625d28e8	artificial intelligence engineer	optional	http://data.europa.eu/esco/skill/47b9bbcf-356c-4782-83a4-7f5a1b2b51a3	Assembly (computer programming)	knowledge
35553663-deab-4d9a-bf22-15c1625d28e8	artificial intelligence engineer	optional	http://data.europa.eu/esco/skill/e8b89eb6-51e8-4c3a-babb-88b2e110376b	Pascal (computer programming)	knowledge
35553663-deab-4d9a-bf22-15c1625d28e8	artificial intelligence engineer	optional	http://data.europa.eu/esco/skill/d5a59ca8-2e91-472e-8571-d12ce4478679	Process-based management	knowledge
35553663-deab-4d9a-bf22-15c1625d28e8	artificial intelligence engineer	optional	http://data.europa.eu/esco/skill/034c29fa-c3ba-45ea-b8f3-bf8e3705e386	Erlang	knowledge
35553663-deab-4d9a-bf22-15c1625d28e8	artificial intelligence engineer	optional	http://data.europa.eu/esco/skill/0a9acb6b-1139-4be9-b431-3a80a959f2f4	Agile project management	knowledge
35553663-deab-4d9a-bf22-15c1625d28e8	artificial intelligence engineer	optional	http://data.europa.eu/esco/skill/9ef0f3a0-9ce2-4ef1-a987-0366b5cb2dbe	database development tools	knowledge
35553663-deab-4d9a-bf22-15c1625d28e8	artificial intelligence engineer	optional	http://data.europa.eu/esco/skill/98a1dec3-8138-4f46-a596-5e2a83b884b9	business analytics	knowledge
35553663-deab-4d9a-bf22-15c1625d28e8	artificial intelligence engineer	optional	http://data.europa.eu/esco/skill/726abd5a-d23c-44b9-abb0-f22bbe95f1d3	operational research	knowledge
35553663-deab-4d9a-bf22-15c1625d28e8	artificial intelligence engineer	optional	http://data.europa.eu/esco/skill/7b0d5000-00da-4864-b776-6de49a87a669	computer vision	knowledge
35553663-deab-4d9a-bf22-15c1625d28e8	artificial intelligence engineer	optional	http://data.europa.eu/esco/skill/03a74eee-2dc6-4147-8667-5cdeb65f122d	manage ICT data classification	skill
35553663-deab-4d9a-bf22-15c1625d28e8	artificial intelligence engineer	optional	http://data.europa.eu/esco/skill/b0096dc5-2e2d-4bc1-8172-05bf486c3968	design application interfaces	skill
35553663-deab-4d9a-bf22-15c1625d28e8	artificial intelligence engineer	optional	http://data.europa.eu/esco/skill/19a8293b-8e95-4de3-983f-77484079c389	Java (computer programming)	knowledge
35553663-deab-4d9a-bf22-15c1625d28e8	artificial intelligence engineer	optional	http://data.europa.eu/esco/skill/4d30ad07-9e39-4899-81dd-02b280f162f9	apply systemic design thinking	skill
35553663-deab-4d9a-bf22-15c1625d28e8	artificial intelligence engineer	optional	http://data.europa.eu/esco/skill/4c016b68-4116-468c-9dc6-42710c239e4a	C#	knowledge
35553663-deab-4d9a-bf22-15c1625d28e8	artificial intelligence engineer	optional	http://data.europa.eu/esco/skill/fda917eb-0d6a-4371-8c93-2a10bf950966	manage ICT semantic integration	skill
35553663-deab-4d9a-bf22-15c1625d28e8	artificial intelligence engineer	optional	http://data.europa.eu/esco/skill/bb99af26-71ff-4dca-bde7-1eb1f6194426	SAP R3	knowledge
35553663-deab-4d9a-bf22-15c1625d28e8	artificial intelligence engineer	optional	http://data.europa.eu/esco/skill/be80acfc-b6f2-4411-9b8d-b19d9cd2556a	Swift (computer programming)	knowledge
35553663-deab-4d9a-bf22-15c1625d28e8	artificial intelligence engineer	optional	http://data.europa.eu/esco/skill/3cd569a2-4f88-4c1e-9995-8dce8c5e51a7	JavaScript	knowledge
35553663-deab-4d9a-bf22-15c1625d28e8	artificial intelligence engineer	optional	http://data.europa.eu/esco/skill/505e4ef3-7ce4-437d-b7b4-5c608f71c258	build recommender systems	skill
35553663-deab-4d9a-bf22-15c1625d28e8	artificial intelligence engineer	optional	http://data.europa.eu/esco/skill/3e2ab38a-4519-4bef-b762-a8bf4836a775	perform dimensionality reduction	skill
35553663-deab-4d9a-bf22-15c1625d28e8	artificial intelligence engineer	optional	http://data.europa.eu/esco/skill/41bf7ede-fc84-4a57-8c89-b548d11b0ba1	manage business knowledge	skill
35553663-deab-4d9a-bf22-15c1625d28e8	artificial intelligence engineer	optional	http://data.europa.eu/esco/skill/5da8018b-ae85-4cde-ad93-0394369018f3	SPARQL	knowledge
35553663-deab-4d9a-bf22-15c1625d28e8	artificial intelligence engineer	optional	http://data.europa.eu/esco/skill/867137fb-ff1b-4ca3-99f3-cb6969aa2c68	TypeScript	knowledge
35553663-deab-4d9a-bf22-15c1625d28e8	artificial intelligence engineer	optional	http://data.europa.eu/esco/skill/401eb8d8-6daa-4f8b-90ad-60afc71eb4f8	Perl	knowledge
35553663-deab-4d9a-bf22-15c1625d28e8	artificial intelligence engineer	optional	http://data.europa.eu/esco/skill/2bde42ae-e776-41c1-9ded-b07b30bfe985	Prolog (computer programming)	knowledge
35553663-deab-4d9a-bf22-15c1625d28e8	artificial intelligence engineer	optional	http://data.europa.eu/esco/skill/51586df8-1c46-4b47-8583-773cb63bf00b	R	knowledge
35553663-deab-4d9a-bf22-15c1625d28e8	artificial intelligence engineer	optional	http://data.europa.eu/esco/skill/ffddfc7c-a9dd-449f-9e96-882dc447c8b6	Scala	knowledge
35553663-deab-4d9a-bf22-15c1625d28e8	artificial intelligence engineer	optional	http://data.europa.eu/esco/skill/4350c38d-0fe9-4ca7-bab9-40ed7f72b04f	PHP	knowledge
35553663-deab-4d9a-bf22-15c1625d28e8	artificial intelligence engineer	optional	http://data.europa.eu/esco/skill/52cf3037-ab53-4806-85ed-7fd21ea7f6a1	Groovy	knowledge
35553663-deab-4d9a-bf22-15c1625d28e8	artificial intelligence engineer	optional	http://data.europa.eu/esco/skill/04f1b938-d4d4-4cb1-a863-982af76b9d93	SAS language	knowledge
35553663-deab-4d9a-bf22-15c1625d28e8	artificial intelligence engineer	optional	http://data.europa.eu/esco/skill/a4d336a6-9ffd-402a-91cc-f359716ba4e0	ML (computer programming)	knowledge
35553663-deab-4d9a-bf22-15c1625d28e8	artificial intelligence engineer	optional	http://data.europa.eu/esco/skill/b633eb55-8f1f-4ae6-ab4c-2022ffe2cb7f	C++	knowledge
35553663-deab-4d9a-bf22-15c1625d28e8	artificial intelligence engineer	optional	http://data.europa.eu/esco/skill/300d432b-f457-4cd3-9cb1-1858c7d14954	OpenEdge Advanced Business Language	knowledge
35553663-deab-4d9a-bf22-15c1625d28e8	artificial intelligence engineer	optional	http://data.europa.eu/esco/skill/0de61385-de6d-4146-ba32-1cc1bc102220	Lisp	knowledge
35553663-deab-4d9a-bf22-15c1625d28e8	artificial intelligence engineer	optional	http://data.europa.eu/esco/skill/dc72ad0a-c5dc-4abd-bc0d-ca43e82162e1	build business relationships	skill
35553663-deab-4d9a-bf22-15c1625d28e8	artificial intelligence engineer	optional	http://data.europa.eu/esco/skill/bec4359e-cb92-468f-a997-8fb28e32fba9	ICT project management methodologies	knowledge
35553663-deab-4d9a-bf22-15c1625d28e8	artificial intelligence engineer	optional	http://data.europa.eu/esco/skill/dcdd5ddf-82a6-4ac3-8edc-d4b23cae9a88	VBScript	knowledge
35553663-deab-4d9a-bf22-15c1625d28e8	artificial intelligence engineer	optional	http://data.europa.eu/esco/skill/c7d24594-0c11-4b27-9039-fe0bb903da8e	LINQ	knowledge
35553663-deab-4d9a-bf22-15c1625d28e8	artificial intelligence engineer	optional	http://data.europa.eu/esco/skill/0cd6dcf1-5778-42a5-b685-4d01ae4a4871	Common Lisp	knowledge
35553663-deab-4d9a-bf22-15c1625d28e8	artificial intelligence engineer	optional	http://data.europa.eu/esco/skill/143769cb-b61e-47d8-a61e-eedfbec1016c	business intelligence	knowledge
35553663-deab-4d9a-bf22-15c1625d28e8	artificial intelligence engineer	optional	http://data.europa.eu/esco/skill/13bdd41a-2a18-441f-96db-41252c519413	Visual Basic	knowledge
35553663-deab-4d9a-bf22-15c1625d28e8	artificial intelligence engineer	optional	http://data.europa.eu/esco/skill/42ed3bfb-1a01-4c8b-9758-fc6438865734	Smalltalk (computer programming)	knowledge
35553663-deab-4d9a-bf22-15c1625d28e8	artificial intelligence engineer	optional	http://data.europa.eu/esco/skill/c3a03c5a-c260-4c26-9b9a-873abb396f4d	MATLAB	knowledge
7086d0ca-1e77-4690-89c9-7ed1a0478fa3	data quality specialist	essential	http://data.europa.eu/esco/skill/07889c08-7220-47c8-96f7-6068fbea00dc	normalise data	skill
7086d0ca-1e77-4690-89c9-7ed1a0478fa3	data quality specialist	essential	http://data.europa.eu/esco/skill/c544a9f3-5945-4b54-afed-de0697852817	report analysis results	skill
7086d0ca-1e77-4690-89c9-7ed1a0478fa3	data quality specialist	essential	http://data.europa.eu/esco/skill/713fb616-118e-40bc-9366-4a69879a49d5	implement data quality processes	skill
7086d0ca-1e77-4690-89c9-7ed1a0478fa3	data quality specialist	essential	http://data.europa.eu/esco/skill/697dcc9f-ae92-4506-b5f2-e770d7589f74	utilise regular expressions	skill
7086d0ca-1e77-4690-89c9-7ed1a0478fa3	data quality specialist	essential	http://data.europa.eu/esco/skill/99207709-d076-4cce-ba38-e90d3bb28806	resource description framework query language	knowledge
7086d0ca-1e77-4690-89c9-7ed1a0478fa3	data quality specialist	essential	http://data.europa.eu/esco/skill/b9f16465-56a9-426b-a047-0f9f1f95ec92	address problems critically	skill
7086d0ca-1e77-4690-89c9-7ed1a0478fa3	data quality specialist	essential	http://data.europa.eu/esco/skill/50b100ea-74fd-4706-99db-3e4ca55e51b8	perform data cleansing	skill
7086d0ca-1e77-4690-89c9-7ed1a0478fa3	data quality specialist	essential	http://data.europa.eu/esco/skill/cb5cccc9-abe4-4b11-abe6-d27e5cd85fb1	manage standards for data exchange	skill
7086d0ca-1e77-4690-89c9-7ed1a0478fa3	data quality specialist	essential	http://data.europa.eu/esco/skill/9cf681c7-89ec-470c-b651-7fe03786f586	query languages	knowledge
7086d0ca-1e77-4690-89c9-7ed1a0478fa3	data quality specialist	essential	http://data.europa.eu/esco/skill/54c9c155-9293-4329-8ed2-2e76e8b519d4	define data quality criteria	skill
7086d0ca-1e77-4690-89c9-7ed1a0478fa3	data quality specialist	essential	http://data.europa.eu/esco/skill/9ff9db9d-d14b-426e-83f3-e7449af6c79f	manage data	skill
7086d0ca-1e77-4690-89c9-7ed1a0478fa3	data quality specialist	essential	http://data.europa.eu/esco/skill/e9575f7f-053a-439e-8074-f93df3334e92	data ethics	knowledge
7086d0ca-1e77-4690-89c9-7ed1a0478fa3	data quality specialist	essential	http://data.europa.eu/esco/skill/2daec0e6-f0c1-43e8-8178-aedba99130ec	establish data processes	skill
7086d0ca-1e77-4690-89c9-7ed1a0478fa3	data quality specialist	essential	http://data.europa.eu/esco/skill/43ae58b9-5e56-4524-b45a-b422777a0576	database	knowledge
7086d0ca-1e77-4690-89c9-7ed1a0478fa3	data quality specialist	essential	http://data.europa.eu/esco/skill/03ff0d53-573a-47a0-a0ad-1995815a4339	information structure	knowledge
7086d0ca-1e77-4690-89c9-7ed1a0478fa3	data quality specialist	essential	http://data.europa.eu/esco/skill/f2d57f41-43b4-4f5b-8100-3df5c21eda50	process data	skill
7086d0ca-1e77-4690-89c9-7ed1a0478fa3	data quality specialist	essential	http://data.europa.eu/esco/skill/1b70a55d-b8a4-49fc-96c6-15ab4cff2522	use data processing techniques	skill
7086d0ca-1e77-4690-89c9-7ed1a0478fa3	data quality specialist	essential	http://data.europa.eu/esco/skill/4a193795-fa63-414e-9f2e-bfdb3924571e	handle data samples	skill
7086d0ca-1e77-4690-89c9-7ed1a0478fa3	data quality specialist	essential	http://data.europa.eu/esco/skill/29fb0fb5-dfc4-4098-ac9b-3a712000f48f	manage database	skill
7086d0ca-1e77-4690-89c9-7ed1a0478fa3	data quality specialist	essential	http://data.europa.eu/esco/skill/6c08403c-a5bb-4868-b8c2-b7d039c0e511	design database scheme	skill
7086d0ca-1e77-4690-89c9-7ed1a0478fa3	data quality specialist	optional	http://data.europa.eu/esco/skill/0e1fe34b-f4e7-4642-8c8b-5a05ac3438e5	manage schedule of tasks	skill
7086d0ca-1e77-4690-89c9-7ed1a0478fa3	data quality specialist	optional	http://data.europa.eu/esco/skill/f597f772-24d3-4cec-813c-cf5a7027c794	N1QL	knowledge
7086d0ca-1e77-4690-89c9-7ed1a0478fa3	data quality specialist	optional	http://data.europa.eu/esco/skill/e54ff029-1ce9-447d-a5b2-eb7283a23e6e	train employees	skill
7086d0ca-1e77-4690-89c9-7ed1a0478fa3	data quality specialist	optional	http://data.europa.eu/esco/skill/cc7370dd-69fa-4c67-a96f-d4d135d38700	data quality assessment	knowledge
7086d0ca-1e77-4690-89c9-7ed1a0478fa3	data quality specialist	optional	http://data.europa.eu/esco/skill/dc72ad0a-c5dc-4abd-bc0d-ca43e82162e1	build business relationships	skill
7086d0ca-1e77-4690-89c9-7ed1a0478fa3	data quality specialist	optional	http://data.europa.eu/esco/skill/1b7c716e-af95-4cda-a42f-6479c8b139f5	MDX	knowledge
7086d0ca-1e77-4690-89c9-7ed1a0478fa3	data quality specialist	optional	http://data.europa.eu/esco/skill/7e1f9657-ab4e-407c-842f-b846197060e3	execute ICT audits	skill
7086d0ca-1e77-4690-89c9-7ed1a0478fa3	data quality specialist	optional	http://data.europa.eu/esco/skill/cd5efa8c-e44d-4cbc-91c6-796018dbed68	perform project management	skill
7086d0ca-1e77-4690-89c9-7ed1a0478fa3	data quality specialist	optional	http://data.europa.eu/esco/skill/9e84a506-df06-4be3-874a-fa01293e3dd5	business processes	knowledge
7086d0ca-1e77-4690-89c9-7ed1a0478fa3	data quality specialist	optional	http://data.europa.eu/esco/skill/2b92a5b2-6758-4ee3-9fb4-b6387a55cc8f	perform data analysis	skill
7086d0ca-1e77-4690-89c9-7ed1a0478fa3	data quality specialist	optional	http://data.europa.eu/esco/skill/7e796b51-49d7-4e73-95af-2e7323763f15	design database in the cloud	skill
7086d0ca-1e77-4690-89c9-7ed1a0478fa3	data quality specialist	optional	http://data.europa.eu/esco/skill/48db96bf-3314-45c6-bad8-fdb6e20e5639	data engineering	knowledge
7086d0ca-1e77-4690-89c9-7ed1a0478fa3	data quality specialist	optional	http://data.europa.eu/esco/skill/a57a54b6-2f2e-43e4-9621-b52f4a63cb08	LDAP	knowledge
7086d0ca-1e77-4690-89c9-7ed1a0478fa3	data quality specialist	optional	http://data.europa.eu/esco/skill/5da8018b-ae85-4cde-ad93-0394369018f3	SPARQL	knowledge
7086d0ca-1e77-4690-89c9-7ed1a0478fa3	data quality specialist	optional	http://data.europa.eu/esco/skill/3f4dab51-572b-4e2c-85ef-3b4c3f7094e1	XQuery	knowledge
7086d0ca-1e77-4690-89c9-7ed1a0478fa3	data quality specialist	optional	http://data.europa.eu/esco/skill/7ee4c2ea-b349-4bd2-81a3-ec31475d4833	statistics	knowledge
7086d0ca-1e77-4690-89c9-7ed1a0478fa3	data quality specialist	optional	http://data.europa.eu/esco/skill/348b74cd-49ce-4844-8bdf-ec188b497213	visual presentation techniques	knowledge
7086d0ca-1e77-4690-89c9-7ed1a0478fa3	data quality specialist	optional	http://data.europa.eu/esco/skill/a1eef0f4-133f-464a-a8f1-68fe3e8cc1b4	healthcare analytics	knowledge
7086d0ca-1e77-4690-89c9-7ed1a0478fa3	data quality specialist	optional	http://data.europa.eu/esco/skill/31c69100-b612-4a61-8db5-fd314318854c	execute analytical mathematical calculations	skill
7086d0ca-1e77-4690-89c9-7ed1a0478fa3	data quality specialist	optional	http://data.europa.eu/esco/skill/c7d24594-0c11-4b27-9039-fe0bb903da8e	LINQ	knowledge
810e5e67-acd5-499a-b307-cf5bea330859	ICT information and knowledge manager	essential	http://data.europa.eu/esco/skill/11eebd42-44ab-401d-8a2c-bdb9fc9beb50	information security strategy	knowledge
810e5e67-acd5-499a-b307-cf5bea330859	ICT information and knowledge manager	essential	http://data.europa.eu/esco/skill/1bba98a7-92b9-450b-9235-e0c905f8f3c4	information architecture	knowledge
810e5e67-acd5-499a-b307-cf5bea330859	ICT information and knowledge manager	essential	http://data.europa.eu/esco/skill/143769cb-b61e-47d8-a61e-eedfbec1016c	business intelligence	knowledge
810e5e67-acd5-499a-b307-cf5bea330859	ICT information and knowledge manager	essential	http://data.europa.eu/esco/skill/a80fb090-63f4-4b05-83a5-2f090deb7757	manage data collection systems	skill
810e5e67-acd5-499a-b307-cf5bea330859	ICT information and knowledge manager	essential	http://data.europa.eu/esco/skill/9e84a506-df06-4be3-874a-fa01293e3dd5	business processes	knowledge
810e5e67-acd5-499a-b307-cf5bea330859	ICT information and knowledge manager	essential	http://data.europa.eu/esco/skill/a7f0fbe0-c546-4f30-8e41-34a58c64567e	data storage	knowledge
810e5e67-acd5-499a-b307-cf5bea330859	ICT information and knowledge manager	essential	http://data.europa.eu/esco/skill/3ce1fe19-7f9e-4070-941d-651673a5693b	decision support systems	knowledge
810e5e67-acd5-499a-b307-cf5bea330859	ICT information and knowledge manager	essential	http://data.europa.eu/esco/skill/501537a7-9d63-491d-ae02-09f04767ff1e	attack vectors	knowledge
810e5e67-acd5-499a-b307-cf5bea330859	ICT information and knowledge manager	essential	http://data.europa.eu/esco/skill/020918ef-4b55-47c1-8430-ab7b8f6a7377	migrate existing data	skill
810e5e67-acd5-499a-b307-cf5bea330859	ICT information and knowledge manager	essential	http://data.europa.eu/esco/skill/03ff0d53-573a-47a0-a0ad-1995815a4339	information structure	knowledge
810e5e67-acd5-499a-b307-cf5bea330859	ICT information and knowledge manager	essential	http://data.europa.eu/esco/skill/b0a3bb25-a02f-43ed-ab1f-994fa66a424a	online analytical processing	knowledge
810e5e67-acd5-499a-b307-cf5bea330859	ICT information and knowledge manager	essential	http://data.europa.eu/esco/skill/41bf7ede-fc84-4a57-8c89-b548d11b0ba1	manage business knowledge	skill
810e5e67-acd5-499a-b307-cf5bea330859	ICT information and knowledge manager	essential	http://data.europa.eu/esco/skill/cc9b4fbb-65f1-4c92-9229-1392d03b6e20	structure information	skill
810e5e67-acd5-499a-b307-cf5bea330859	ICT information and knowledge manager	essential	http://data.europa.eu/esco/skill/9714735d-6f60-440b-bdbc-aaf45ebcbe78	analyse the context of an organisation	skill
810e5e67-acd5-499a-b307-cf5bea330859	ICT information and knowledge manager	essential	http://data.europa.eu/esco/skill/4d85b881-e490-4b4c-897a-2faa4ef53956	manage ICT data architecture	skill
810e5e67-acd5-499a-b307-cf5bea330859	ICT information and knowledge manager	essential	http://data.europa.eu/esco/skill/1e77e42a-181f-4b48-8e74-201ce50ffc29	interpret current data	skill
810e5e67-acd5-499a-b307-cf5bea330859	ICT information and knowledge manager	essential	http://data.europa.eu/esco/skill/93aaf65c-5aad-4e6f-a7ba-ce9bf7c0e6e6	information categorisation	knowledge
810e5e67-acd5-499a-b307-cf5bea330859	ICT information and knowledge manager	essential	http://data.europa.eu/esco/skill/c5e8abde-d2ba-4e8e-a65e-720b71180666	unstructured data	knowledge
810e5e67-acd5-499a-b307-cf5bea330859	ICT information and knowledge manager	essential	http://data.europa.eu/esco/skill/248894d1-42dc-474f-af6e-2da52ac0c679	define technology strategy	skill
810e5e67-acd5-499a-b307-cf5bea330859	ICT information and knowledge manager	essential	http://data.europa.eu/esco/skill/c3e36d05-8ae8-447f-bb2b-6f9409f85389	deliver visual presentation of data	skill
810e5e67-acd5-499a-b307-cf5bea330859	ICT information and knowledge manager	essential	http://data.europa.eu/esco/skill/25f0ea33-b4a2-4f31-b7b4-7d20e827b180	data mining	knowledge
810e5e67-acd5-499a-b307-cf5bea330859	ICT information and knowledge manager	essential	http://data.europa.eu/esco/skill/4bf37ee3-2c8b-44cc-9f91-3eeda46e8c5b	assess informational needs	skill
810e5e67-acd5-499a-b307-cf5bea330859	ICT information and knowledge manager	essential	http://data.europa.eu/esco/skill/fecf8a0d-62c4-4e71-9b03-0f4fc2ad7bf5	data models	knowledge
810e5e67-acd5-499a-b307-cf5bea330859	ICT information and knowledge manager	essential	http://data.europa.eu/esco/skill/fbafa41f-cd05-4109-a649-8b44d306d779	create data models	skill
810e5e67-acd5-499a-b307-cf5bea330859	ICT information and knowledge manager	essential	http://data.europa.eu/esco/skill/696e3b5b-8b61-45af-ae4c-3ab700f197ec	information extraction	knowledge
810e5e67-acd5-499a-b307-cf5bea330859	ICT information and knowledge manager	essential	http://data.europa.eu/esco/skill/faf208ae-d4a4-43b4-bb82-846b7348b740	manage information sources	skill
810e5e67-acd5-499a-b307-cf5bea330859	ICT information and knowledge manager	optional	http://data.europa.eu/esco/skill/71717c33-dd63-4acf-b052-a5fd5d9fc490	ensure information privacy	skill
810e5e67-acd5-499a-b307-cf5bea330859	ICT information and knowledge manager	optional	http://data.europa.eu/esco/skill/af607e5e-4ba1-4e5f-a2a6-dc05806567c7	coordinate technological activities	skill
810e5e67-acd5-499a-b307-cf5bea330859	ICT information and knowledge manager	optional	http://data.europa.eu/esco/skill/4216e465-7baa-4884-a241-54b197bb9278	perform data mining	skill
810e5e67-acd5-499a-b307-cf5bea330859	ICT information and knowledge manager	optional	http://data.europa.eu/esco/skill/a8797f21-1af0-4c5e-98ca-bf1442929363	interact with users to gather requirements	skill
810e5e67-acd5-499a-b307-cf5bea330859	ICT information and knowledge manager	optional	http://data.europa.eu/esco/skill/a4346013-a967-4a58-a533-6b32ad1364c5	data protection	knowledge
810e5e67-acd5-499a-b307-cf5bea330859	ICT information and knowledge manager	optional	http://data.europa.eu/esco/skill/4463a721-69f3-413d-8321-43e3af13a4f1	use databases	skill
810e5e67-acd5-499a-b307-cf5bea330859	ICT information and knowledge manager	optional	http://data.europa.eu/esco/skill/14d1e367-3efe-4ec5-86ae-eca48710ee4e	implement ICT security policies	skill
810e5e67-acd5-499a-b307-cf5bea330859	ICT information and knowledge manager	optional	http://data.europa.eu/esco/skill/a56dec32-05ef-45de-a256-ee6741f356db	information confidentiality	knowledge
810e5e67-acd5-499a-b307-cf5bea330859	ICT information and knowledge manager	optional	http://data.europa.eu/esco/skill/54ae8c54-2aad-46fc-bff2-9d44d0ec7a6e	manage information access aids	skill
810e5e67-acd5-499a-b307-cf5bea330859	ICT information and knowledge manager	optional	http://data.europa.eu/esco/skill/df0612db-366c-4ff5-b106-40b9e385195c	utilise decision support system	skill
810e5e67-acd5-499a-b307-cf5bea330859	ICT information and knowledge manager	optional	http://data.europa.eu/esco/skill/0dc7aa1b-b5af-4f4b-81ce-ee22ed8b6926	assess ICT knowledge	skill
810e5e67-acd5-499a-b307-cf5bea330859	ICT information and knowledge manager	optional	http://data.europa.eu/esco/skill/fd6d2981-3d4a-4ce2-9741-cfc98c5b74bd	implement data warehousing techniques	skill
810e5e67-acd5-499a-b307-cf5bea330859	ICT information and knowledge manager	optional	http://data.europa.eu/esco/skill/cc7370dd-69fa-4c67-a96f-d4d135d38700	data quality assessment	knowledge
810e5e67-acd5-499a-b307-cf5bea330859	ICT information and knowledge manager	optional	http://data.europa.eu/esco/skill/20c920d4-7ff7-4676-ba61-3f04490d9416	keep up with the latest information systems solutions	skill
810e5e67-acd5-499a-b307-cf5bea330859	ICT information and knowledge manager	optional	http://data.europa.eu/esco/skill/d3286405-49f8-4e8a-8046-a4376b4e7963	manage cloud data and storage	skill
810e5e67-acd5-499a-b307-cf5bea330859	ICT information and knowledge manager	optional	http://data.europa.eu/esco/skill/a47d194d-0ffd-4aaa-b695-fbbe0255000e	design information system	skill
6219f0ef-6414-4d01-9221-41ac25dcb409	clinical coder	essential	http://data.europa.eu/esco/skill/2806260f-6399-4add-8f11-070141423f9d	medical terminology	knowledge
6219f0ef-6414-4d01-9221-41ac25dcb409	clinical coder	essential	http://data.europa.eu/esco/skill/aa238394-8126-4ada-be2f-9dfe065cf314	adhere to organisational guidelines	skill
6219f0ef-6414-4d01-9221-41ac25dcb409	clinical coder	essential	http://data.europa.eu/esco/skill/51ece34f-c24e-4183-9bf4-9b6f28748aec	maintain healthcare user data confidentiality	skill
6219f0ef-6414-4d01-9221-41ac25dcb409	clinical coder	essential	http://data.europa.eu/esco/skill/7110bf9f-b245-4adc-9159-5081013fd64d	communicate in healthcare	skill
6219f0ef-6414-4d01-9221-41ac25dcb409	clinical coder	essential	http://data.europa.eu/esco/skill/9a7cc3c2-b529-44a4-ab8e-f04fc91362e2	professional documentation in health care	knowledge
6219f0ef-6414-4d01-9221-41ac25dcb409	clinical coder	essential	http://data.europa.eu/esco/skill/76395873-7fe2-4f9a-b4b6-9932f8cbd0b4	follow clinical guidelines	skill
6219f0ef-6414-4d01-9221-41ac25dcb409	clinical coder	essential	http://data.europa.eu/esco/skill/53141450-2fa9-4890-a64e-7ffd4e1144be	use electronic health records management system	skill
6219f0ef-6414-4d01-9221-41ac25dcb409	clinical coder	essential	http://data.europa.eu/esco/skill/4d614c92-0c48-4a11-a5ed-416b34fd50d2	manage healthcare users' data	skill
6219f0ef-6414-4d01-9221-41ac25dcb409	clinical coder	essential	http://data.europa.eu/esco/skill/ea1bf5e5-e7f0-4d2c-a415-1c39c00512b1	document management	knowledge
6219f0ef-6414-4d01-9221-41ac25dcb409	clinical coder	essential	http://data.europa.eu/esco/skill/f022b5ff-8496-4722-a7a3-ef3c072f01f6	perform clinical coding procedures	skill
6219f0ef-6414-4d01-9221-41ac25dcb409	clinical coder	essential	http://data.europa.eu/esco/skill/cf0b92de-4bd0-46ee-b383-7765b4cbcac9	clinical coding	knowledge
6219f0ef-6414-4d01-9221-41ac25dcb409	clinical coder	essential	http://data.europa.eu/esco/skill/d5e9b47e-580f-41e7-bc6c-e7345566fcb4	review patient's medical data	skill
6219f0ef-6414-4d01-9221-41ac25dcb409	clinical coder	optional	http://data.europa.eu/esco/skill/b21e2984-c6b2-4352-bbe8-8f3b03bd50f6	medical informatics	knowledge
6219f0ef-6414-4d01-9221-41ac25dcb409	clinical coder	optional	http://data.europa.eu/esco/skill/51e53aff-6f8a-42ca-9cb9-47335130f4d7	human physiology	knowledge
6219f0ef-6414-4d01-9221-41ac25dcb409	clinical coder	optional	http://data.europa.eu/esco/skill/b22828a8-18e7-4639-8fbd-f2b33594382d	collect statistics on medical records	skill
6219f0ef-6414-4d01-9221-41ac25dcb409	clinical coder	optional	http://data.europa.eu/esco/skill/9b63d92b-5a3a-46b0-b2ba-c98b39ea5aaf	health care system	knowledge
6219f0ef-6414-4d01-9221-41ac25dcb409	clinical coder	optional	http://data.europa.eu/esco/skill/9ec07ba9-f876-4dce-92b1-9e0cd68aa969	identify patients' medical records	skill
6219f0ef-6414-4d01-9221-41ac25dcb409	clinical coder	optional	http://data.europa.eu/esco/skill/b769f524-0f25-44d7-8538-5c46710a040e	manage digital documents	skill
6219f0ef-6414-4d01-9221-41ac25dcb409	clinical coder	optional	http://data.europa.eu/esco/skill/2e040fb0-66b9-4529-bec6-466472b60773	archive healthcare users' records	skill
6219f0ef-6414-4d01-9221-41ac25dcb409	clinical coder	optional	http://data.europa.eu/esco/skill/9ec4252d-cbe8-4134-88fa-549dee1883f3	human anatomy	knowledge
6219f0ef-6414-4d01-9221-41ac25dcb409	clinical coder	optional	http://data.europa.eu/esco/skill/5d7890d5-d229-4b79-a5da-6819e38a52b6	health records management	knowledge
6219f0ef-6414-4d01-9221-41ac25dcb409	clinical coder	optional	http://data.europa.eu/esco/skill/a1eef0f4-133f-464a-a8f1-68fe3e8cc1b4	healthcare analytics	knowledge
6219f0ef-6414-4d01-9221-41ac25dcb409	clinical coder	optional	http://data.europa.eu/esco/skill/7d08e3cd-3a68-4568-8273-5b53ac0cbc71	collect healthcare user's general data	skill
60082a99-d8ef-4e84-9290-78902681b6ed	business analyst	essential	http://data.europa.eu/esco/skill/4b3ae518-6746-4487-8d3b-4cfc063a43d0	use business simulation tools	skill
60082a99-d8ef-4e84-9290-78902681b6ed	business analyst	essential	http://data.europa.eu/esco/skill/65e58886-bd1e-4c5b-8ca5-8d9b353c8aa1	data visualisation software	knowledge
60082a99-d8ef-4e84-9290-78902681b6ed	business analyst	essential	http://data.europa.eu/esco/skill/27ed854c-15b8-4ba2-90e9-ae888a219703	perform business analysis	skill
60082a99-d8ef-4e84-9290-78902681b6ed	business analyst	essential	http://data.europa.eu/esco/skill/c2617b44-886a-485e-8393-bc0fc6339539	management consulting	knowledge
60082a99-d8ef-4e84-9290-78902681b6ed	business analyst	essential	http://data.europa.eu/esco/skill/633a3637-2c6b-40ae-ac38-289eb2a62aa6	business analysis	knowledge
60082a99-d8ef-4e84-9290-78902681b6ed	business analyst	essential	http://data.europa.eu/esco/skill/b17f4305-741a-4a1c-8fe8-6f11cb3d5c0a	business communication	knowledge
60082a99-d8ef-4e84-9290-78902681b6ed	business analyst	essential	http://data.europa.eu/esco/skill/629685b8-5f9e-4522-8cff-b3e2c4ec625a	digital data processing	
60082a99-d8ef-4e84-9290-78902681b6ed	business analyst	essential	http://data.europa.eu/esco/skill/91816e1a-d026-4d21-9b1c-59ca5cf488de	analyse internal factors of companies	skill
60082a99-d8ef-4e84-9290-78902681b6ed	business analyst	essential	http://data.europa.eu/esco/skill/98a1dec3-8138-4f46-a596-5e2a83b884b9	business analytics	knowledge
60082a99-d8ef-4e84-9290-78902681b6ed	business analyst	essential	http://data.europa.eu/esco/skill/5f1d1319-7954-4a9b-90c7-57668e3a0d4b	interpret financial statements	skill
60082a99-d8ef-4e84-9290-78902681b6ed	business analyst	essential	http://data.europa.eu/esco/skill/8316979b-df5a-4dc7-98ef-61ec6a10df84	conduct quantitative research	skill
60082a99-d8ef-4e84-9290-78902681b6ed	business analyst	essential	http://data.europa.eu/esco/skill/3c03ee71-4a23-448f-b79e-81fd75d27dca	apply change management	skill
60082a99-d8ef-4e84-9290-78902681b6ed	business analyst	essential	http://data.europa.eu/esco/skill/fa465db3-56e8-4b5d-a781-e2a313a4ed2d	conduct qualitative research	skill
60082a99-d8ef-4e84-9290-78902681b6ed	business analyst	essential	http://data.europa.eu/esco/skill/ed3f3dba-3a35-4ed5-b113-67f4d10ef4c8	scientific research methodology	knowledge
60082a99-d8ef-4e84-9290-78902681b6ed	business analyst	essential	http://data.europa.eu/esco/skill/ee7f90cc-922e-4da7-a7ae-83c2688fed10	align efforts towards business development	skill
60082a99-d8ef-4e84-9290-78902681b6ed	business analyst	essential	http://data.europa.eu/esco/skill/f14ff4b7-be1e-4b55-b39b-520005f8a97e	liaise with managers	skill
60082a99-d8ef-4e84-9290-78902681b6ed	business analyst	essential	http://data.europa.eu/esco/skill/dc72ad0a-c5dc-4abd-bc0d-ca43e82162e1	build business relationships	skill
60082a99-d8ef-4e84-9290-78902681b6ed	business analyst	essential	http://data.europa.eu/esco/skill/ce5b1446-b5e3-4f05-a5ac-83f2ee142a44	analyse external factors of companies	skill
60082a99-d8ef-4e84-9290-78902681b6ed	business analyst	essential	http://data.europa.eu/esco/skill/f60c9e52-95fc-4ca1-a73c-18a491153b63	make strategic business decisions	skill
60082a99-d8ef-4e84-9290-78902681b6ed	business analyst	essential	http://data.europa.eu/esco/skill/8a43795b-bb38-4f29-91df-a6c92ad4643c	analyse financial performance of a company	skill
60082a99-d8ef-4e84-9290-78902681b6ed	business analyst	essential	http://data.europa.eu/esco/skill/5da3c765-10a3-49eb-934c-ec401ceb1a34	analyse business plans	skill
60082a99-d8ef-4e84-9290-78902681b6ed	business analyst	essential	http://data.europa.eu/esco/skill/8770350e-746f-4adb-9556-18ca68104be6	market research	knowledge
60082a99-d8ef-4e84-9290-78902681b6ed	business analyst	essential	http://data.europa.eu/esco/skill/8bc75dce-beba-40f9-93fc-66c9708ed74b	advise on efficiency improvements	skill
60082a99-d8ef-4e84-9290-78902681b6ed	business analyst	essential	http://data.europa.eu/esco/skill/43d1d56b-ce62-4fe8-8f18-35d92ec73023	identify undetected organisational needs	skill
60082a99-d8ef-4e84-9290-78902681b6ed	business analyst	essential	http://data.europa.eu/esco/skill/6eff134b-e34f-4d6e-a6e8-5e47cf2228d0	risk management	knowledge
60082a99-d8ef-4e84-9290-78902681b6ed	business analyst	essential	http://data.europa.eu/esco/skill/ff599c4c-f7bc-44fc-b75f-eea4b7178692	management systems standards	knowledge
60082a99-d8ef-4e84-9290-78902681b6ed	business analyst	optional	http://data.europa.eu/esco/skill/d77d7685-04fb-43a4-a1ac-09a10811f646	corporate law	knowledge
60082a99-d8ef-4e84-9290-78902681b6ed	business analyst	optional	http://data.europa.eu/esco/skill/7b3abd38-61ae-42a4-88bb-0884784f9ee1	advise client on technical possibilities	skill
60082a99-d8ef-4e84-9290-78902681b6ed	business analyst	optional	http://data.europa.eu/esco/skill/bdf5ca62-9053-4652-b5e4-4eb95c271945	organisational learning	knowledge
60082a99-d8ef-4e84-9290-78902681b6ed	business analyst	optional	http://data.europa.eu/esco/skill/f975091a-e5a5-4472-ac17-11680e53e98f	seek innovation in current practices	skill
60082a99-d8ef-4e84-9290-78902681b6ed	business analyst	optional	http://data.europa.eu/esco/skill/0efbe2dc-2770-47ec-b8f4-d1bdff6ac0a4	advise on risk management	skill
60082a99-d8ef-4e84-9290-78902681b6ed	business analyst	optional	http://data.europa.eu/esco/skill/f1155d3f-fbca-4298-a31c-f6955653bacf	shape organisational teams based on competencies	skill
60082a99-d8ef-4e84-9290-78902681b6ed	business analyst	optional	http://data.europa.eu/esco/skill/69f36674-440a-4fa0-89f9-1b70172ebb9d	advise on communication strategies	skill
60082a99-d8ef-4e84-9290-78902681b6ed	business analyst	optional	http://data.europa.eu/esco/skill/79c36c91-28a5-44b7-ab9b-7093b2d4b21e	advise on financial matters	skill
60082a99-d8ef-4e84-9290-78902681b6ed	business analyst	optional	http://data.europa.eu/esco/skill/07e51c60-763a-4335-b4ec-70a15f66d328	propose ICT solutions to business problems	skill
60082a99-d8ef-4e84-9290-78902681b6ed	business analyst	optional	http://data.europa.eu/esco/skill/62bf2e21-2613-47f1-a624-fe0fc925e671	market entry strategies	knowledge
60082a99-d8ef-4e84-9290-78902681b6ed	business analyst	optional	http://data.europa.eu/esco/skill/8d4271ca-c9fd-40b3-875f-15f78332a49e	quality standards	knowledge
60082a99-d8ef-4e84-9290-78902681b6ed	business analyst	optional	http://data.europa.eu/esco/skill/1212ac42-2564-4fce-80e1-6ce4ea4d9bf5	advise on personnel management	skill
60082a99-d8ef-4e84-9290-78902681b6ed	business analyst	optional	http://data.europa.eu/esco/skill/11c56452-fcec-4b00-9695-cca4728e5048	marketing analytics	knowledge
60082a99-d8ef-4e84-9290-78902681b6ed	business analyst	optional	http://data.europa.eu/esco/skill/812590e4-7108-4016-baba-957dcf8213ae	keep updated on the political landscape	skill
60082a99-d8ef-4e84-9290-78902681b6ed	business analyst	optional	http://data.europa.eu/esco/skill/143769cb-b61e-47d8-a61e-eedfbec1016c	business intelligence	knowledge
60082a99-d8ef-4e84-9290-78902681b6ed	business analyst	optional	http://data.europa.eu/esco/skill/ccbd0898-e225-4abc-8992-57a23b0e2eec	support implementation of quality management systems	skill
60082a99-d8ef-4e84-9290-78902681b6ed	business analyst	optional	http://data.europa.eu/esco/skill/28ad7c97-9fb3-4b1d-846a-654e529ab8ac	sustainable manufacturing	knowledge
60082a99-d8ef-4e84-9290-78902681b6ed	business analyst	optional	http://data.europa.eu/esco/skill/4a460161-eaea-4fe2-bd0e-164ccc635be1	financial statements	knowledge
60082a99-d8ef-4e84-9290-78902681b6ed	business analyst	optional	http://data.europa.eu/esco/skill/341c4478-c976-4ff0-a102-cfd92174d873	business law	knowledge
60082a99-d8ef-4e84-9290-78902681b6ed	business analyst	optional	http://data.europa.eu/esco/skill/c544a9f3-5945-4b54-afed-de0697852817	report analysis results	skill
60082a99-d8ef-4e84-9290-78902681b6ed	business analyst	optional	http://data.europa.eu/esco/skill/d53b04fb-1bbb-4a25-92f8-8ceb308d276f	define organisational standards	skill
60082a99-d8ef-4e84-9290-78902681b6ed	business analyst	optional	http://data.europa.eu/esco/skill/98301d4a-2cc3-439d-8d7f-0b6ac76302bb	business process modelling	knowledge
60082a99-d8ef-4e84-9290-78902681b6ed	business analyst	optional	http://data.europa.eu/esco/skill/d2dc31f1-720c-4757-bc1b-9e563d264dcf	advise on organisational culture	skill
60082a99-d8ef-4e84-9290-78902681b6ed	business analyst	optional	http://data.europa.eu/esco/skill/bd698bbe-7003-4508-b422-46c2ff4d5e95	business strategy concepts	knowledge
60082a99-d8ef-4e84-9290-78902681b6ed	business analyst	optional	http://data.europa.eu/esco/skill/66d47084-9437-48b2-819b-c4c8214ed650	interview people	skill
60082a99-d8ef-4e84-9290-78902681b6ed	business analyst	optional	http://data.europa.eu/esco/skill/3a5231a0-8c30-48ee-b671-08e2debd4441	organisational policies	knowledge
60082a99-d8ef-4e84-9290-78902681b6ed	business analyst	optional	http://data.europa.eu/esco/skill/49047409-9307-4b41-9b04-a9615f049044	investment banking	knowledge
fe0fa514-b48d-4a53-9757-a283c0baacf0	ICT business analyst	essential	http://data.europa.eu/esco/skill/9714735d-6f60-440b-bdbc-aaf45ebcbe78	analyse the context of an organisation	skill
fe0fa514-b48d-4a53-9757-a283c0baacf0	ICT business analyst	essential	http://data.europa.eu/esco/skill/48b68726-0fd6-4e03-a5eb-82236516ee7a	provide cost benefit analysis reports	skill
fe0fa514-b48d-4a53-9757-a283c0baacf0	ICT business analyst	essential	http://data.europa.eu/esco/skill/d9e5349e-8791-49c2-8ba4-839fdd1606c2	define technical requirements	skill
fe0fa514-b48d-4a53-9757-a283c0baacf0	ICT business analyst	essential	http://data.europa.eu/esco/skill/4913d0c0-133a-4c46-aac3-f5d4989a982e	product usage risks analysis	knowledge
fe0fa514-b48d-4a53-9757-a283c0baacf0	ICT business analyst	essential	http://data.europa.eu/esco/skill/07e51c60-763a-4335-b4ec-70a15f66d328	propose ICT solutions to business problems	skill
fe0fa514-b48d-4a53-9757-a283c0baacf0	ICT business analyst	essential	http://data.europa.eu/esco/skill/a846cb9e-c152-41e7-bd34-45e7ff941e3b	legal requirements of ICT products	knowledge
fe0fa514-b48d-4a53-9757-a283c0baacf0	ICT business analyst	essential	http://data.europa.eu/esco/skill/3c03ee71-4a23-448f-b79e-81fd75d27dca	apply change management	skill
fe0fa514-b48d-4a53-9757-a283c0baacf0	ICT business analyst	essential	http://data.europa.eu/esco/skill/a8797f21-1af0-4c5e-98ca-bf1442929363	interact with users to gather requirements	skill
fe0fa514-b48d-4a53-9757-a283c0baacf0	ICT business analyst	essential	http://data.europa.eu/esco/skill/2d6d4784-0992-48e7-b100-22d7229b3f0a	translate requirements into visual design	skill
fe0fa514-b48d-4a53-9757-a283c0baacf0	ICT business analyst	essential	http://data.europa.eu/esco/skill/397da142-ab35-48fe-b154-7c38f447adfb	digital systems	knowledge
fe0fa514-b48d-4a53-9757-a283c0baacf0	ICT business analyst	essential	http://data.europa.eu/esco/skill/98301d4a-2cc3-439d-8d7f-0b6ac76302bb	business process modelling	knowledge
fe0fa514-b48d-4a53-9757-a283c0baacf0	ICT business analyst	essential	http://data.europa.eu/esco/skill/56042303-972b-41be-9310-58467599ff7e	analyse business processes	skill
fe0fa514-b48d-4a53-9757-a283c0baacf0	ICT business analyst	essential	http://data.europa.eu/esco/skill/0e0c9c11-b39e-43cf-ba95-2fe646f5de64	identify customer requirements	skill
fe0fa514-b48d-4a53-9757-a283c0baacf0	ICT business analyst	essential	http://data.europa.eu/esco/skill/b9bf9e17-ae47-417b-bbb1-e8b7c263ccac	identify legal requirements	skill
fe0fa514-b48d-4a53-9757-a283c0baacf0	ICT business analyst	essential	http://data.europa.eu/esco/skill/f7b5d916-52f0-4865-b6a6-e1a3b711cb5e	implement strategic planning	skill
fe0fa514-b48d-4a53-9757-a283c0baacf0	ICT business analyst	essential	http://data.europa.eu/esco/skill/0ee94c0a-3716-494a-95a2-dcbab9e58be2	business requirements techniques	knowledge
fe0fa514-b48d-4a53-9757-a283c0baacf0	ICT business analyst	essential	http://data.europa.eu/esco/skill/6a7792a9-888a-46ad-afc9-2c0d94c8fde6	create business process models	skill
fe0fa514-b48d-4a53-9757-a283c0baacf0	ICT business analyst	essential	http://data.europa.eu/esco/skill/b04f377b-ee80-4b38-aca1-19d266a23b17	analyse business requirements	skill
fe0fa514-b48d-4a53-9757-a283c0baacf0	ICT business analyst	optional	http://data.europa.eu/esco/skill/3ce1fe19-7f9e-4070-941d-651673a5693b	decision support systems	knowledge
fe0fa514-b48d-4a53-9757-a283c0baacf0	ICT business analyst	optional	http://data.europa.eu/esco/skill/e5609f89-0daf-40bb-bd6b-94f5d7498131	ICT market	knowledge
fe0fa514-b48d-4a53-9757-a283c0baacf0	ICT business analyst	optional	http://data.europa.eu/esco/skill/348b74cd-49ce-4844-8bdf-ec188b497213	visual presentation techniques	knowledge
fe0fa514-b48d-4a53-9757-a283c0baacf0	ICT business analyst	optional	http://data.europa.eu/esco/skill/385479b7-5da5-4367-9763-0d15b41bb65b	provide user documentation	skill
fe0fa514-b48d-4a53-9757-a283c0baacf0	ICT business analyst	optional	http://data.europa.eu/esco/skill/2c28fc20-8a60-4311-8899-5ef8729c05b3	design process	skill
fe0fa514-b48d-4a53-9757-a283c0baacf0	ICT business analyst	optional	http://data.europa.eu/esco/skill/93aaf65c-5aad-4e6f-a7ba-ce9bf7c0e6e6	information categorisation	knowledge
fe0fa514-b48d-4a53-9757-a283c0baacf0	ICT business analyst	optional	http://data.europa.eu/esco/skill/2fb8480e-de3c-462b-b169-e8bbb344da68	innovation processes	knowledge
fe0fa514-b48d-4a53-9757-a283c0baacf0	ICT business analyst	optional	http://data.europa.eu/esco/skill/143769cb-b61e-47d8-a61e-eedfbec1016c	business intelligence	knowledge
fe0fa514-b48d-4a53-9757-a283c0baacf0	ICT business analyst	optional	http://data.europa.eu/esco/skill/c5e8abde-d2ba-4e8e-a65e-720b71180666	unstructured data	knowledge
fe0fa514-b48d-4a53-9757-a283c0baacf0	ICT business analyst	optional	http://data.europa.eu/esco/skill/3c76296d-4bbd-44ba-8eaa-95bf275f79b7	manage ICT project	skill
fe0fa514-b48d-4a53-9757-a283c0baacf0	ICT business analyst	optional	http://data.europa.eu/esco/skill/bd698bbe-7003-4508-b422-46c2ff4d5e95	business strategy concepts	knowledge
fe0fa514-b48d-4a53-9757-a283c0baacf0	ICT business analyst	optional	http://data.europa.eu/esco/skill/1bba98a7-92b9-450b-9235-e0c905f8f3c4	information architecture	knowledge
fe0fa514-b48d-4a53-9757-a283c0baacf0	ICT business analyst	optional	http://data.europa.eu/esco/skill/ccdbd9bb-4faf-403c-a968-e8bf487f8a53	business ICT systems	knowledge
fe0fa514-b48d-4a53-9757-a283c0baacf0	ICT business analyst	optional	http://data.europa.eu/esco/skill/09f2f811-a3fb-4de3-a70f-6420a6935575	systems development life-cycle	knowledge
fe0fa514-b48d-4a53-9757-a283c0baacf0	ICT business analyst	optional	http://data.europa.eu/esco/skill/79f24a62-7718-46e1-9b41-37be0560a5ca	organisational resilience	knowledge
fe0fa514-b48d-4a53-9757-a283c0baacf0	ICT business analyst	optional	http://data.europa.eu/esco/skill/31c69100-b612-4a61-8db5-fd314318854c	execute analytical mathematical calculations	skill
fe0fa514-b48d-4a53-9757-a283c0baacf0	ICT business analyst	optional	http://data.europa.eu/esco/skill/696e3b5b-8b61-45af-ae4c-3ab700f197ec	information extraction	knowledge
fe0fa514-b48d-4a53-9757-a283c0baacf0	ICT business analyst	optional	http://data.europa.eu/esco/skill/0daaf096-1639-461c-bf1a-bbeea77e6b67	internal risk management policy	knowledge
fe0fa514-b48d-4a53-9757-a283c0baacf0	ICT business analyst	optional	http://data.europa.eu/esco/skill/bd14968e-e409-45af-b362-3495ed7b10e0	cloud technologies	knowledge
8b6388a4-4904-471b-9331-d3b1211f5525	ICT project manager	essential	http://data.europa.eu/esco/skill/339ac029-066a-4985-9f9d-b3d7c8fea0bb	manage staff	skill
8b6388a4-4904-471b-9331-d3b1211f5525	ICT project manager	essential	http://data.europa.eu/esco/skill/b9bf9e17-ae47-417b-bbb1-e8b7c263ccac	identify legal requirements	skill
8b6388a4-4904-471b-9331-d3b1211f5525	ICT project manager	essential	http://data.europa.eu/esco/skill/e207163b-7963-4c3e-9494-7a4bb000211b	estimate duration of work	skill
8b6388a4-4904-471b-9331-d3b1211f5525	ICT project manager	essential	http://data.europa.eu/esco/skill/22902bf9-cc3f-495b-811a-c441e28e23f6	manage project information	skill
8b6388a4-4904-471b-9331-d3b1211f5525	ICT project manager	essential	http://data.europa.eu/esco/skill/21c5790c-0930-4d74-b3b0-84caf5af12ea	manage budgets	skill
8b6388a4-4904-471b-9331-d3b1211f5525	ICT project manager	essential	http://data.europa.eu/esco/skill/f5dd06b8-5d17-4932-9d03-957d0c4f5051	perform resource planning	skill
8b6388a4-4904-471b-9331-d3b1211f5525	ICT project manager	essential	http://data.europa.eu/esco/skill/94dd823c-148e-4614-a6e8-99249b16357d	ICT project management	knowledge
8b6388a4-4904-471b-9331-d3b1211f5525	ICT project manager	essential	http://data.europa.eu/esco/skill/248894d1-42dc-474f-af6e-2da52ac0c679	define technology strategy	skill
8b6388a4-4904-471b-9331-d3b1211f5525	ICT project manager	essential	http://data.europa.eu/esco/skill/cd5efa8c-e44d-4cbc-91c6-796018dbed68	perform project management	skill
8b6388a4-4904-471b-9331-d3b1211f5525	ICT project manager	essential	http://data.europa.eu/esco/skill/8d4271ca-c9fd-40b3-875f-15f78332a49e	quality standards	knowledge
8b6388a4-4904-471b-9331-d3b1211f5525	ICT project manager	essential	http://data.europa.eu/esco/skill/fc94266b-322d-4f1d-87a0-03f999e72344	blockchain mining principles	knowledge
8b6388a4-4904-471b-9331-d3b1211f5525	ICT project manager	essential	http://data.europa.eu/esco/skill/21fecc8a-392e-49ce-ac26-fb0696ccfead	create project specifications	skill
8b6388a4-4904-471b-9331-d3b1211f5525	ICT project manager	essential	http://data.europa.eu/esco/skill/3c76296d-4bbd-44ba-8eaa-95bf275f79b7	manage ICT project	skill
8b6388a4-4904-471b-9331-d3b1211f5525	ICT project manager	essential	http://data.europa.eu/esco/skill/dc72ad0a-c5dc-4abd-bc0d-ca43e82162e1	build business relationships	skill
8b6388a4-4904-471b-9331-d3b1211f5525	ICT project manager	essential	http://data.europa.eu/esco/skill/5da3c765-10a3-49eb-934c-ec401ceb1a34	analyse business plans	skill
8b6388a4-4904-471b-9331-d3b1211f5525	ICT project manager	essential	http://data.europa.eu/esco/skill/496932f1-0b6b-4f73-9432-d95c7ddcd43b	recruit employees	skill
8b6388a4-4904-471b-9331-d3b1211f5525	ICT project manager	essential	http://data.europa.eu/esco/skill/0daaf096-1639-461c-bf1a-bbeea77e6b67	internal risk management policy	knowledge
8b6388a4-4904-471b-9331-d3b1211f5525	ICT project manager	essential	http://data.europa.eu/esco/skill/48b68726-0fd6-4e03-a5eb-82236516ee7a	provide cost benefit analysis reports	skill
8b6388a4-4904-471b-9331-d3b1211f5525	ICT project manager	essential	http://data.europa.eu/esco/skill/4df7a57a-9405-4995-8e02-4ca404832247	manage project changes	skill
8b6388a4-4904-471b-9331-d3b1211f5525	ICT project manager	essential	http://data.europa.eu/esco/skill/93b22bbf-ece1-4e2d-8d47-0c9392c5a4fd	develop blockchain technology	skill
8b6388a4-4904-471b-9331-d3b1211f5525	ICT project manager	essential	http://data.europa.eu/esco/skill/bec4359e-cb92-468f-a997-8fb28e32fba9	ICT project management methodologies	knowledge
8b6388a4-4904-471b-9331-d3b1211f5525	ICT project manager	essential	http://data.europa.eu/esco/skill/0cc9c234-f817-4f4c-908a-4d28fe3b0f4a	coach employees	skill
8b6388a4-4904-471b-9331-d3b1211f5525	ICT project manager	essential	http://data.europa.eu/esco/skill/8300443c-c793-4102-bff5-aa917a0cb39f	define roadmap for blockchain in applications	skill
8b6388a4-4904-471b-9331-d3b1211f5525	ICT project manager	essential	http://data.europa.eu/esco/skill/1dd23dba-dd00-45ab-abf4-642902538317	perform risk analysis	skill
8b6388a4-4904-471b-9331-d3b1211f5525	ICT project manager	essential	http://data.europa.eu/esco/skill/0ee94af1-b445-4973-9c3f-459fab250342	apply conflict management	skill
8b6388a4-4904-471b-9331-d3b1211f5525	ICT project manager	essential	http://data.europa.eu/esco/skill/e54ff029-1ce9-447d-a5b2-eb7283a23e6e	train employees	skill
8b6388a4-4904-471b-9331-d3b1211f5525	ICT project manager	optional	http://data.europa.eu/esco/skill/397da142-ab35-48fe-b154-7c38f447adfb	digital systems	knowledge
8b6388a4-4904-471b-9331-d3b1211f5525	ICT project manager	optional	http://data.europa.eu/esco/skill/f0de4973-0a70-4644-8fd4-3a97080476f4	DevOps	knowledge
8b6388a4-4904-471b-9331-d3b1211f5525	ICT project manager	optional	http://data.europa.eu/esco/skill/bc067d2e-e151-408f-8e34-24effd2b7fd6	use e-procurement	skill
8b6388a4-4904-471b-9331-d3b1211f5525	ICT project manager	optional	http://data.europa.eu/esco/skill/5be3d306-6cf1-4b49-aa1d-01651dd4ba4c	object-oriented modelling	knowledge
8b6388a4-4904-471b-9331-d3b1211f5525	ICT project manager	optional	http://data.europa.eu/esco/skill/00c04e40-35ea-4ed1-824c-82f936c8f876	incremental development	knowledge
8b6388a4-4904-471b-9331-d3b1211f5525	ICT project manager	optional	http://data.europa.eu/esco/skill/09f2f811-a3fb-4de3-a70f-6420a6935575	systems development life-cycle	knowledge
8b6388a4-4904-471b-9331-d3b1211f5525	ICT project manager	optional	http://data.europa.eu/esco/skill/b16200f4-4f39-4b8b-aa9d-3568054d6bdb	Open source model	knowledge
8b6388a4-4904-471b-9331-d3b1211f5525	ICT project manager	optional	http://data.europa.eu/esco/skill/d5a59ca8-2e91-472e-8571-d12ce4478679	Process-based management	knowledge
8b6388a4-4904-471b-9331-d3b1211f5525	ICT project manager	optional	http://data.europa.eu/esco/skill/2450c3b3-e78e-435b-b84d-e05d984e71dc	software architecture models	knowledge
8b6388a4-4904-471b-9331-d3b1211f5525	ICT project manager	optional	http://data.europa.eu/esco/skill/a846cb9e-c152-41e7-bd34-45e7ff941e3b	legal requirements of ICT products	knowledge
8b6388a4-4904-471b-9331-d3b1211f5525	ICT project manager	optional	http://data.europa.eu/esco/skill/83218cac-3599-417e-93d2-26013cdccd98	service-oriented modelling	knowledge
8b6388a4-4904-471b-9331-d3b1211f5525	ICT project manager	optional	http://data.europa.eu/esco/skill/9e9a4209-c7cf-4f6e-973e-dc2ffadccc74	perform procurement processes	skill
8b6388a4-4904-471b-9331-d3b1211f5525	ICT project manager	optional	http://data.europa.eu/esco/skill/f17f94f1-88cb-4815-873a-2a9639f10729	draft project documentation	skill
8b6388a4-4904-471b-9331-d3b1211f5525	ICT project manager	optional	http://data.europa.eu/esco/skill/0a9acb6b-1139-4be9-b431-3a80a959f2f4	Agile project management	knowledge
8b6388a4-4904-471b-9331-d3b1211f5525	ICT project manager	optional	http://data.europa.eu/esco/skill/d3eccb86-f02d-4950-bfbd-20b9510774a1	apply organisational techniques	skill
8b6388a4-4904-471b-9331-d3b1211f5525	ICT project manager	optional	http://data.europa.eu/esco/skill/ea1bf5e5-e7f0-4d2c-a415-1c39c00512b1	document management	knowledge
8b6388a4-4904-471b-9331-d3b1211f5525	ICT project manager	optional	http://data.europa.eu/esco/skill/96eb286a-58b7-45ff-a916-5578d0b79b8c	Rapid application development	knowledge
8b6388a4-4904-471b-9331-d3b1211f5525	ICT project manager	optional	http://data.europa.eu/esco/skill/69cfc5ed-6569-4aca-a4cc-fd782ba51d9c	implement ICT risk management	skill
8b6388a4-4904-471b-9331-d3b1211f5525	ICT project manager	optional	http://data.europa.eu/esco/skill/ed1d8bd4-cd2a-4c64-b665-56d70651026c	Prototyping development	knowledge
8b6388a4-4904-471b-9331-d3b1211f5525	ICT project manager	optional	http://data.europa.eu/esco/skill/33d49d4f-31ec-473f-9b8a-b555aa5116bb	iterative development	knowledge
8b6388a4-4904-471b-9331-d3b1211f5525	ICT project manager	optional	http://data.europa.eu/esco/skill/ca73ac82-867a-4afa-9732-834aebe896ff	ICT system user requirements	knowledge
8b6388a4-4904-471b-9331-d3b1211f5525	ICT project manager	optional	http://data.europa.eu/esco/skill/7e1f9657-ab4e-407c-842f-b846197060e3	execute ICT audits	skill
8b6388a4-4904-471b-9331-d3b1211f5525	ICT project manager	optional	http://data.europa.eu/esco/skill/6430eb0d-c6de-46b7-a7fc-3dd2e8e62a69	use ICT ticketing system	skill
8b6388a4-4904-471b-9331-d3b1211f5525	ICT project manager	optional	http://data.europa.eu/esco/skill/6f8baa62-bc2b-4cc1-942b-f540c837cfa2	outsourcing strategy	knowledge
8b6388a4-4904-471b-9331-d3b1211f5525	ICT project manager	optional	http://data.europa.eu/esco/skill/a9bf8565-8a09-4118-9922-932d65a79d69	manage localisation	skill
8b6388a4-4904-471b-9331-d3b1211f5525	ICT project manager	optional	http://data.europa.eu/esco/skill/4840338b-ac6c-486a-be1d-9ddfe00b8bdf	Spiral development	knowledge
8b6388a4-4904-471b-9331-d3b1211f5525	ICT project manager	optional	http://data.europa.eu/esco/skill/694dc996-52f3-4afa-a802-672e19f061b7	crowdsourcing strategy	knowledge
8b6388a4-4904-471b-9331-d3b1211f5525	ICT project manager	optional	http://data.europa.eu/esco/skill/c7cc6dc5-d56b-4323-8e5c-47c4022f615f	quality assurance methodologies	knowledge
8b6388a4-4904-471b-9331-d3b1211f5525	ICT project manager	optional	http://data.europa.eu/esco/skill/fafe0b9d-dbd9-46bd-b770-26299539ce66	ICT process quality models	knowledge
8b6388a4-4904-471b-9331-d3b1211f5525	ICT project manager	optional	http://data.europa.eu/esco/skill/1b3fc0e0-c6f9-45fc-9c6e-14bbba662979	develop information standards	skill
8b6388a4-4904-471b-9331-d3b1211f5525	ICT project manager	optional	http://data.europa.eu/esco/skill/da6393d5-a53c-4863-abc7-51f36281d74e	lean project management	knowledge
8b6388a4-4904-471b-9331-d3b1211f5525	ICT project manager	optional	http://data.europa.eu/esco/skill/67a118f4-8a5f-48f7-8e5f-de34b9ca2c37	hybrid model	knowledge
8b6388a4-4904-471b-9331-d3b1211f5525	ICT project manager	optional	http://data.europa.eu/esco/skill/770d4956-b5e0-4d44-bf42-3a766b232c5d	maintain a central project repository	skill
8b6388a4-4904-471b-9331-d3b1211f5525	ICT project manager	optional	http://data.europa.eu/esco/skill/ccb2e5f2-4279-48fd-9d85-a1db42ff1e13	project configuration management	knowledge
8b6388a4-4904-471b-9331-d3b1211f5525	ICT project manager	optional	http://data.europa.eu/esco/skill/63f0aa84-5e4c-4eb6-8e8c-876d9feedf1f	Outsourcing model	knowledge
8b6388a4-4904-471b-9331-d3b1211f5525	ICT project manager	optional	http://data.europa.eu/esco/skill/3cd35f5d-ce6d-4f14-9a09-53d7a28d834c	maintain relationship with suppliers	skill
8b6388a4-4904-471b-9331-d3b1211f5525	ICT project manager	optional	http://data.europa.eu/esco/skill/03b9b491-fc9b-4868-914a-bf7cd47b5041	create solutions to problems	skill
8b6388a4-4904-471b-9331-d3b1211f5525	ICT project manager	optional	http://data.europa.eu/esco/skill/d9e5349e-8791-49c2-8ba4-839fdd1606c2	define technical requirements	skill
8b6388a4-4904-471b-9331-d3b1211f5525	ICT project manager	optional	http://data.europa.eu/esco/skill/6a876489-7ad8-4a13-b09c-c9b8e97a302e	Waterfall development	knowledge
8b6388a4-4904-471b-9331-d3b1211f5525	ICT project manager	optional	http://data.europa.eu/esco/skill/1fcce318-3212-487a-ac07-4941bc85060d	carry out project activities	skill
8b6388a4-4904-471b-9331-d3b1211f5525	ICT project manager	optional	http://data.europa.eu/esco/skill/3c03ee71-4a23-448f-b79e-81fd75d27dca	apply change management	skill
8b6388a4-4904-471b-9331-d3b1211f5525	ICT project manager	optional	http://data.europa.eu/esco/skill/dba46f87-0831-49cd-a1c7-340a653c0221	Agile development	knowledge
8b6388a4-4904-471b-9331-d3b1211f5525	ICT project manager	optional	http://data.europa.eu/esco/skill/8ff015a0-98ea-4d80-a23e-1f68110a919e	software design methodologies	knowledge
8b6388a4-4904-471b-9331-d3b1211f5525	ICT project manager	optional	http://data.europa.eu/esco/skill/eff1bb34-b454-4482-8c29-65f820619f3c	insourcing strategy	knowledge
8b6388a4-4904-471b-9331-d3b1211f5525	ICT project manager	optional	http://data.europa.eu/esco/skill/c3687b34-fe53-4db2-ad1b-5055a6c5b6fd	organise project meetings	skill
a79170ad-0b7b-4697-864f-1748359aa10a	ICT product manager	essential	http://data.europa.eu/esco/skill/0e1fe34b-f4e7-4642-8c8b-5a05ac3438e5	manage schedule of tasks	skill
a79170ad-0b7b-4697-864f-1748359aa10a	ICT product manager	essential	http://data.europa.eu/esco/skill/fe39d4db-4cb5-4299-bb9f-896c8fd6ab13	perform market research	skill
a79170ad-0b7b-4697-864f-1748359aa10a	ICT product manager	essential	http://data.europa.eu/esco/skill/7d35602d-bc94-4975-aa7c-f4e8e05ce8e0	cost management	knowledge
a79170ad-0b7b-4697-864f-1748359aa10a	ICT product manager	essential	http://data.europa.eu/esco/skill/7a17d7ce-01a2-4746-bbcc-22ffe22fa16e	monitor technology trends	skill
a79170ad-0b7b-4697-864f-1748359aa10a	ICT product manager	essential	http://data.europa.eu/esco/skill/d6d3fee7-47e2-47f4-a0ec-6c75f28c6abd	product comprehension	knowledge
a79170ad-0b7b-4697-864f-1748359aa10a	ICT product manager	essential	http://data.europa.eu/esco/skill/d0c6d77e-cb25-4770-bf77-2073fc5f7523	ICT infrastructure	knowledge
a79170ad-0b7b-4697-864f-1748359aa10a	ICT product manager	essential	http://data.europa.eu/esco/skill/e5609f89-0daf-40bb-bd6b-94f5d7498131	ICT market	knowledge
a79170ad-0b7b-4697-864f-1748359aa10a	ICT product manager	essential	http://data.europa.eu/esco/skill/92721092-fe7c-4689-96bd-4f02385bc0e7	manage contracts	skill
a79170ad-0b7b-4697-864f-1748359aa10a	ICT product manager	essential	http://data.europa.eu/esco/skill/29fb886c-6be0-4e93-9ea1-232881f2092a	plan product management	skill
a79170ad-0b7b-4697-864f-1748359aa10a	ICT product manager	essential	http://data.europa.eu/esco/skill/aba1f05b-f312-47d8-be71-7c574134de8f	advertising techniques	knowledge
a79170ad-0b7b-4697-864f-1748359aa10a	ICT product manager	essential	http://data.europa.eu/esco/skill/d9e5349e-8791-49c2-8ba4-839fdd1606c2	define technical requirements	skill
a79170ad-0b7b-4697-864f-1748359aa10a	ICT product manager	essential	http://data.europa.eu/esco/skill/0dc7aa1b-b5af-4f4b-81ce-ee22ed8b6926	assess ICT knowledge	skill
a79170ad-0b7b-4697-864f-1748359aa10a	ICT product manager	essential	http://data.europa.eu/esco/skill/09f2f811-a3fb-4de3-a70f-6420a6935575	systems development life-cycle	knowledge
a79170ad-0b7b-4697-864f-1748359aa10a	ICT product manager	essential	http://data.europa.eu/esco/skill/9ce670ec-318c-4a91-9179-03437db728dc	ICT software specifications	knowledge
a79170ad-0b7b-4697-864f-1748359aa10a	ICT product manager	essential	http://data.europa.eu/esco/skill/48b68726-0fd6-4e03-a5eb-82236516ee7a	provide cost benefit analysis reports	skill
a79170ad-0b7b-4697-864f-1748359aa10a	ICT product manager	essential	http://data.europa.eu/esco/skill/ca73ac82-867a-4afa-9732-834aebe896ff	ICT system user requirements	knowledge
a79170ad-0b7b-4697-864f-1748359aa10a	ICT product manager	essential	http://data.europa.eu/esco/skill/1dd23dba-dd00-45ab-abf4-642902538317	perform risk analysis	skill
a79170ad-0b7b-4697-864f-1748359aa10a	ICT product manager	essential	http://data.europa.eu/esco/skill/3497ebe1-d417-4105-a68f-f7bbcac7ee5f	ICT hardware specifications	knowledge
a79170ad-0b7b-4697-864f-1748359aa10a	ICT product manager	essential	http://data.europa.eu/esco/skill/21c5790c-0930-4d74-b3b0-84caf5af12ea	manage budgets	skill
a79170ad-0b7b-4697-864f-1748359aa10a	ICT product manager	essential	http://data.europa.eu/esco/skill/17c9a790-5664-4673-8237-c4cf3c5a8da5	conduct impact evaluation of ICT processes on business	skill
a79170ad-0b7b-4697-864f-1748359aa10a	ICT product manager	essential	http://data.europa.eu/esco/skill/248894d1-42dc-474f-af6e-2da52ac0c679	define technology strategy	skill
a79170ad-0b7b-4697-864f-1748359aa10a	ICT product manager	essential	http://data.europa.eu/esco/skill/21fecc8a-392e-49ce-ac26-fb0696ccfead	create project specifications	skill
a79170ad-0b7b-4697-864f-1748359aa10a	ICT product manager	essential	http://data.europa.eu/esco/skill/d15ba5cb-9212-4a90-85af-2c560da59925	perform product planning	skill
a79170ad-0b7b-4697-864f-1748359aa10a	ICT product manager	optional	http://data.europa.eu/esco/skill/dba46f87-0831-49cd-a1c7-340a653c0221	Agile development	knowledge
a79170ad-0b7b-4697-864f-1748359aa10a	ICT product manager	optional	http://data.europa.eu/esco/skill/6a876489-7ad8-4a13-b09c-c9b8e97a302e	Waterfall development	knowledge
a79170ad-0b7b-4697-864f-1748359aa10a	ICT product manager	optional	http://data.europa.eu/esco/skill/94dd823c-148e-4614-a6e8-99249b16357d	ICT project management	knowledge
a79170ad-0b7b-4697-864f-1748359aa10a	ICT product manager	optional	http://data.europa.eu/esco/skill/00c04e40-35ea-4ed1-824c-82f936c8f876	incremental development	knowledge
a79170ad-0b7b-4697-864f-1748359aa10a	ICT product manager	optional	http://data.europa.eu/esco/skill/98301d4a-2cc3-439d-8d7f-0b6ac76302bb	business process modelling	knowledge
a79170ad-0b7b-4697-864f-1748359aa10a	ICT product manager	optional	http://data.europa.eu/esco/skill/397da142-ab35-48fe-b154-7c38f447adfb	digital systems	knowledge
a79170ad-0b7b-4697-864f-1748359aa10a	ICT product manager	optional	http://data.europa.eu/esco/skill/96eb286a-58b7-45ff-a916-5578d0b79b8c	Rapid application development	knowledge
a79170ad-0b7b-4697-864f-1748359aa10a	ICT product manager	optional	http://data.europa.eu/esco/skill/b16200f4-4f39-4b8b-aa9d-3568054d6bdb	Open source model	knowledge
a79170ad-0b7b-4697-864f-1748359aa10a	ICT product manager	optional	http://data.europa.eu/esco/skill/33d49d4f-31ec-473f-9b8a-b555aa5116bb	iterative development	knowledge
a79170ad-0b7b-4697-864f-1748359aa10a	ICT product manager	optional	http://data.europa.eu/esco/skill/8d4271ca-c9fd-40b3-875f-15f78332a49e	quality standards	knowledge
a79170ad-0b7b-4697-864f-1748359aa10a	ICT product manager	optional	http://data.europa.eu/esco/skill/4840338b-ac6c-486a-be1d-9ddfe00b8bdf	Spiral development	knowledge
a79170ad-0b7b-4697-864f-1748359aa10a	ICT product manager	optional	http://data.europa.eu/esco/skill/72a74f69-5cf1-43c5-99b9-62a444578919	engineering processes	knowledge
a79170ad-0b7b-4697-864f-1748359aa10a	ICT product manager	optional	http://data.europa.eu/esco/skill/63f0aa84-5e4c-4eb6-8e8c-876d9feedf1f	Outsourcing model	knowledge
a79170ad-0b7b-4697-864f-1748359aa10a	ICT product manager	optional	http://data.europa.eu/esco/skill/ed1d8bd4-cd2a-4c64-b665-56d70651026c	Prototyping development	knowledge
a79170ad-0b7b-4697-864f-1748359aa10a	ICT product manager	optional	http://data.europa.eu/esco/skill/a9bf8565-8a09-4118-9922-932d65a79d69	manage localisation	skill
a79170ad-0b7b-4697-864f-1748359aa10a	ICT product manager	optional	http://data.europa.eu/esco/skill/628664ec-a63b-4486-8d65-02aba81c82a0	ICT sales methodologies	knowledge
a79170ad-0b7b-4697-864f-1748359aa10a	ICT product manager	optional	http://data.europa.eu/esco/skill/a8797f21-1af0-4c5e-98ca-bf1442929363	interact with users to gather requirements	skill
a79170ad-0b7b-4697-864f-1748359aa10a	ICT product manager	optional	http://data.europa.eu/esco/skill/f0de4973-0a70-4644-8fd4-3a97080476f4	DevOps	knowledge
a79170ad-0b7b-4697-864f-1748359aa10a	ICT product manager	optional	http://data.europa.eu/esco/skill/7814e88f-c133-4c3b-b27f-857afa145d42	ICT security legislation	knowledge
a79170ad-0b7b-4697-864f-1748359aa10a	ICT product manager	optional	http://data.europa.eu/esco/skill/fafe0b9d-dbd9-46bd-b770-26299539ce66	ICT process quality models	knowledge
a79170ad-0b7b-4697-864f-1748359aa10a	ICT product manager	optional	http://data.europa.eu/esco/skill/ba1b0441-a6b8-4e57-8ccc-871012f63e42	trading software	knowledge
a79170ad-0b7b-4697-864f-1748359aa10a	ICT product manager	optional	http://data.europa.eu/esco/skill/3be6b84a-fa78-42b9-a8df-150cdb40b9d7	ICT quality policy	knowledge
a79170ad-0b7b-4697-864f-1748359aa10a	ICT product manager	optional	http://data.europa.eu/esco/skill/8ff015a0-98ea-4d80-a23e-1f68110a919e	software design methodologies	knowledge
a79170ad-0b7b-4697-864f-1748359aa10a	ICT product manager	optional	http://data.europa.eu/esco/skill/2fb8480e-de3c-462b-b169-e8bbb344da68	innovation processes	knowledge
a79170ad-0b7b-4697-864f-1748359aa10a	ICT product manager	optional	http://data.europa.eu/esco/skill/062320e5-79d1-45e8-8b7e-5deeb53279a2	perform online data analysis	skill
a79170ad-0b7b-4697-864f-1748359aa10a	ICT product manager	optional	http://data.europa.eu/esco/skill/83218cac-3599-417e-93d2-26013cdccd98	service-oriented modelling	knowledge
a79170ad-0b7b-4697-864f-1748359aa10a	ICT product manager	optional	http://data.europa.eu/esco/skill/67a118f4-8a5f-48f7-8e5f-de34b9ca2c37	hybrid model	knowledge
9f508305-80ce-4111-8722-f2c9b4a44890	product manager	essential	http://data.europa.eu/esco/skill/54e60889-c5cc-435f-8d6d-7aefb67e993a	organise participation in local or international events	skill
9f508305-80ce-4111-8722-f2c9b4a44890	product manager	essential	http://data.europa.eu/esco/skill/5f302d63-048e-451c-b150-97c124a5a26b	analyse economic trends	skill
9f508305-80ce-4111-8722-f2c9b4a44890	product manager	essential	http://data.europa.eu/esco/skill/3c834f6e-523a-49ee-8ed1-e073e28ae6fe	develop communications strategies	skill
9f508305-80ce-4111-8722-f2c9b4a44890	product manager	essential	http://data.europa.eu/esco/skill/b7a03115-41c9-4167-a0b6-7e40cf0fd607	manage product testing	skill
9f508305-80ce-4111-8722-f2c9b4a44890	product manager	essential	http://data.europa.eu/esco/skill/08f0af26-2178-40d2-9267-6d50a7346555	combine business technology with user experience	skill
9f508305-80ce-4111-8722-f2c9b4a44890	product manager	essential	http://data.europa.eu/esco/skill/63f224ea-d889-42ea-b3ef-730ef78c7176	develop new products	skill
9f508305-80ce-4111-8722-f2c9b4a44890	product manager	essential	http://data.europa.eu/esco/skill/21e0cad8-4eef-42be-b18b-0f8e37f0dbd0	product life-cycle	knowledge
9f508305-80ce-4111-8722-f2c9b4a44890	product manager	essential	http://data.europa.eu/esco/skill/8770350e-746f-4adb-9556-18ca68104be6	market research	knowledge
9f508305-80ce-4111-8722-f2c9b4a44890	product manager	essential	http://data.europa.eu/esco/skill/fd843a67-4662-4682-9c7e-b4d794eaff12	prepare market research reports	skill
9f508305-80ce-4111-8722-f2c9b4a44890	product manager	essential	http://data.europa.eu/esco/skill/4b95c7bb-5672-4e4a-88ea-ba96c12e8ca2	manage the customer experience	skill
9f508305-80ce-4111-8722-f2c9b4a44890	product manager	essential	http://data.europa.eu/esco/skill/66fda9e5-f9f7-4342-b4f1-23355bcdd0b9	develop promotional tools	skill
9f508305-80ce-4111-8722-f2c9b4a44890	product manager	essential	http://data.europa.eu/esco/skill/fe39d4db-4cb5-4299-bb9f-896c8fd6ab13	perform market research	skill
9f508305-80ce-4111-8722-f2c9b4a44890	product manager	essential	http://data.europa.eu/esco/skill/be20d05c-f6b4-4580-9fcf-f00f4baab562	make data-driven decisions	skill
9f508305-80ce-4111-8722-f2c9b4a44890	product manager	essential	http://data.europa.eu/esco/skill/bf40aa7c-1e99-40bb-a718-1e1492aaf00f	identify market niches	skill
9f508305-80ce-4111-8722-f2c9b4a44890	product manager	essential	http://data.europa.eu/esco/skill/46cb7282-7fb0-4d3c-b6b8-bfe81fab077e	draw conclusions from market research results	skill
9f508305-80ce-4111-8722-f2c9b4a44890	product manager	essential	http://data.europa.eu/esco/skill/7bb5d9af-0a7e-48a7-a860-0e1ded0f6e75	design customer experiences	skill
9f508305-80ce-4111-8722-f2c9b4a44890	product manager	essential	http://data.europa.eu/esco/skill/248894d1-42dc-474f-af6e-2da52ac0c679	define technology strategy	skill
9f508305-80ce-4111-8722-f2c9b4a44890	product manager	essential	http://data.europa.eu/esco/skill/d5493cca-ee21-4e43-8bcd-ec38680746cc	execute marketing plan	skill
9f508305-80ce-4111-8722-f2c9b4a44890	product manager	essential	http://data.europa.eu/esco/skill/ead58f22-0af5-467c-ac1e-b750e4e1ac6a	develop business plans	skill
9f508305-80ce-4111-8722-f2c9b4a44890	product manager	essential	http://data.europa.eu/esco/skill/5d34adde-0b78-42b4-9d3d-69e9388d8398	oversee quality control	skill
9f508305-80ce-4111-8722-f2c9b4a44890	product manager	essential	http://data.europa.eu/esco/skill/29fb886c-6be0-4e93-9ea1-232881f2092a	plan product management	skill
9f508305-80ce-4111-8722-f2c9b4a44890	product manager	essential	http://data.europa.eu/esco/skill/750caee5-12a0-46ba-b8aa-1e56370deaf9	analyse consumer buying trends	skill
9f508305-80ce-4111-8722-f2c9b4a44890	product manager	essential	http://data.europa.eu/esco/skill/fd4386c5-96f0-4c6e-970c-c08729ae0cc6	develop product design	skill
9f508305-80ce-4111-8722-f2c9b4a44890	product manager	essential	http://data.europa.eu/esco/skill/0d11711b-870f-4701-be93-fa175b6e4002	persuade clients with alternatives	skill
9f508305-80ce-4111-8722-f2c9b4a44890	product manager	essential	http://data.europa.eu/esco/skill/292549e6-08ec-456c-b008-eba7a0a68428	analyse market financial trends	skill
9f508305-80ce-4111-8722-f2c9b4a44890	product manager	essential	http://data.europa.eu/esco/skill/ec6df9cb-be92-4027-80fa-83b70aabce58	industrial research and development	knowledge
9f508305-80ce-4111-8722-f2c9b4a44890	product manager	essential	http://data.europa.eu/esco/skill/463023d0-cc10-45eb-97ba-0be350825cee	socio-economic trends in your sector	knowledge
9f508305-80ce-4111-8722-f2c9b4a44890	product manager	essential	http://data.europa.eu/esco/skill/33a0a2ea-025e-4107-8717-39ac45b3b78c	design management	knowledge
9f508305-80ce-4111-8722-f2c9b4a44890	product manager	optional	http://data.europa.eu/esco/skill/7d35602d-bc94-4975-aa7c-f4e8e05ce8e0	cost management	knowledge
9f508305-80ce-4111-8722-f2c9b4a44890	product manager	optional	http://data.europa.eu/esco/skill/1605025e-a179-421f-8f35-5b07d182a6b2	web analytics	knowledge
9f508305-80ce-4111-8722-f2c9b4a44890	product manager	optional	http://data.europa.eu/esco/skill/b3a75400-103f-42c7-b742-be11d161d05b	manage production systems	skill
9f508305-80ce-4111-8722-f2c9b4a44890	product manager	optional	http://data.europa.eu/esco/skill/2111dff8-f830-46ad-80ce-7885893b3134	coordinate events	skill
9f508305-80ce-4111-8722-f2c9b4a44890	product manager	optional	http://data.europa.eu/esco/skill/171eee55-19b9-46d6-aded-33193ba8ccf1	study sales levels of products	skill
9f508305-80ce-4111-8722-f2c9b4a44890	product manager	optional	http://data.europa.eu/esco/skill/c0799f81-9955-463a-b071-4f1c82719aa8	manage the handling of promotional materials	skill
9f508305-80ce-4111-8722-f2c9b4a44890	product manager	optional	http://data.europa.eu/esco/skill/07dd856d-6141-48a7-a228-918f88494812	create prototype of user experience solutions	skill
9f508305-80ce-4111-8722-f2c9b4a44890	product manager	optional	http://data.europa.eu/esco/skill/e2d0daae-2aa1-40cc-99e2-b340b02f97d3	product data management	knowledge
9f508305-80ce-4111-8722-f2c9b4a44890	product manager	optional	http://data.europa.eu/esco/skill/03bc5f23-4317-41c2-9528-2db5c3c87b85	analyse cultural trends	skill
9f508305-80ce-4111-8722-f2c9b4a44890	product manager	optional	http://data.europa.eu/esco/skill/e7219848-a27a-4bf4-8775-d367707be7c9	sales strategies	knowledge
9f508305-80ce-4111-8722-f2c9b4a44890	product manager	optional	http://data.europa.eu/esco/skill/1c460d2d-90c6-4fc9-ad49-febb6e15605a	pricing strategies	knowledge
9f508305-80ce-4111-8722-f2c9b4a44890	product manager	optional	http://data.europa.eu/esco/skill/69f36674-440a-4fa0-89f9-1b70172ebb9d	advise on communication strategies	skill
9f508305-80ce-4111-8722-f2c9b4a44890	product manager	optional	http://data.europa.eu/esco/skill/ad28c970-6bc7-4fff-9c01-0f4d67769de3	develop revenue generation strategies	skill
9f508305-80ce-4111-8722-f2c9b4a44890	product manager	optional	http://data.europa.eu/esco/skill/c8f14c32-7f24-41bb-9e8f-b24d6fd3ca86	follow production schedule	skill
9f508305-80ce-4111-8722-f2c9b4a44890	product manager	optional	http://data.europa.eu/esco/skill/d6d3fee7-47e2-47f4-a0ec-6c75f28c6abd	product comprehension	knowledge
9f508305-80ce-4111-8722-f2c9b4a44890	product manager	optional	http://data.europa.eu/esco/skill/08e2ff26-88ff-47b5-9d37-d19ace01b075	manage feedback	skill
9f508305-80ce-4111-8722-f2c9b4a44890	product manager	optional	http://data.europa.eu/esco/skill/9f10e94b-a43d-4772-9f60-24e9bbbdedb7	maximise sales revenues	skill
9f508305-80ce-4111-8722-f2c9b4a44890	product manager	optional	http://data.europa.eu/esco/skill/f453b1a6-c7db-4d9d-9ba3-47c45159bfe3	ensure products meet regulatory requirements	skill
9f508305-80ce-4111-8722-f2c9b4a44890	product manager	optional	http://data.europa.eu/esco/skill/12c7b323-d870-4f5b-9d7d-d9f525206d77	production processes	knowledge
9f508305-80ce-4111-8722-f2c9b4a44890	product manager	optional	http://data.europa.eu/esco/skill/21c5790c-0930-4d74-b3b0-84caf5af12ea	manage budgets	skill
9f508305-80ce-4111-8722-f2c9b4a44890	product manager	optional	http://data.europa.eu/esco/skill/2a778aeb-f246-4f03-9a96-c60183001037	schedule production	skill
9f508305-80ce-4111-8722-f2c9b4a44890	product manager	optional	http://data.europa.eu/esco/skill/0dd4d328-f015-463d-9a7e-06b7041f0b26	consumer goods industry	knowledge
9f508305-80ce-4111-8722-f2c9b4a44890	product manager	optional	http://data.europa.eu/esco/skill/d63f49de-cb72-4ce3-9553-a374a4f32f52	analyse data about clients	skill
9f508305-80ce-4111-8722-f2c9b4a44890	product manager	optional	http://data.europa.eu/esco/skill/4cfc7ef6-e251-4c93-bd5e-fd6936dee11c	manage profitability	skill
9f508305-80ce-4111-8722-f2c9b4a44890	product manager	optional	http://data.europa.eu/esco/skill/6c870993-9341-438b-91c0-c7fe4f96d8f5	apply strategic thinking	skill
9f508305-80ce-4111-8722-f2c9b4a44890	product manager	optional	http://data.europa.eu/esco/skill/22c45bf7-e52b-475f-847b-c32a87f65a5d	circular economy	knowledge
9f508305-80ce-4111-8722-f2c9b4a44890	product manager	optional	http://data.europa.eu/esco/skill/8d4271ca-c9fd-40b3-875f-15f78332a49e	quality standards	knowledge
9f508305-80ce-4111-8722-f2c9b4a44890	product manager	optional	http://data.europa.eu/esco/skill/aa7eac5f-dc9d-401a-b197-c9c455d78c95	integrate marketing strategies with the global strategy	skill
9f508305-80ce-4111-8722-f2c9b4a44890	product manager	optional	http://data.europa.eu/esco/skill/8dcbcabe-09f7-4d11-940d-125af57bbc40	track key performance indicators	skill
9f508305-80ce-4111-8722-f2c9b4a44890	product manager	optional	http://data.europa.eu/esco/skill/d4cc5022-7801-4885-bcff-166552788d35	provide improvement strategies	skill
9f508305-80ce-4111-8722-f2c9b4a44890	product manager	optional	http://data.europa.eu/esco/skill/d5111703-c344-484d-bef1-9565a278166a	market pricing	knowledge
9f508305-80ce-4111-8722-f2c9b4a44890	product manager	optional	http://data.europa.eu/esco/skill/2dd6ecdf-8a08-438b-8b4b-e0374f7b523b	carry out sales analysis	skill
9f508305-80ce-4111-8722-f2c9b4a44890	product manager	optional	http://data.europa.eu/esco/skill/c4867766-50f8-489e-98d7-262da5589c0a	solar products	knowledge
9f508305-80ce-4111-8722-f2c9b4a44890	product manager	optional	http://data.europa.eu/esco/skill/371d57e6-cc5f-4fc0-9c0c-58feb595cc5b	perform product testing	skill
bea99fea-0383-4c63-b944-70d4799de2c5	project manager	essential	http://data.europa.eu/esco/skill/1dae8445-12e5-423a-bb26-824010e299b9	ensure compliance with legal requirements	skill
bea99fea-0383-4c63-b944-70d4799de2c5	project manager	essential	http://data.europa.eu/esco/skill/e1f5c539-7c93-49ee-917d-a24e0d887686	control of expenses	skill
bea99fea-0383-4c63-b944-70d4799de2c5	project manager	essential	http://data.europa.eu/esco/skill/cd5efa8c-e44d-4cbc-91c6-796018dbed68	perform project management	skill
bea99fea-0383-4c63-b944-70d4799de2c5	project manager	essential	http://data.europa.eu/esco/skill/e54ff029-1ce9-447d-a5b2-eb7283a23e6e	train employees	skill
bea99fea-0383-4c63-b944-70d4799de2c5	project manager	essential	http://data.europa.eu/esco/skill/69f23426-9279-4fe6-a283-24c2aa4c855d	ensure equipment availability	skill
bea99fea-0383-4c63-b944-70d4799de2c5	project manager	essential	http://data.europa.eu/esco/skill/918f5211-b99f-4b29-9a34-6e475583ef55	write work-related reports	skill
bea99fea-0383-4c63-b944-70d4799de2c5	project manager	essential	http://data.europa.eu/esco/skill/65ca5e3c-940c-46b2-b277-aff394cfdd4c	establish daily priorities	skill
bea99fea-0383-4c63-b944-70d4799de2c5	project manager	essential	http://data.europa.eu/esco/skill/dc72ad0a-c5dc-4abd-bc0d-ca43e82162e1	build business relationships	skill
bea99fea-0383-4c63-b944-70d4799de2c5	project manager	essential	http://data.europa.eu/esco/skill/f14ff4b7-be1e-4b55-b39b-520005f8a97e	liaise with managers	skill
bea99fea-0383-4c63-b944-70d4799de2c5	project manager	essential	http://data.europa.eu/esco/skill/1dd23dba-dd00-45ab-abf4-642902538317	perform risk analysis	skill
bea99fea-0383-4c63-b944-70d4799de2c5	project manager	essential	http://data.europa.eu/esco/skill/32db65d3-5ef3-43eb-9bf8-752c9cf0b22e	customise project methodologies	skill
bea99fea-0383-4c63-b944-70d4799de2c5	project manager	essential	http://data.europa.eu/esco/skill/f17f94f1-88cb-4815-873a-2a9639f10729	draft project documentation	skill
bea99fea-0383-4c63-b944-70d4799de2c5	project manager	essential	http://data.europa.eu/esco/skill/b9bf9e17-ae47-417b-bbb1-e8b7c263ccac	identify legal requirements	skill
bea99fea-0383-4c63-b944-70d4799de2c5	project manager	essential	http://data.europa.eu/esco/skill/fe30a4b0-1a99-4fc7-afff-b162b8c834ba	communication principles	knowledge
bea99fea-0383-4c63-b944-70d4799de2c5	project manager	essential	http://data.europa.eu/esco/skill/0ee94af1-b445-4973-9c3f-459fab250342	apply conflict management	skill
bea99fea-0383-4c63-b944-70d4799de2c5	project manager	essential	http://data.europa.eu/esco/skill/c5a135be-218d-48e6-a422-5225a576dcd8	manage project metrics	skill
bea99fea-0383-4c63-b944-70d4799de2c5	project manager	essential	http://data.europa.eu/esco/skill/339ac029-066a-4985-9f9d-b3d7c8fea0bb	manage staff	skill
bea99fea-0383-4c63-b944-70d4799de2c5	project manager	essential	http://data.europa.eu/esco/skill/9013b46e-5a9b-4929-8918-fcadfdfd37ce	supervise daily information operations	skill
bea99fea-0383-4c63-b944-70d4799de2c5	project manager	essential	http://data.europa.eu/esco/skill/953c0b65-537a-42fe-a90b-26cd36c64361	manage logistics	skill
bea99fea-0383-4c63-b944-70d4799de2c5	project manager	essential	http://data.europa.eu/esco/skill/22902bf9-cc3f-495b-811a-c441e28e23f6	manage project information	skill
bea99fea-0383-4c63-b944-70d4799de2c5	project manager	essential	http://data.europa.eu/esco/skill/48b68726-0fd6-4e03-a5eb-82236516ee7a	provide cost benefit analysis reports	skill
bea99fea-0383-4c63-b944-70d4799de2c5	project manager	essential	http://data.europa.eu/esco/skill/020b3c27-bae1-4b85-9d6f-eccee0f5ed99	manage supplies	skill
bea99fea-0383-4c63-b944-70d4799de2c5	project manager	essential	http://data.europa.eu/esco/skill/e207163b-7963-4c3e-9494-7a4bb000211b	estimate duration of work	skill
bea99fea-0383-4c63-b944-70d4799de2c5	project manager	essential	http://data.europa.eu/esco/skill/0daaf096-1639-461c-bf1a-bbeea77e6b67	internal risk management policy	knowledge
bea99fea-0383-4c63-b944-70d4799de2c5	project manager	essential	http://data.europa.eu/esco/skill/f5dd06b8-5d17-4932-9d03-957d0c4f5051	perform resource planning	skill
bea99fea-0383-4c63-b944-70d4799de2c5	project manager	essential	http://data.europa.eu/esco/skill/4df7a57a-9405-4995-8e02-4ca404832247	manage project changes	skill
bea99fea-0383-4c63-b944-70d4799de2c5	project manager	essential	http://data.europa.eu/esco/skill/21fecc8a-392e-49ce-ac26-fb0696ccfead	create project specifications	skill
bea99fea-0383-4c63-b944-70d4799de2c5	project manager	essential	http://data.europa.eu/esco/skill/c3687b34-fe53-4db2-ad1b-5055a6c5b6fd	organise project meetings	skill
bea99fea-0383-4c63-b944-70d4799de2c5	project manager	essential	http://data.europa.eu/esco/skill/237db40b-4600-47c0-837f-4a2c4f3014ab	project management principles	knowledge
bea99fea-0383-4c63-b944-70d4799de2c5	project manager	essential	http://data.europa.eu/esco/skill/9979e727-3104-42e0-8f41-4af2578111ea	perform PESTEL analysis	skill
bea99fea-0383-4c63-b944-70d4799de2c5	project manager	essential	http://data.europa.eu/esco/skill/87de6e49-ca1c-42a4-8751-5ff0b991966b	negotiate with stakeholders	skill
bea99fea-0383-4c63-b944-70d4799de2c5	project manager	essential	http://data.europa.eu/esco/skill/7111b95d-0ce3-441a-9d92-4c75d05c4388	project management	knowledge
bea99fea-0383-4c63-b944-70d4799de2c5	project manager	essential	http://data.europa.eu/esco/skill/f5f5b244-6cea-4fbc-8a50-8f712791bc09	follow company standards	skill
bea99fea-0383-4c63-b944-70d4799de2c5	project manager	essential	http://data.europa.eu/esco/skill/21c5790c-0930-4d74-b3b0-84caf5af12ea	manage budgets	skill
bea99fea-0383-4c63-b944-70d4799de2c5	project manager	essential	http://data.europa.eu/esco/skill/c927ec6e-9082-4b22-afd3-0c4e219eaf73	ensure equipment maintenance	skill
bea99fea-0383-4c63-b944-70d4799de2c5	project manager	essential	http://data.europa.eu/esco/skill/802e6973-3270-4cf0-86e4-a6835caf1ba6	project management methodology (PM²)	knowledge
bea99fea-0383-4c63-b944-70d4799de2c5	project manager	optional	http://data.europa.eu/esco/skill/5da3c765-10a3-49eb-934c-ec401ceb1a34	analyse business plans	skill
bea99fea-0383-4c63-b944-70d4799de2c5	project manager	optional	http://data.europa.eu/esco/skill/c7cc6dc5-d56b-4323-8e5c-47c4022f615f	quality assurance methodologies	knowledge
bea99fea-0383-4c63-b944-70d4799de2c5	project manager	optional	http://data.europa.eu/esco/skill/f0393af3-bcd9-41af-a36e-0cfb83b60081	manage standard enterprise resource planning system	skill
bea99fea-0383-4c63-b944-70d4799de2c5	project manager	optional	http://data.europa.eu/esco/skill/6a609f8f-1451-4102-ad2d-62c5270e1237	office administration	knowledge
bea99fea-0383-4c63-b944-70d4799de2c5	project manager	optional	http://data.europa.eu/esco/skill/ccb2e5f2-4279-48fd-9d85-a1db42ff1e13	project configuration management	knowledge
bea99fea-0383-4c63-b944-70d4799de2c5	project manager	optional	http://data.europa.eu/esco/skill/9e84a506-df06-4be3-874a-fa01293e3dd5	business processes	knowledge
bea99fea-0383-4c63-b944-70d4799de2c5	project manager	optional	http://data.europa.eu/esco/skill/ead58f22-0af5-467c-ac1e-b750e4e1ac6a	develop business plans	skill
bea99fea-0383-4c63-b944-70d4799de2c5	project manager	optional	http://data.europa.eu/esco/skill/c73ea1b8-e121-4f91-b8f0-dee4ee28d6ec	plan schedule	skill
bea99fea-0383-4c63-b944-70d4799de2c5	project manager	optional	http://data.europa.eu/esco/skill/496932f1-0b6b-4f73-9432-d95c7ddcd43b	recruit employees	skill
bea99fea-0383-4c63-b944-70d4799de2c5	project manager	optional	http://data.europa.eu/esco/skill/44864dac-e16e-4a28-85d3-c08552f2fba3	design wayside signalling interlockings	skill
bea99fea-0383-4c63-b944-70d4799de2c5	project manager	optional	http://data.europa.eu/esco/skill/66db424f-2abe-420d-8e5b-186607266b61	corporate social responsibility	knowledge
bea99fea-0383-4c63-b944-70d4799de2c5	project manager	optional	http://data.europa.eu/esco/skill/8af372fa-7b85-4bab-ab20-3f2eb980c400	total quality control	knowledge
bea99fea-0383-4c63-b944-70d4799de2c5	project manager	optional	http://data.europa.eu/esco/skill/7ff2c668-0e86-418a-a962-4958262ee337	use communication techniques	skill
bea99fea-0383-4c63-b944-70d4799de2c5	project manager	optional	http://data.europa.eu/esco/skill/4339176e-3acd-4f7f-a5d9-445bee3d23f2	mathematics	knowledge
bea99fea-0383-4c63-b944-70d4799de2c5	project manager	optional	http://data.europa.eu/esco/skill/694dc996-52f3-4afa-a802-672e19f061b7	crowdsourcing strategy	knowledge
bea99fea-0383-4c63-b944-70d4799de2c5	project manager	optional	http://data.europa.eu/esco/skill/06d09f70-6ca8-4078-be72-4c2c2a11ee61	program management	knowledge
bea99fea-0383-4c63-b944-70d4799de2c5	project manager	optional	http://data.europa.eu/esco/skill/3cd35f5d-ce6d-4f14-9a09-53d7a28d834c	maintain relationship with suppliers	skill
bea99fea-0383-4c63-b944-70d4799de2c5	project manager	optional	http://data.europa.eu/esco/skill/9e00c7e1-2c36-4f0c-9acc-6668f4b10928	find a replacement for stage manager	skill
bea99fea-0383-4c63-b944-70d4799de2c5	project manager	optional	http://data.europa.eu/esco/skill/3c03ee71-4a23-448f-b79e-81fd75d27dca	apply change management	skill
bea99fea-0383-4c63-b944-70d4799de2c5	project manager	optional	http://data.europa.eu/esco/skill/da6393d5-a53c-4863-abc7-51f36281d74e	lean project management	knowledge
bea99fea-0383-4c63-b944-70d4799de2c5	project manager	optional	http://data.europa.eu/esco/skill/c881ddd2-9c0e-4743-bd24-36be650493dd	manage several projects	skill
bea99fea-0383-4c63-b944-70d4799de2c5	project manager	optional	http://data.europa.eu/esco/skill/dd7c9dfd-6e2c-46fd-aefc-369402d0200c	create a financial report	skill
bea99fea-0383-4c63-b944-70d4799de2c5	project manager	optional	http://data.europa.eu/esco/skill/770d4956-b5e0-4d44-bf42-3a766b232c5d	maintain a central project repository	skill
bea99fea-0383-4c63-b944-70d4799de2c5	project manager	optional	http://data.europa.eu/esco/skill/7ee4c2ea-b349-4bd2-81a3-ec31475d4833	statistics	knowledge
bea99fea-0383-4c63-b944-70d4799de2c5	project manager	optional	http://data.europa.eu/esco/skill/6f8baa62-bc2b-4cc1-942b-f540c837cfa2	outsourcing strategy	knowledge
bea99fea-0383-4c63-b944-70d4799de2c5	project manager	optional	http://data.europa.eu/esco/skill/9be758b6-a45d-403c-8943-68390ee2c961	quantity surveying	knowledge
bea99fea-0383-4c63-b944-70d4799de2c5	project manager	optional	http://data.europa.eu/esco/skill/8744f28f-59a9-45af-8ef6-6944cb5a1473	risk identification	knowledge
bea99fea-0383-4c63-b944-70d4799de2c5	project manager	optional	http://data.europa.eu/esco/skill/eff1bb34-b454-4482-8c29-65f820619f3c	insourcing strategy	knowledge
bea99fea-0383-4c63-b944-70d4799de2c5	project manager	optional	http://data.europa.eu/esco/skill/2a2fa8e8-aaf3-4abf-a60b-af6415f1c6d4	strive for company growth	skill
bea99fea-0383-4c63-b944-70d4799de2c5	project manager	optional	http://data.europa.eu/esco/skill/7106b5df-e017-4c28-8c40-98814db5b775	Prince2 project management	knowledge
bea99fea-0383-4c63-b944-70d4799de2c5	project manager	optional	http://data.europa.eu/esco/skill/0a9acb6b-1139-4be9-b431-3a80a959f2f4	Agile project management	knowledge
bea99fea-0383-4c63-b944-70d4799de2c5	project manager	optional	http://data.europa.eu/esco/skill/06f46a6e-62d3-4ca0-bedb-cb4c021c14ee	legal studies	knowledge
c94f3565-d987-431f-a46b-6f4e018e0bd7	programme manager	essential	http://data.europa.eu/esco/skill/c73ea1b8-e121-4f91-b8f0-dee4ee28d6ec	plan schedule	skill
c94f3565-d987-431f-a46b-6f4e018e0bd7	programme manager	essential	http://data.europa.eu/esco/skill/c881ddd2-9c0e-4743-bd24-36be650493dd	manage several projects	skill
c94f3565-d987-431f-a46b-6f4e018e0bd7	programme manager	essential	http://data.europa.eu/esco/skill/c5a135be-218d-48e6-a422-5225a576dcd8	manage project metrics	skill
c94f3565-d987-431f-a46b-6f4e018e0bd7	programme manager	essential	http://data.europa.eu/esco/skill/7111b95d-0ce3-441a-9d92-4c75d05c4388	project management	knowledge
c94f3565-d987-431f-a46b-6f4e018e0bd7	programme manager	essential	http://data.europa.eu/esco/skill/339ac029-066a-4985-9f9d-b3d7c8fea0bb	manage staff	skill
c94f3565-d987-431f-a46b-6f4e018e0bd7	programme manager	essential	http://data.europa.eu/esco/skill/65ca5e3c-940c-46b2-b277-aff394cfdd4c	establish daily priorities	skill
c94f3565-d987-431f-a46b-6f4e018e0bd7	programme manager	essential	http://data.europa.eu/esco/skill/b9bf9e17-ae47-417b-bbb1-e8b7c263ccac	identify legal requirements	skill
c94f3565-d987-431f-a46b-6f4e018e0bd7	programme manager	essential	http://data.europa.eu/esco/skill/66db424f-2abe-420d-8e5b-186607266b61	corporate social responsibility	knowledge
c94f3565-d987-431f-a46b-6f4e018e0bd7	programme manager	essential	http://data.europa.eu/esco/skill/020b3c27-bae1-4b85-9d6f-eccee0f5ed99	manage supplies	skill
c94f3565-d987-431f-a46b-6f4e018e0bd7	programme manager	essential	http://data.europa.eu/esco/skill/f5f5b244-6cea-4fbc-8a50-8f712791bc09	follow company standards	skill
c94f3565-d987-431f-a46b-6f4e018e0bd7	programme manager	essential	http://data.europa.eu/esco/skill/953c0b65-537a-42fe-a90b-26cd36c64361	manage logistics	skill
c94f3565-d987-431f-a46b-6f4e018e0bd7	programme manager	essential	http://data.europa.eu/esco/skill/9013b46e-5a9b-4929-8918-fcadfdfd37ce	supervise daily information operations	skill
c94f3565-d987-431f-a46b-6f4e018e0bd7	programme manager	essential	http://data.europa.eu/esco/skill/21c5790c-0930-4d74-b3b0-84caf5af12ea	manage budgets	skill
c94f3565-d987-431f-a46b-6f4e018e0bd7	programme manager	essential	http://data.europa.eu/esco/skill/e95058a6-e139-42e7-a470-72038a606649	assess financial viability	skill
c94f3565-d987-431f-a46b-6f4e018e0bd7	programme manager	essential	http://data.europa.eu/esco/skill/b9a92958-73a3-4f7a-b653-da32f354c62e	utilise economies of scale in projects	skill
c94f3565-d987-431f-a46b-6f4e018e0bd7	programme manager	essential	http://data.europa.eu/esco/skill/1dd23dba-dd00-45ab-abf4-642902538317	perform risk analysis	skill
c94f3565-d987-431f-a46b-6f4e018e0bd7	programme manager	essential	http://data.europa.eu/esco/skill/c927ec6e-9082-4b22-afd3-0c4e219eaf73	ensure equipment maintenance	skill
c94f3565-d987-431f-a46b-6f4e018e0bd7	programme manager	essential	http://data.europa.eu/esco/skill/48b68726-0fd6-4e03-a5eb-82236516ee7a	provide cost benefit analysis reports	skill
c94f3565-d987-431f-a46b-6f4e018e0bd7	programme manager	essential	http://data.europa.eu/esco/skill/69f23426-9279-4fe6-a283-24c2aa4c855d	ensure equipment availability	skill
c94f3565-d987-431f-a46b-6f4e018e0bd7	programme manager	essential	http://data.europa.eu/esco/skill/f5dd06b8-5d17-4932-9d03-957d0c4f5051	perform resource planning	skill
c94f3565-d987-431f-a46b-6f4e018e0bd7	programme manager	essential	http://data.europa.eu/esco/skill/2db2d9a8-298d-4d1a-a194-d3282e70d6cb	evaluate project plans	skill
c94f3565-d987-431f-a46b-6f4e018e0bd7	programme manager	essential	http://data.europa.eu/esco/skill/06d09f70-6ca8-4078-be72-4c2c2a11ee61	program management	knowledge
c94f3565-d987-431f-a46b-6f4e018e0bd7	programme manager	essential	http://data.europa.eu/esco/skill/f14ff4b7-be1e-4b55-b39b-520005f8a97e	liaise with managers	skill
c94f3565-d987-431f-a46b-6f4e018e0bd7	programme manager	essential	http://data.europa.eu/esco/skill/22902bf9-cc3f-495b-811a-c441e28e23f6	manage project information	skill
c94f3565-d987-431f-a46b-6f4e018e0bd7	programme manager	optional	http://data.europa.eu/esco/skill/802e6973-3270-4cf0-86e4-a6835caf1ba6	project management methodology (PM²)	knowledge
c94f3565-d987-431f-a46b-6f4e018e0bd7	programme manager	optional	http://data.europa.eu/esco/skill/2a2fa8e8-aaf3-4abf-a60b-af6415f1c6d4	strive for company growth	skill
c94f3565-d987-431f-a46b-6f4e018e0bd7	programme manager	optional	http://data.europa.eu/esco/skill/8a43795b-bb38-4f29-91df-a6c92ad4643c	analyse financial performance of a company	skill
c94f3565-d987-431f-a46b-6f4e018e0bd7	programme manager	optional	http://data.europa.eu/esco/skill/bb663409-5c88-4e3a-bc16-01aa1c8ce171	plan health and safety procedures	skill
c94f3565-d987-431f-a46b-6f4e018e0bd7	programme manager	optional	http://data.europa.eu/esco/skill/1d25213c-ab01-45c5-8bb3-f2fd9702a919	integrate headquarter's guidelines into local operations	skill
c94f3565-d987-431f-a46b-6f4e018e0bd7	programme manager	optional	http://data.europa.eu/esco/skill/91816e1a-d026-4d21-9b1c-59ca5cf488de	analyse internal factors of companies	skill
c94f3565-d987-431f-a46b-6f4e018e0bd7	programme manager	optional	http://data.europa.eu/esco/skill/f60c9e52-95fc-4ca1-a73c-18a491153b63	make strategic business decisions	skill
c94f3565-d987-431f-a46b-6f4e018e0bd7	programme manager	optional	http://data.europa.eu/esco/skill/ce5b1446-b5e3-4f05-a5ac-83f2ee142a44	analyse external factors of companies	skill
c94f3565-d987-431f-a46b-6f4e018e0bd7	programme manager	optional	http://data.europa.eu/esco/skill/a9c205ef-365a-4ae4-b905-cb48ba761ff0	impart business plans to collaborators	skill
c94f3565-d987-431f-a46b-6f4e018e0bd7	programme manager	optional	http://data.europa.eu/esco/skill/f2c63b7a-ed6c-4890-9f8c-7685d172624c	implement corporate governance	skill
c94f3565-d987-431f-a46b-6f4e018e0bd7	programme manager	optional	http://data.europa.eu/esco/skill/56c59e98-f133-48ad-9d01-f357a8e2c218	estimate profitability	skill
c94f3565-d987-431f-a46b-6f4e018e0bd7	programme manager	optional	http://data.europa.eu/esco/skill/ad28c970-6bc7-4fff-9c01-0f4d67769de3	develop revenue generation strategies	skill
c94f3565-d987-431f-a46b-6f4e018e0bd7	programme manager	optional	http://data.europa.eu/esco/skill/4bd6e2ad-bf69-4198-b3ac-3baabd9da46e	support managers	skill
c94f3565-d987-431f-a46b-6f4e018e0bd7	programme manager	optional	http://data.europa.eu/esco/skill/f1155d3f-fbca-4298-a31c-f6955653bacf	shape organisational teams based on competencies	skill
c94f3565-d987-431f-a46b-6f4e018e0bd7	programme manager	optional	http://data.europa.eu/esco/skill/5f1d1319-7954-4a9b-90c7-57668e3a0d4b	interpret financial statements	skill
c94f3565-d987-431f-a46b-6f4e018e0bd7	programme manager	optional	http://data.europa.eu/esco/skill/8bc75dce-beba-40f9-93fc-66c9708ed74b	advise on efficiency improvements	skill
c94f3565-d987-431f-a46b-6f4e018e0bd7	programme manager	optional	http://data.europa.eu/esco/skill/4cfc7ef6-e251-4c93-bd5e-fd6936dee11c	manage profitability	skill
c94f3565-d987-431f-a46b-6f4e018e0bd7	programme manager	optional	http://data.europa.eu/esco/skill/dccbdbb8-7266-4fb4-a4cf-29056f102f12	budget for financial needs	skill
c94f3565-d987-431f-a46b-6f4e018e0bd7	programme manager	optional	http://data.europa.eu/esco/skill/0c9da986-721e-4f75-b566-0c6c212a8f60	make investment decisions	skill
c94f3565-d987-431f-a46b-6f4e018e0bd7	programme manager	optional	http://data.europa.eu/esco/skill/2d008d5a-b7bd-46f7-bbb1-5d70a0af9c84	control financial resources	skill
c94f3565-d987-431f-a46b-6f4e018e0bd7	programme manager	optional	http://data.europa.eu/esco/skill/ee7f90cc-922e-4da7-a7ae-83c2688fed10	align efforts towards business development	skill
faed411a-f920-4100-86a8-b877928b429c	user experience analyst	essential	http://data.europa.eu/esco/skill/a4c2aa71-086f-4a46-b481-2619673c9dfe	execute ICT user research activities	skill
faed411a-f920-4100-86a8-b877928b429c	user experience analyst	essential	http://data.europa.eu/esco/skill/b04f377b-ee80-4b38-aca1-19d266a23b17	analyse business requirements	skill
faed411a-f920-4100-86a8-b877928b429c	user experience analyst	essential	http://data.europa.eu/esco/skill/2618f336-8e71-4666-83b5-f368edb0906d	cognitive psychology	knowledge
faed411a-f920-4100-86a8-b877928b429c	user experience analyst	essential	http://data.europa.eu/esco/skill/de0be6e8-644c-4cc9-9c8d-925dd98dda56	software interaction design	knowledge
faed411a-f920-4100-86a8-b877928b429c	user experience analyst	essential	http://data.europa.eu/esco/skill/0737ad0a-75ac-4696-988b-565820577ac0	use experience map	skill
faed411a-f920-4100-86a8-b877928b429c	user experience analyst	essential	http://data.europa.eu/esco/skill/896563fc-6255-4419-89c2-ffed30159ad6	conduct research interview	skill
faed411a-f920-4100-86a8-b877928b429c	user experience analyst	essential	http://data.europa.eu/esco/skill/c4b626c1-e71c-44ec-9f88-042766f37fcc	application usability	knowledge
faed411a-f920-4100-86a8-b877928b429c	user experience analyst	essential	http://data.europa.eu/esco/skill/07dd856d-6141-48a7-a228-918f88494812	create prototype of user experience solutions	skill
faed411a-f920-4100-86a8-b877928b429c	user experience analyst	essential	http://data.europa.eu/esco/skill/269b8734-fa1d-4c6f-a843-523fa3bbae6e	behavioural science	knowledge
faed411a-f920-4100-86a8-b877928b429c	user experience analyst	essential	http://data.europa.eu/esco/skill/8316979b-df5a-4dc7-98ef-61ec6a10df84	conduct quantitative research	skill
faed411a-f920-4100-86a8-b877928b429c	user experience analyst	essential	http://data.europa.eu/esco/skill/89ba58e8-a67e-4d2b-ad42-6acab25c241b	measure customer feedback	skill
faed411a-f920-4100-86a8-b877928b429c	user experience analyst	essential	http://data.europa.eu/esco/skill/fa465db3-56e8-4b5d-a781-e2a313a4ed2d	conduct qualitative research	skill
faed411a-f920-4100-86a8-b877928b429c	user experience analyst	essential	http://data.europa.eu/esco/skill/d9e5349e-8791-49c2-8ba4-839fdd1606c2	define technical requirements	skill
faed411a-f920-4100-86a8-b877928b429c	user experience analyst	essential	http://data.europa.eu/esco/skill/be0ff6d8-5e61-4021-9c89-e40cf0b75cc6	measure software usability	skill
faed411a-f920-4100-86a8-b877928b429c	user experience analyst	essential	http://data.europa.eu/esco/skill/465e7c78-cd26-4503-a5ca-40009e807705	assess users' interaction with ICT applications	skill
faed411a-f920-4100-86a8-b877928b429c	user experience analyst	essential	http://data.europa.eu/esco/skill/123cf7c5-6a3b-419d-be4f-49a6cc020f9f	interactive media	knowledge
faed411a-f920-4100-86a8-b877928b429c	user experience analyst	essential	http://data.europa.eu/esco/skill/9136cbf1-7916-4f1c-bc9a-0318ee1d6016	human-computer interaction	knowledge
faed411a-f920-4100-86a8-b877928b429c	user experience analyst	essential	http://data.europa.eu/esco/skill/c544a9f3-5945-4b54-afed-de0697852817	report analysis results	skill
faed411a-f920-4100-86a8-b877928b429c	user experience analyst	optional	http://data.europa.eu/esco/skill/5da73370-f6b9-417d-a94c-09bf01f84aa2	use access control software	skill
faed411a-f920-4100-86a8-b877928b429c	user experience analyst	optional	http://data.europa.eu/esco/skill/a9bf8565-8a09-4118-9922-932d65a79d69	manage localisation	skill
faed411a-f920-4100-86a8-b877928b429c	user experience analyst	optional	http://data.europa.eu/esco/skill/ddfe79e2-c2e3-4ba7-9bdf-3820b4f75b54	identify ICT user needs	skill
faed411a-f920-4100-86a8-b877928b429c	user experience analyst	optional	http://data.europa.eu/esco/skill/8696aff0-18c0-4ba6-a4d0-9a21861b3e5e	World Wide Web Consortium standards	knowledge
faed411a-f920-4100-86a8-b877928b429c	user experience analyst	optional	http://data.europa.eu/esco/skill/42fcf80d-7b45-40f3-bd2f-5411c4c0dfa0	identify technological needs	skill
faed411a-f920-4100-86a8-b877928b429c	user experience analyst	optional	http://data.europa.eu/esco/skill/bec4359e-cb92-468f-a997-8fb28e32fba9	ICT project management methodologies	knowledge
faed411a-f920-4100-86a8-b877928b429c	user experience analyst	optional	http://data.europa.eu/esco/skill/ca73ac82-867a-4afa-9732-834aebe896ff	ICT system user requirements	knowledge
faed411a-f920-4100-86a8-b877928b429c	user experience analyst	optional	http://data.europa.eu/esco/skill/99207709-d076-4cce-ba38-e90d3bb28806	resource description framework query language	knowledge
faed411a-f920-4100-86a8-b877928b429c	user experience analyst	optional	http://data.europa.eu/esco/skill/fe39d4db-4cb5-4299-bb9f-896c8fd6ab13	perform market research	skill
faed411a-f920-4100-86a8-b877928b429c	user experience analyst	optional	http://data.europa.eu/esco/skill/be64bb4c-84ac-4c83-8cc7-fc8593e15136	test system accessibility for users with special needs	skill
faed411a-f920-4100-86a8-b877928b429c	user experience analyst	optional	http://data.europa.eu/esco/skill/fb7aee4d-f6c6-4a87-8e9d-8e542b3771f8	software metrics	knowledge
faed411a-f920-4100-86a8-b877928b429c	user experience analyst	optional	http://data.europa.eu/esco/skill/a57a54b6-2f2e-43e4-9621-b52f4a63cb08	LDAP	knowledge
faed411a-f920-4100-86a8-b877928b429c	user experience analyst	optional	http://data.europa.eu/esco/skill/0a9acb6b-1139-4be9-b431-3a80a959f2f4	Agile project management	knowledge
faed411a-f920-4100-86a8-b877928b429c	user experience analyst	optional	http://data.europa.eu/esco/skill/d5a59ca8-2e91-472e-8571-d12ce4478679	Process-based management	knowledge
faed411a-f920-4100-86a8-b877928b429c	user experience analyst	optional	http://data.europa.eu/esco/skill/8fa840f7-e66a-4370-8e6d-7d554260c31c	forecast future ICT network needs	skill
faed411a-f920-4100-86a8-b877928b429c	user experience analyst	optional	http://data.europa.eu/esco/skill/f597f772-24d3-4cec-813c-cf5a7027c794	N1QL	knowledge
faed411a-f920-4100-86a8-b877928b429c	user experience analyst	optional	http://data.europa.eu/esco/skill/1b7c716e-af95-4cda-a42f-6479c8b139f5	MDX	knowledge
faed411a-f920-4100-86a8-b877928b429c	user experience analyst	optional	http://data.europa.eu/esco/skill/4d30ad07-9e39-4899-81dd-02b280f162f9	apply systemic design thinking	skill
faed411a-f920-4100-86a8-b877928b429c	user experience analyst	optional	http://data.europa.eu/esco/skill/da6393d5-a53c-4863-abc7-51f36281d74e	lean project management	knowledge
faed411a-f920-4100-86a8-b877928b429c	user experience analyst	optional	http://data.europa.eu/esco/skill/5da8018b-ae85-4cde-ad93-0394369018f3	SPARQL	knowledge
faed411a-f920-4100-86a8-b877928b429c	user experience analyst	optional	http://data.europa.eu/esco/skill/c9b6aa32-6c42-4903-8e5a-23e43edf03fc	online moderation techniques	knowledge
faed411a-f920-4100-86a8-b877928b429c	user experience analyst	optional	http://data.europa.eu/esco/skill/9cf681c7-89ec-470c-b651-7fe03786f586	query languages	knowledge
faed411a-f920-4100-86a8-b877928b429c	user experience analyst	optional	http://data.europa.eu/esco/skill/3f4dab51-572b-4e2c-85ef-3b4c3f7094e1	XQuery	knowledge
faed411a-f920-4100-86a8-b877928b429c	user experience analyst	optional	http://data.europa.eu/esco/skill/348b74cd-49ce-4844-8bdf-ec188b497213	visual presentation techniques	knowledge
faed411a-f920-4100-86a8-b877928b429c	user experience analyst	optional	http://data.europa.eu/esco/skill/f0f5bb34-71df-4715-9c9e-03567b76ec8f	create website wireframe	skill
faed411a-f920-4100-86a8-b877928b429c	user experience analyst	optional	http://data.europa.eu/esco/skill/c7d24594-0c11-4b27-9039-fe0bb903da8e	LINQ	knowledge
faed411a-f920-4100-86a8-b877928b429c	user experience analyst	optional	http://data.europa.eu/esco/skill/1605025e-a179-421f-8f35-5b07d182a6b2	web analytics	knowledge
96e20037-0a25-4bf6-a25e-808d1605d890	user interface designer	essential	http://data.europa.eu/esco/skill/7814e88f-c133-4c3b-b27f-857afa145d42	ICT security legislation	knowledge
96e20037-0a25-4bf6-a25e-808d1605d890	user interface designer	essential	http://data.europa.eu/esco/skill/d9e5349e-8791-49c2-8ba4-839fdd1606c2	define technical requirements	skill
96e20037-0a25-4bf6-a25e-808d1605d890	user interface designer	essential	http://data.europa.eu/esco/skill/fc4fcb4b-993f-4f2c-b158-c2171ec18ed8	draw design sketches	skill
96e20037-0a25-4bf6-a25e-808d1605d890	user interface designer	essential	http://data.europa.eu/esco/skill/465e7c78-cd26-4503-a5ca-40009e807705	assess users' interaction with ICT applications	skill
96e20037-0a25-4bf6-a25e-808d1605d890	user interface designer	essential	http://data.europa.eu/esco/skill/f0f5bb34-71df-4715-9c9e-03567b76ec8f	create website wireframe	skill
96e20037-0a25-4bf6-a25e-808d1605d890	user interface designer	essential	http://data.europa.eu/esco/skill/2c28fc20-8a60-4311-8899-5ef8729c05b3	design process	skill
96e20037-0a25-4bf6-a25e-808d1605d890	user interface designer	essential	http://data.europa.eu/esco/skill/de0be6e8-644c-4cc9-9c8d-925dd98dda56	software interaction design	knowledge
96e20037-0a25-4bf6-a25e-808d1605d890	user interface designer	essential	http://data.europa.eu/esco/skill/a8797f21-1af0-4c5e-98ca-bf1442929363	interact with users to gather requirements	skill
96e20037-0a25-4bf6-a25e-808d1605d890	user interface designer	essential	http://data.europa.eu/esco/skill/fd33c66c-70c4-40e6-b87c-5495bd3bf26e	design user interface	skill
96e20037-0a25-4bf6-a25e-808d1605d890	user interface designer	essential	http://data.europa.eu/esco/skill/2d6d4784-0992-48e7-b100-22d7229b3f0a	translate requirements into visual design	skill
96e20037-0a25-4bf6-a25e-808d1605d890	user interface designer	essential	http://data.europa.eu/esco/skill/c4b626c1-e71c-44ec-9f88-042766f37fcc	application usability	knowledge
96e20037-0a25-4bf6-a25e-808d1605d890	user interface designer	essential	http://data.europa.eu/esco/skill/c1f29568-f2bb-49d2-b6c2-28748bd1629b	manage online content	skill
96e20037-0a25-4bf6-a25e-808d1605d890	user interface designer	essential	http://data.europa.eu/esco/skill/8696aff0-18c0-4ba6-a4d0-9a21861b3e5e	World Wide Web Consortium standards	knowledge
96e20037-0a25-4bf6-a25e-808d1605d890	user interface designer	essential	http://data.europa.eu/esco/skill/7364cc39-b9c0-449f-9416-57723e2fd9c4	use methodologies for user-centered design	skill
96e20037-0a25-4bf6-a25e-808d1605d890	user interface designer	essential	http://data.europa.eu/esco/skill/f058bf62-70d1-4f5e-be2a-8b26fac24a96	design graphics	skill
96e20037-0a25-4bf6-a25e-808d1605d890	user interface designer	essential	http://data.europa.eu/esco/skill/be64bb4c-84ac-4c83-8cc7-fc8593e15136	test system accessibility for users with special needs	skill
96e20037-0a25-4bf6-a25e-808d1605d890	user interface designer	essential	http://data.europa.eu/esco/skill/dc72ad0a-c5dc-4abd-bc0d-ca43e82162e1	build business relationships	skill
96e20037-0a25-4bf6-a25e-808d1605d890	user interface designer	essential	http://data.europa.eu/esco/skill/7482a123-e801-48de-9733-262125671410	task algorithmisation	knowledge
96e20037-0a25-4bf6-a25e-808d1605d890	user interface designer	essential	http://data.europa.eu/esco/skill/3e23db60-0c3d-498a-a6ac-ffbed0ecb033	ICT accessibility standards	knowledge
96e20037-0a25-4bf6-a25e-808d1605d890	user interface designer	essential	http://data.europa.eu/esco/skill/69bbd53f-fbb0-4476-b4b2-ef7844464e28	web programming	knowledge
96e20037-0a25-4bf6-a25e-808d1605d890	user interface designer	essential	http://data.europa.eu/esco/skill/04fe962b-4017-4eb7-9139-7d69b6922bc9	use an application-specific interface	skill
96e20037-0a25-4bf6-a25e-808d1605d890	user interface designer	essential	http://data.europa.eu/esco/skill/a71577b2-7550-4222-88ee-dcbd2d881516	graphics editor software	knowledge
96e20037-0a25-4bf6-a25e-808d1605d890	user interface designer	essential	http://data.europa.eu/esco/skill/1019423b-3368-4f83-b24f-19e5fa23e816	software UI design patterns	knowledge
96e20037-0a25-4bf6-a25e-808d1605d890	user interface designer	essential	http://data.europa.eu/esco/skill/9136cbf1-7916-4f1c-bc9a-0318ee1d6016	human-computer interaction	knowledge
96e20037-0a25-4bf6-a25e-808d1605d890	user interface designer	essential	http://data.europa.eu/esco/skill/0af062de-eb43-41e9-9b96-249e2cd22d26	use markup languages	skill
96e20037-0a25-4bf6-a25e-808d1605d890	user interface designer	essential	http://data.europa.eu/esco/skill/123cf7c5-6a3b-419d-be4f-49a6cc020f9f	interactive media	knowledge
96e20037-0a25-4bf6-a25e-808d1605d890	user interface designer	essential	http://data.europa.eu/esco/skill/8c4c49d4-9708-433f-8ca7-bf2c5211ee49	develop creative ideas	skill
96e20037-0a25-4bf6-a25e-808d1605d890	user interface designer	optional	http://data.europa.eu/esco/skill/04f1b938-d4d4-4cb1-a863-982af76b9d93	SAS language	knowledge
96e20037-0a25-4bf6-a25e-808d1605d890	user interface designer	optional	http://data.europa.eu/esco/skill/14ced458-5f4b-495f-bd3d-9c240614bda0	Adobe Photoshop	knowledge
96e20037-0a25-4bf6-a25e-808d1605d890	user interface designer	optional	http://data.europa.eu/esco/skill/2618f336-8e71-4666-83b5-f368edb0906d	cognitive psychology	knowledge
96e20037-0a25-4bf6-a25e-808d1605d890	user interface designer	optional	http://data.europa.eu/esco/skill/b633eb55-8f1f-4ae6-ab4c-2022ffe2cb7f	C++	knowledge
96e20037-0a25-4bf6-a25e-808d1605d890	user interface designer	optional	http://data.europa.eu/esco/skill/4350c38d-0fe9-4ca7-bab9-40ed7f72b04f	PHP	knowledge
96e20037-0a25-4bf6-a25e-808d1605d890	user interface designer	optional	http://data.europa.eu/esco/skill/51586df8-1c46-4b47-8583-773cb63bf00b	R	knowledge
96e20037-0a25-4bf6-a25e-808d1605d890	user interface designer	optional	http://data.europa.eu/esco/skill/867137fb-ff1b-4ca3-99f3-cb6969aa2c68	TypeScript	knowledge
96e20037-0a25-4bf6-a25e-808d1605d890	user interface designer	optional	http://data.europa.eu/esco/skill/19a8293b-8e95-4de3-983f-77484079c389	Java (computer programming)	knowledge
96e20037-0a25-4bf6-a25e-808d1605d890	user interface designer	optional	http://data.europa.eu/esco/skill/13bdd41a-2a18-441f-96db-41252c519413	Visual Basic	knowledge
96e20037-0a25-4bf6-a25e-808d1605d890	user interface designer	optional	http://data.europa.eu/esco/skill/ccd0a1d9-afda-43d9-b901-96344886e14d	Python (computer programming)	knowledge
96e20037-0a25-4bf6-a25e-808d1605d890	user interface designer	optional	http://data.europa.eu/esco/skill/401eb8d8-6daa-4f8b-90ad-60afc71eb4f8	Perl	knowledge
96e20037-0a25-4bf6-a25e-808d1605d890	user interface designer	optional	http://data.europa.eu/esco/skill/85038d57-1fdd-40de-b908-2c005545a8c3	SketchBook Pro	knowledge
96e20037-0a25-4bf6-a25e-808d1605d890	user interface designer	optional	http://data.europa.eu/esco/skill/f0de4973-0a70-4644-8fd4-3a97080476f4	DevOps	knowledge
96e20037-0a25-4bf6-a25e-808d1605d890	user interface designer	optional	http://data.europa.eu/esco/skill/300d432b-f457-4cd3-9cb1-1858c7d14954	OpenEdge Advanced Business Language	knowledge
96e20037-0a25-4bf6-a25e-808d1605d890	user interface designer	optional	http://data.europa.eu/esco/skill/0cd6dcf1-5778-42a5-b685-4d01ae4a4871	Common Lisp	knowledge
96e20037-0a25-4bf6-a25e-808d1605d890	user interface designer	optional	http://data.europa.eu/esco/skill/034c29fa-c3ba-45ea-b8f3-bf8e3705e386	Erlang	knowledge
96e20037-0a25-4bf6-a25e-808d1605d890	user interface designer	optional	http://data.europa.eu/esco/skill/86f7126d-97fd-4da5-be96-d1cf6ecd54e6	Microsoft Visio	knowledge
96e20037-0a25-4bf6-a25e-808d1605d890	user interface designer	optional	http://data.europa.eu/esco/skill/00c04e40-35ea-4ed1-824c-82f936c8f876	incremental development	knowledge
96e20037-0a25-4bf6-a25e-808d1605d890	user interface designer	optional	http://data.europa.eu/esco/skill/b04f377b-ee80-4b38-aca1-19d266a23b17	analyse business requirements	skill
96e20037-0a25-4bf6-a25e-808d1605d890	user interface designer	optional	http://data.europa.eu/esco/skill/b0ac313d-de44-4344-ada6-76d2177b6d92	Synfig	knowledge
96e20037-0a25-4bf6-a25e-808d1605d890	user interface designer	optional	http://data.europa.eu/esco/skill/47b9bbcf-356c-4782-83a4-7f5a1b2b51a3	Assembly (computer programming)	knowledge
96e20037-0a25-4bf6-a25e-808d1605d890	user interface designer	optional	http://data.europa.eu/esco/skill/8ff015a0-98ea-4d80-a23e-1f68110a919e	software design methodologies	knowledge
96e20037-0a25-4bf6-a25e-808d1605d890	user interface designer	optional	http://data.europa.eu/esco/skill/c3a03c5a-c260-4c26-9b9a-873abb396f4d	MATLAB	knowledge
96e20037-0a25-4bf6-a25e-808d1605d890	user interface designer	optional	http://data.europa.eu/esco/skill/bb99af26-71ff-4dca-bde7-1eb1f6194426	SAP R3	knowledge
96e20037-0a25-4bf6-a25e-808d1605d890	user interface designer	optional	http://data.europa.eu/esco/skill/2bde42ae-e776-41c1-9ded-b07b30bfe985	Prolog (computer programming)	knowledge
96e20037-0a25-4bf6-a25e-808d1605d890	user interface designer	optional	http://data.europa.eu/esco/skill/98301d4a-2cc3-439d-8d7f-0b6ac76302bb	business process modelling	knowledge
96e20037-0a25-4bf6-a25e-808d1605d890	user interface designer	optional	http://data.europa.eu/esco/skill/a4d336a6-9ffd-402a-91cc-f359716ba4e0	ML (computer programming)	knowledge
96e20037-0a25-4bf6-a25e-808d1605d890	user interface designer	optional	http://data.europa.eu/esco/skill/3cd569a2-4f88-4c1e-9995-8dce8c5e51a7	JavaScript	knowledge
96e20037-0a25-4bf6-a25e-808d1605d890	user interface designer	optional	http://data.europa.eu/esco/skill/b4dc6e4f-dc7d-445f-8ce2-d7b9d225e282	AJAX	knowledge
96e20037-0a25-4bf6-a25e-808d1605d890	user interface designer	optional	http://data.europa.eu/esco/skill/42ed3bfb-1a01-4c8b-9758-fc6438865734	Smalltalk (computer programming)	knowledge
96e20037-0a25-4bf6-a25e-808d1605d890	user interface designer	optional	http://data.europa.eu/esco/skill/33d49d4f-31ec-473f-9b8a-b555aa5116bb	iterative development	knowledge
96e20037-0a25-4bf6-a25e-808d1605d890	user interface designer	optional	http://data.europa.eu/esco/skill/96eb286a-58b7-45ff-a916-5578d0b79b8c	Rapid application development	knowledge
96e20037-0a25-4bf6-a25e-808d1605d890	user interface designer	optional	http://data.europa.eu/esco/skill/6a876489-7ad8-4a13-b09c-c9b8e97a302e	Waterfall development	knowledge
96e20037-0a25-4bf6-a25e-808d1605d890	user interface designer	optional	http://data.europa.eu/esco/skill/d56fc2b5-4b0a-4e7e-9bde-a33736f6ff18	Scratch (computer programming)	knowledge
96e20037-0a25-4bf6-a25e-808d1605d890	user interface designer	optional	http://data.europa.eu/esco/skill/4840338b-ac6c-486a-be1d-9ddfe00b8bdf	Spiral development	knowledge
96e20037-0a25-4bf6-a25e-808d1605d890	user interface designer	optional	http://data.europa.eu/esco/skill/75f839c2-fd9a-4ad3-8921-6e734608568d	use query languages	skill
96e20037-0a25-4bf6-a25e-808d1605d890	user interface designer	optional	http://data.europa.eu/esco/skill/9973a5a2-7822-4161-99e9-95c781eb63f8	Objective-C	knowledge
96e20037-0a25-4bf6-a25e-808d1605d890	user interface designer	optional	http://data.europa.eu/esco/skill/3bddfd7c-ab6d-40c2-883d-5e97fb7640ba	create software design	skill
96e20037-0a25-4bf6-a25e-808d1605d890	user interface designer	optional	http://data.europa.eu/esco/skill/52cf3037-ab53-4806-85ed-7fd21ea7f6a1	Groovy	knowledge
96e20037-0a25-4bf6-a25e-808d1605d890	user interface designer	optional	http://data.europa.eu/esco/skill/dcdd5ddf-82a6-4ac3-8edc-d4b23cae9a88	VBScript	knowledge
96e20037-0a25-4bf6-a25e-808d1605d890	user interface designer	optional	http://data.europa.eu/esco/skill/ed1d8bd4-cd2a-4c64-b665-56d70651026c	Prototyping development	knowledge
96e20037-0a25-4bf6-a25e-808d1605d890	user interface designer	optional	http://data.europa.eu/esco/skill/8d4271ca-c9fd-40b3-875f-15f78332a49e	quality standards	knowledge
96e20037-0a25-4bf6-a25e-808d1605d890	user interface designer	optional	http://data.europa.eu/esco/skill/000f1d3d-220f-4789-9c0a-cc742521fb02	Haskell	knowledge
96e20037-0a25-4bf6-a25e-808d1605d890	user interface designer	optional	http://data.europa.eu/esco/skill/ffddfc7c-a9dd-449f-9e96-882dc447c8b6	Scala	knowledge
96e20037-0a25-4bf6-a25e-808d1605d890	user interface designer	optional	http://data.europa.eu/esco/skill/e8b89eb6-51e8-4c3a-babb-88b2e110376b	Pascal (computer programming)	knowledge
96e20037-0a25-4bf6-a25e-808d1605d890	user interface designer	optional	http://data.europa.eu/esco/skill/0a9acb6b-1139-4be9-b431-3a80a959f2f4	Agile project management	knowledge
96e20037-0a25-4bf6-a25e-808d1605d890	user interface designer	optional	http://data.europa.eu/esco/skill/4c016b68-4116-468c-9dc6-42710c239e4a	C#	knowledge
96e20037-0a25-4bf6-a25e-808d1605d890	user interface designer	optional	http://data.europa.eu/esco/skill/dba46f87-0831-49cd-a1c7-340a653c0221	Agile development	knowledge
96e20037-0a25-4bf6-a25e-808d1605d890	user interface designer	optional	http://data.europa.eu/esco/skill/58d7a289-dafd-4363-833f-d1dc4140885e	APL	knowledge
96e20037-0a25-4bf6-a25e-808d1605d890	user interface designer	optional	http://data.europa.eu/esco/skill/27b913f0-3c52-448b-ad27-fc6ef08fb326	Adobe Illustrator	knowledge
96e20037-0a25-4bf6-a25e-808d1605d890	user interface designer	optional	http://data.europa.eu/esco/skill/be80acfc-b6f2-4411-9b8d-b19d9cd2556a	Swift (computer programming)	knowledge
96e20037-0a25-4bf6-a25e-808d1605d890	user interface designer	optional	http://data.europa.eu/esco/skill/4a466c62-db7d-4905-9a41-f23214810acb	GIMP (graphics editor software)	knowledge
96e20037-0a25-4bf6-a25e-808d1605d890	user interface designer	optional	http://data.europa.eu/esco/skill/21d2f96d-35f7-4e3f-9745-c533d2dd6e97	computer programming	knowledge
96e20037-0a25-4bf6-a25e-808d1605d890	user interface designer	optional	http://data.europa.eu/esco/skill/da6393d5-a53c-4863-abc7-51f36281d74e	lean project management	knowledge
96e20037-0a25-4bf6-a25e-808d1605d890	user interface designer	optional	http://data.europa.eu/esco/skill/0de61385-de6d-4146-ba32-1cc1bc102220	Lisp	knowledge
96e20037-0a25-4bf6-a25e-808d1605d890	user interface designer	optional	http://data.europa.eu/esco/skill/93e65de1-923c-437e-aa5b-e6002967ce71	web based collaborative platforms	knowledge
96e20037-0a25-4bf6-a25e-808d1605d890	user interface designer	optional	http://data.europa.eu/esco/skill/062320e5-79d1-45e8-8b7e-5deeb53279a2	perform online data analysis	skill
96e20037-0a25-4bf6-a25e-808d1605d890	user interface designer	optional	http://data.europa.eu/esco/skill/fff0e2cd-d0bd-4b02-9daf-158b79d9688a	natural language processing	knowledge
96e20037-0a25-4bf6-a25e-808d1605d890	user interface designer	optional	http://data.europa.eu/esco/skill/def007fa-5fed-4a5f-91a2-b0d7e3db1be1	COBOL	knowledge
96e20037-0a25-4bf6-a25e-808d1605d890	user interface designer	optional	http://data.europa.eu/esco/skill/abdc7ac8-151f-40c6-bc1a-1e9b4b073290	augmented reality	knowledge
96e20037-0a25-4bf6-a25e-808d1605d890	user interface designer	optional	http://data.europa.eu/esco/skill/eb0e5615-1575-4a86-a1a2-7d39595033c5	ABAP	knowledge
96e20037-0a25-4bf6-a25e-808d1605d890	user interface designer	optional	http://data.europa.eu/esco/skill/993b1e23-f2de-4bd8-b33f-f86dde1c8e9d	CoffeeScript	knowledge
96e20037-0a25-4bf6-a25e-808d1605d890	user interface designer	optional	http://data.europa.eu/esco/skill/0ccdfe98-f845-4598-84a1-3dca66e9d9a3	Ruby (computer programming)	knowledge
96e20037-0a25-4bf6-a25e-808d1605d890	user interface designer	optional	http://data.europa.eu/esco/skill/bec4359e-cb92-468f-a997-8fb28e32fba9	ICT project management methodologies	knowledge
96e20037-0a25-4bf6-a25e-808d1605d890	user interface designer	optional	http://data.europa.eu/esco/skill/1774bd31-8893-44cf-9498-7e3d95508419	screen reader	knowledge
96e20037-0a25-4bf6-a25e-808d1605d890	user interface designer	optional	http://data.europa.eu/esco/skill/56a7f561-1d55-43c9-9cd7-36a0a9bc6c50	ASP.NET	knowledge
96e20037-0a25-4bf6-a25e-808d1605d890	user interface designer	optional	http://data.europa.eu/esco/skill/d5a59ca8-2e91-472e-8571-d12ce4478679	Process-based management	knowledge
96e20037-0a25-4bf6-a25e-808d1605d890	user interface designer	optional	http://data.europa.eu/esco/skill/a9bf8565-8a09-4118-9922-932d65a79d69	manage localisation	skill
a74f6c51-37e5-423e-aa5b-044e98663027	web content manager	essential	http://data.europa.eu/esco/skill/a0bf9b9d-e53f-418c-a839-5d99eff718fe	conduct search engine optimisation	skill
a74f6c51-37e5-423e-aa5b-044e98663027	web content manager	essential	http://data.europa.eu/esco/skill/7234e847-451d-499a-9c7b-0050a4e758d6	utilise content types	skill
a74f6c51-37e5-423e-aa5b-044e98663027	web content manager	essential	http://data.europa.eu/esco/skill/c1f29568-f2bb-49d2-b6c2-28748bd1629b	manage online content	skill
a74f6c51-37e5-423e-aa5b-044e98663027	web content manager	essential	http://data.europa.eu/esco/skill/56a10e3e-c9e7-4d39-b6f1-6013398fcb3a	use content management system software	skill
a74f6c51-37e5-423e-aa5b-044e98663027	web content manager	essential	http://data.europa.eu/esco/skill/dfb9cec6-3ae3-408a-9d57-c44361bf7aaf	provide multimedia content	skill
a74f6c51-37e5-423e-aa5b-044e98663027	web content manager	essential	http://data.europa.eu/esco/skill/0af062de-eb43-41e9-9b96-249e2cd22d26	use markup languages	skill
a74f6c51-37e5-423e-aa5b-044e98663027	web content manager	essential	http://data.europa.eu/esco/skill/5fd5c985-eaaa-47aa-8314-62359c54505a	develop digital content	skill
a74f6c51-37e5-423e-aa5b-044e98663027	web content manager	essential	http://data.europa.eu/esco/skill/93e65de1-923c-437e-aa5b-e6002967ce71	web based collaborative platforms	knowledge
a74f6c51-37e5-423e-aa5b-044e98663027	web content manager	essential	http://data.europa.eu/esco/skill/4cb51222-3e2e-417c-9a5c-e9ccf262721d	ensure compliance with company regulations	skill
a74f6c51-37e5-423e-aa5b-044e98663027	web content manager	essential	http://data.europa.eu/esco/skill/03ff0d53-573a-47a0-a0ad-1995815a4339	information structure	knowledge
a74f6c51-37e5-423e-aa5b-044e98663027	web content manager	essential	http://data.europa.eu/esco/skill/be40c4c3-a855-4d67-9ca5-6f4428c34b0d	provide written content	skill
a74f6c51-37e5-423e-aa5b-044e98663027	web content manager	essential	http://data.europa.eu/esco/skill/c2999f0c-eb37-4cdf-b9b0-82107b628794	style sheet languages	knowledge
a74f6c51-37e5-423e-aa5b-044e98663027	web content manager	essential	http://data.europa.eu/esco/skill/0dcbf7c5-bedf-4485-b16b-23df54443864	translate requirement concepts into content	skill
a74f6c51-37e5-423e-aa5b-044e98663027	web content manager	essential	http://data.europa.eu/esco/skill/1dae8445-12e5-423a-bb26-824010e299b9	ensure compliance with legal requirements	skill
a74f6c51-37e5-423e-aa5b-044e98663027	web content manager	essential	http://data.europa.eu/esco/skill/0e0c9c11-b39e-43cf-ba95-2fe646f5de64	identify customer requirements	skill
a74f6c51-37e5-423e-aa5b-044e98663027	web content manager	essential	http://data.europa.eu/esco/skill/b9bf9e17-ae47-417b-bbb1-e8b7c263ccac	identify legal requirements	skill
a74f6c51-37e5-423e-aa5b-044e98663027	web content manager	essential	http://data.europa.eu/esco/skill/37a438f3-e28c-4e32-83c5-299f047c1dc9	apply tools for content development	skill
a74f6c51-37e5-423e-aa5b-044e98663027	web content manager	essential	http://data.europa.eu/esco/skill/9710092c-f174-4e84-95bf-2064d39ad7a0	manage content metadata	skill
a74f6c51-37e5-423e-aa5b-044e98663027	web content manager	essential	http://data.europa.eu/esco/skill/2d6d4784-0992-48e7-b100-22d7229b3f0a	translate requirements into visual design	skill
a74f6c51-37e5-423e-aa5b-044e98663027	web content manager	essential	http://data.europa.eu/esco/skill/69bbd53f-fbb0-4476-b4b2-ef7844464e28	web programming	knowledge
a74f6c51-37e5-423e-aa5b-044e98663027	web content manager	essential	http://data.europa.eu/esco/skill/96a67da1-881f-4d09-927e-ac75fcff4d93	compile content	skill
a74f6c51-37e5-423e-aa5b-044e98663027	web content manager	essential	http://data.europa.eu/esco/skill/f5369f2f-e52b-43d8-8d31-79a6c11188d8	digital content creation	
a74f6c51-37e5-423e-aa5b-044e98663027	web content manager	essential	http://data.europa.eu/esco/skill/3d3ee5c3-4286-457f-9f76-1704011f7e11	comply with legal regulations	skill
a74f6c51-37e5-423e-aa5b-044e98663027	web content manager	essential	http://data.europa.eu/esco/skill/d4789070-2ff7-4bbb-94ca-8bb1739826a9	authoring software	knowledge
a74f6c51-37e5-423e-aa5b-044e98663027	web content manager	essential	http://data.europa.eu/esco/skill/06f33d6a-f7a7-4a2b-baa5-8c3c53bd1a9c	keywords in digital content	knowledge
a74f6c51-37e5-423e-aa5b-044e98663027	web content manager	essential	http://data.europa.eu/esco/skill/d6c29154-9cc1-48a4-a2de-3d1d0d7f0831	publishing strategy	knowledge
a74f6c51-37e5-423e-aa5b-044e98663027	web content manager	essential	http://data.europa.eu/esco/skill/df996a98-202f-4a9b-b088-38c8db03ef1b	create content title	skill
a74f6c51-37e5-423e-aa5b-044e98663027	web content manager	essential	http://data.europa.eu/esco/skill/c0e2f74c-51f0-4020-9756-d190848cf181	integrate content into output media	skill
a74f6c51-37e5-423e-aa5b-044e98663027	web content manager	essential	http://data.europa.eu/esco/skill/a846cb9e-c152-41e7-bd34-45e7ff941e3b	legal requirements of ICT products	knowledge
a74f6c51-37e5-423e-aa5b-044e98663027	web content manager	essential	http://data.europa.eu/esco/skill/e74f4f21-8d45-412c-b5c3-652e6167ee32	content development processes	knowledge
a74f6c51-37e5-423e-aa5b-044e98663027	web content manager	essential	http://data.europa.eu/esco/skill/29154735-107a-4daa-a050-537f7707f34e	conduct content quality assurance	skill
a74f6c51-37e5-423e-aa5b-044e98663027	web content manager	essential	http://data.europa.eu/esco/skill/85c11255-469f-41bd-a6d1-382bc4a87783	interpret technical texts	skill
a74f6c51-37e5-423e-aa5b-044e98663027	web content manager	optional	http://data.europa.eu/esco/skill/3cd569a2-4f88-4c1e-9995-8dce8c5e51a7	JavaScript	knowledge
a74f6c51-37e5-423e-aa5b-044e98663027	web content manager	optional	http://data.europa.eu/esco/skill/062320e5-79d1-45e8-8b7e-5deeb53279a2	perform online data analysis	skill
a74f6c51-37e5-423e-aa5b-044e98663027	web content manager	optional	http://data.europa.eu/esco/skill/8785ccda-6f9f-4cf3-9033-fda10653d0be	JSSS	knowledge
a74f6c51-37e5-423e-aa5b-044e98663027	web content manager	optional	http://data.europa.eu/esco/skill/81633a44-f1db-4a01-a940-804c6905e330	use word processing software	skill
a74f6c51-37e5-423e-aa5b-044e98663027	web content manager	optional	http://data.europa.eu/esco/skill/b0560439-14eb-41d1-aa53-1938efc24123	content marketing strategy	knowledge
a74f6c51-37e5-423e-aa5b-044e98663027	web content manager	optional	http://data.europa.eu/esco/skill/4350c38d-0fe9-4ca7-bab9-40ed7f72b04f	PHP	knowledge
a74f6c51-37e5-423e-aa5b-044e98663027	web content manager	optional	http://data.europa.eu/esco/skill/5233e3f4-904a-4f68-9327-707f11d93374	design digital call to action	skill
a74f6c51-37e5-423e-aa5b-044e98663027	web content manager	optional	http://data.europa.eu/esco/skill/ac516e9b-8bfa-4b72-8e3e-340b0a3a51d5	manage content development projects	skill
a74f6c51-37e5-423e-aa5b-044e98663027	web content manager	optional	http://data.europa.eu/esco/skill/ce592b28-4467-4908-b2e6-64bbe18da631	perform copywriting	skill
a74f6c51-37e5-423e-aa5b-044e98663027	web content manager	optional	http://data.europa.eu/esco/skill/123cf7c5-6a3b-419d-be4f-49a6cc020f9f	interactive media	knowledge
a74f6c51-37e5-423e-aa5b-044e98663027	web content manager	optional	http://data.europa.eu/esco/skill/e5d1f825-60ed-4bdd-872a-e748c387f777	CSS	knowledge
a74f6c51-37e5-423e-aa5b-044e98663027	web content manager	optional	http://data.europa.eu/esco/skill/637ca2e2-0624-48b1-be6e-9ff4580344ac	proofread text	skill
a74f6c51-37e5-423e-aa5b-044e98663027	web content manager	optional	http://data.europa.eu/esco/skill/1110c92f-3059-445a-9436-0f4200d365f5	Sass	knowledge
a74f6c51-37e5-423e-aa5b-044e98663027	web content manager	optional	http://data.europa.eu/esco/skill/1973c966-f236-40c9-b2d4-5d71a89019be	use spreadsheets software	skill
a74f6c51-37e5-423e-aa5b-044e98663027	web content manager	optional	http://data.europa.eu/esco/skill/b63ba4e4-ebf4-4e17-b0d6-662244022a4f	provide guidelines for content development	skill
a74f6c51-37e5-423e-aa5b-044e98663027	web content manager	optional	http://data.europa.eu/esco/skill/abdc7ac8-151f-40c6-bc1a-1e9b4b073290	augmented reality	knowledge
a74f6c51-37e5-423e-aa5b-044e98663027	web content manager	optional	http://data.europa.eu/esco/skill/234aeb8d-56c3-4531-9193-1c5e6a8d16cb	use presentation software	skill
a74f6c51-37e5-423e-aa5b-044e98663027	web content manager	optional	http://data.europa.eu/esco/skill/2618f336-8e71-4666-83b5-f368edb0906d	cognitive psychology	knowledge
a74f6c51-37e5-423e-aa5b-044e98663027	web content manager	optional	http://data.europa.eu/esco/skill/8696aff0-18c0-4ba6-a4d0-9a21861b3e5e	World Wide Web Consortium standards	knowledge
a74f6c51-37e5-423e-aa5b-044e98663027	web content manager	optional	http://data.europa.eu/esco/skill/b4dc6e4f-dc7d-445f-8ce2-d7b9d225e282	AJAX	knowledge
a74f6c51-37e5-423e-aa5b-044e98663027	web content manager	optional	http://data.europa.eu/esco/skill/c241f5a5-e23f-47bf-ad24-d83ea0010166	ensure proper document management	skill
a74f6c51-37e5-423e-aa5b-044e98663027	web content manager	optional	http://data.europa.eu/esco/skill/26fa7a33-a426-4cd5-9792-33bf668612e1	LESS	knowledge
8cb59bc4-1f39-477e-beea-effed12d186c	technical communicator	essential	http://data.europa.eu/esco/skill/e74f4f21-8d45-412c-b5c3-652e6167ee32	content development processes	knowledge
8cb59bc4-1f39-477e-beea-effed12d186c	technical communicator	essential	http://data.europa.eu/esco/skill/38da3c60-4b7c-4698-9256-574e4ee4e93b	knowledge base	knowledge
8cb59bc4-1f39-477e-beea-effed12d186c	technical communicator	essential	http://data.europa.eu/esco/skill/dd1e0bc8-d54a-435a-bc43-586bac0b8c02	develop ICT safety information	skill
8cb59bc4-1f39-477e-beea-effed12d186c	technical communicator	essential	http://data.europa.eu/esco/skill/cc9b4fbb-65f1-4c92-9229-1392d03b6e20	structure information	skill
8cb59bc4-1f39-477e-beea-effed12d186c	technical communicator	essential	http://data.europa.eu/esco/skill/d8726a5a-0614-4dc6-ad03-cf5e3b3caaa5	apply ICT terminology	skill
8cb59bc4-1f39-477e-beea-effed12d186c	technical communicator	essential	http://data.europa.eu/esco/skill/9ce670ec-318c-4a91-9179-03437db728dc	ICT software specifications	knowledge
8cb59bc4-1f39-477e-beea-effed12d186c	technical communicator	essential	http://data.europa.eu/esco/skill/9710092c-f174-4e84-95bf-2064d39ad7a0	manage content metadata	skill
8cb59bc4-1f39-477e-beea-effed12d186c	technical communicator	essential	http://data.europa.eu/esco/skill/85c11255-469f-41bd-a6d1-382bc4a87783	interpret technical texts	skill
8cb59bc4-1f39-477e-beea-effed12d186c	technical communicator	essential	http://data.europa.eu/esco/skill/ddfe79e2-c2e3-4ba7-9bdf-3820b4f75b54	identify ICT user needs	skill
8cb59bc4-1f39-477e-beea-effed12d186c	technical communicator	essential	http://data.europa.eu/esco/skill/2636b3d3-843e-46a9-8b4c-a9d6ca3f5a2d	provide technical documentation	skill
8cb59bc4-1f39-477e-beea-effed12d186c	technical communicator	essential	http://data.europa.eu/esco/skill/327d15c8-29ff-4ad4-a4fe-6536d777a45f	documentation types	knowledge
8cb59bc4-1f39-477e-beea-effed12d186c	technical communicator	essential	http://data.europa.eu/esco/skill/348b74cd-49ce-4844-8bdf-ec188b497213	visual presentation techniques	knowledge
8cb59bc4-1f39-477e-beea-effed12d186c	technical communicator	essential	http://data.europa.eu/esco/skill/c0e2f74c-51f0-4020-9756-d190848cf181	integrate content into output media	skill
8cb59bc4-1f39-477e-beea-effed12d186c	technical communicator	essential	http://data.europa.eu/esco/skill/a59708e3-e654-4e37-8b8a-741c3b756eee	multimedia systems	knowledge
8cb59bc4-1f39-477e-beea-effed12d186c	technical communicator	essential	http://data.europa.eu/esco/skill/96a67da1-881f-4d09-927e-ac75fcff4d93	compile content	skill
8cb59bc4-1f39-477e-beea-effed12d186c	technical communicator	essential	http://data.europa.eu/esco/skill/d6c29154-9cc1-48a4-a2de-3d1d0d7f0831	publishing strategy	knowledge
8cb59bc4-1f39-477e-beea-effed12d186c	technical communicator	essential	http://data.europa.eu/esco/skill/29154735-107a-4daa-a050-537f7707f34e	conduct content quality assurance	skill
8cb59bc4-1f39-477e-beea-effed12d186c	technical communicator	essential	http://data.europa.eu/esco/skill/37a438f3-e28c-4e32-83c5-299f047c1dc9	apply tools for content development	skill
8cb59bc4-1f39-477e-beea-effed12d186c	technical communicator	essential	http://data.europa.eu/esco/skill/695c3249-18e7-4435-bdb8-54a16011159d	develop documentation in accordance with legal requirements	skill
8cb59bc4-1f39-477e-beea-effed12d186c	technical communicator	essential	http://data.europa.eu/esco/skill/2618f336-8e71-4666-83b5-f368edb0906d	cognitive psychology	knowledge
8cb59bc4-1f39-477e-beea-effed12d186c	technical communicator	essential	http://data.europa.eu/esco/skill/be40c4c3-a855-4d67-9ca5-6f4428c34b0d	provide written content	skill
8cb59bc4-1f39-477e-beea-effed12d186c	technical communicator	essential	http://data.europa.eu/esco/skill/0b8da079-f587-403f-a6ad-cd18b8150044	gather technical information	skill
8cb59bc4-1f39-477e-beea-effed12d186c	technical communicator	essential	http://data.europa.eu/esco/skill/4913d0c0-133a-4c46-aac3-f5d4989a982e	product usage risks analysis	knowledge
8cb59bc4-1f39-477e-beea-effed12d186c	technical communicator	essential	http://data.europa.eu/esco/skill/faf208ae-d4a4-43b4-bb82-846b7348b740	manage information sources	skill
8cb59bc4-1f39-477e-beea-effed12d186c	technical communicator	optional	http://data.europa.eu/esco/skill/81633a44-f1db-4a01-a940-804c6905e330	use word processing software	skill
8cb59bc4-1f39-477e-beea-effed12d186c	technical communicator	optional	http://data.europa.eu/esco/skill/7234e847-451d-499a-9c7b-0050a4e758d6	utilise content types	skill
8cb59bc4-1f39-477e-beea-effed12d186c	technical communicator	optional	http://data.europa.eu/esco/skill/8785ccda-6f9f-4cf3-9033-fda10653d0be	JSSS	knowledge
8cb59bc4-1f39-477e-beea-effed12d186c	technical communicator	optional	http://data.europa.eu/esco/skill/1110c92f-3059-445a-9436-0f4200d365f5	Sass	knowledge
8cb59bc4-1f39-477e-beea-effed12d186c	technical communicator	optional	http://data.europa.eu/esco/skill/2d6d4784-0992-48e7-b100-22d7229b3f0a	translate requirements into visual design	skill
8cb59bc4-1f39-477e-beea-effed12d186c	technical communicator	optional	http://data.europa.eu/esco/skill/0af062de-eb43-41e9-9b96-249e2cd22d26	use markup languages	skill
8cb59bc4-1f39-477e-beea-effed12d186c	technical communicator	optional	http://data.europa.eu/esco/skill/c2999f0c-eb37-4cdf-b9b0-82107b628794	style sheet languages	knowledge
8cb59bc4-1f39-477e-beea-effed12d186c	technical communicator	optional	http://data.europa.eu/esco/skill/234aeb8d-56c3-4531-9193-1c5e6a8d16cb	use presentation software	skill
8cb59bc4-1f39-477e-beea-effed12d186c	technical communicator	optional	http://data.europa.eu/esco/skill/f058bf62-70d1-4f5e-be2a-8b26fac24a96	design graphics	skill
8cb59bc4-1f39-477e-beea-effed12d186c	technical communicator	optional	http://data.europa.eu/esco/skill/778ca7ad-6c5d-4868-9b96-a7777dca799c	ICT help platforms	knowledge
8cb59bc4-1f39-477e-beea-effed12d186c	technical communicator	optional	http://data.europa.eu/esco/skill/c4b626c1-e71c-44ec-9f88-042766f37fcc	application usability	knowledge
8cb59bc4-1f39-477e-beea-effed12d186c	technical communicator	optional	http://data.europa.eu/esco/skill/56a10e3e-c9e7-4d39-b6f1-6013398fcb3a	use content management system software	skill
8cb59bc4-1f39-477e-beea-effed12d186c	technical communicator	optional	http://data.europa.eu/esco/skill/5af49836-2269-46d9-87b9-0d3140c6c22e	integrate and re-elaborate digital content	skill
8cb59bc4-1f39-477e-beea-effed12d186c	technical communicator	optional	http://data.europa.eu/esco/skill/ac516e9b-8bfa-4b72-8e3e-340b0a3a51d5	manage content development projects	skill
8cb59bc4-1f39-477e-beea-effed12d186c	technical communicator	optional	http://data.europa.eu/esco/skill/cbc00aa3-a700-4adf-8a1f-c30a22979490	create script for artistic production	skill
8cb59bc4-1f39-477e-beea-effed12d186c	technical communicator	optional	http://data.europa.eu/esco/skill/b769f524-0f25-44d7-8538-5c46710a040e	manage digital documents	skill
8cb59bc4-1f39-477e-beea-effed12d186c	technical communicator	optional	http://data.europa.eu/esco/skill/42fcf80d-7b45-40f3-bd2f-5411c4c0dfa0	identify technological needs	skill
8cb59bc4-1f39-477e-beea-effed12d186c	technical communicator	optional	http://data.europa.eu/esco/skill/dfb9cec6-3ae3-408a-9d57-c44361bf7aaf	provide multimedia content	skill
8cb59bc4-1f39-477e-beea-effed12d186c	technical communicator	optional	http://data.europa.eu/esco/skill/a9bf8565-8a09-4118-9922-932d65a79d69	manage localisation	skill
8cb59bc4-1f39-477e-beea-effed12d186c	technical communicator	optional	http://data.europa.eu/esco/skill/e5d1f825-60ed-4bdd-872a-e748c387f777	CSS	knowledge
8cb59bc4-1f39-477e-beea-effed12d186c	technical communicator	optional	http://data.europa.eu/esco/skill/406117ad-e035-483f-bbd3-9f6c2d95e535	provide online help	skill
8cb59bc4-1f39-477e-beea-effed12d186c	technical communicator	optional	http://data.europa.eu/esco/skill/26fa7a33-a426-4cd5-9792-33bf668612e1	LESS	knowledge
50af07f0-7a75-424e-a66d-5a9deea10f4c	ICT accessibility tester	essential	http://data.europa.eu/esco/skill/8696aff0-18c0-4ba6-a4d0-9a21861b3e5e	World Wide Web Consortium standards	knowledge
50af07f0-7a75-424e-a66d-5a9deea10f4c	ICT accessibility tester	essential	http://data.europa.eu/esco/skill/be64bb4c-84ac-4c83-8cc7-fc8593e15136	test system accessibility for users with special needs	skill
50af07f0-7a75-424e-a66d-5a9deea10f4c	ICT accessibility tester	essential	http://data.europa.eu/esco/skill/1774bd31-8893-44cf-9498-7e3d95508419	screen reader	knowledge
50af07f0-7a75-424e-a66d-5a9deea10f4c	ICT accessibility tester	essential	http://data.europa.eu/esco/skill/be0ff6d8-5e61-4021-9c89-e40cf0b75cc6	measure software usability	skill
50af07f0-7a75-424e-a66d-5a9deea10f4c	ICT accessibility tester	essential	http://data.europa.eu/esco/skill/465e7c78-cd26-4503-a5ca-40009e807705	assess users' interaction with ICT applications	skill
50af07f0-7a75-424e-a66d-5a9deea10f4c	ICT accessibility tester	essential	http://data.europa.eu/esco/skill/7bdcdadb-146c-475f-8cff-921c6fd5f858	test for behavioural patterns	skill
50af07f0-7a75-424e-a66d-5a9deea10f4c	ICT accessibility tester	essential	http://data.europa.eu/esco/skill/269b8734-fa1d-4c6f-a843-523fa3bbae6e	behavioural science	knowledge
50af07f0-7a75-424e-a66d-5a9deea10f4c	ICT accessibility tester	essential	http://data.europa.eu/esco/skill/9136cbf1-7916-4f1c-bc9a-0318ee1d6016	human-computer interaction	knowledge
50af07f0-7a75-424e-a66d-5a9deea10f4c	ICT accessibility tester	essential	http://data.europa.eu/esco/skill/3d3db1e7-b041-495e-8a93-deeacded8a2f	test for emotional patterns	skill
50af07f0-7a75-424e-a66d-5a9deea10f4c	ICT accessibility tester	essential	http://data.europa.eu/esco/skill/85f46538-ae70-498a-bfbc-b8ddafe96c7d	levels of software testing	knowledge
50af07f0-7a75-424e-a66d-5a9deea10f4c	ICT accessibility tester	essential	http://data.europa.eu/esco/skill/b9f16465-56a9-426b-a047-0f9f1f95ec92	address problems critically	skill
50af07f0-7a75-424e-a66d-5a9deea10f4c	ICT accessibility tester	essential	http://data.europa.eu/esco/skill/eb3aa8c1-fb14-47b4-a352-b7975abd2480	replicate customer software issues	skill
50af07f0-7a75-424e-a66d-5a9deea10f4c	ICT accessibility tester	essential	http://data.europa.eu/esco/skill/3e23db60-0c3d-498a-a6ac-ffbed0ecb033	ICT accessibility standards	knowledge
50af07f0-7a75-424e-a66d-5a9deea10f4c	ICT accessibility tester	essential	http://data.europa.eu/esco/skill/c4b626c1-e71c-44ec-9f88-042766f37fcc	application usability	knowledge
50af07f0-7a75-424e-a66d-5a9deea10f4c	ICT accessibility tester	essential	http://data.europa.eu/esco/skill/78a74fd1-efc6-49dc-adb1-1b0fbe35c22c	provide software testing documentation	skill
50af07f0-7a75-424e-a66d-5a9deea10f4c	ICT accessibility tester	essential	http://data.europa.eu/esco/skill/a4c2aa71-086f-4a46-b481-2619673c9dfe	execute ICT user research activities	skill
50af07f0-7a75-424e-a66d-5a9deea10f4c	ICT accessibility tester	essential	http://data.europa.eu/esco/skill/913e7e83-b8f8-4574-b1ca-1b38f3fd974a	execute software tests	skill
50af07f0-7a75-424e-a66d-5a9deea10f4c	ICT accessibility tester	essential	http://data.europa.eu/esco/skill/561c2525-5bd8-4d86-8f45-820f4be7db93	report test findings	skill
50af07f0-7a75-424e-a66d-5a9deea10f4c	ICT accessibility tester	essential	http://data.europa.eu/esco/skill/04fe962b-4017-4eb7-9139-7d69b6922bc9	use an application-specific interface	skill
50af07f0-7a75-424e-a66d-5a9deea10f4c	ICT accessibility tester	essential	http://data.europa.eu/esco/skill/896563fc-6255-4419-89c2-ffed30159ad6	conduct research interview	skill
50af07f0-7a75-424e-a66d-5a9deea10f4c	ICT accessibility tester	essential	http://data.europa.eu/esco/skill/0737ad0a-75ac-4696-988b-565820577ac0	use experience map	skill
50af07f0-7a75-424e-a66d-5a9deea10f4c	ICT accessibility tester	optional	http://data.europa.eu/esco/skill/5ef0c719-5bcb-49f8-b8eb-824388225333	use scripting programming	skill
50af07f0-7a75-424e-a66d-5a9deea10f4c	ICT accessibility tester	optional	http://data.europa.eu/esco/skill/bec4359e-cb92-468f-a997-8fb28e32fba9	ICT project management methodologies	knowledge
50af07f0-7a75-424e-a66d-5a9deea10f4c	ICT accessibility tester	optional	http://data.europa.eu/esco/skill/4350c38d-0fe9-4ca7-bab9-40ed7f72b04f	PHP	knowledge
50af07f0-7a75-424e-a66d-5a9deea10f4c	ICT accessibility tester	optional	http://data.europa.eu/esco/skill/3f4dab51-572b-4e2c-85ef-3b4c3f7094e1	XQuery	knowledge
50af07f0-7a75-424e-a66d-5a9deea10f4c	ICT accessibility tester	optional	http://data.europa.eu/esco/skill/6014921e-1d25-4039-adc2-04852d61880e	ICT debugging tools	knowledge
50af07f0-7a75-424e-a66d-5a9deea10f4c	ICT accessibility tester	optional	http://data.europa.eu/esco/skill/9cf681c7-89ec-470c-b651-7fe03786f586	query languages	knowledge
50af07f0-7a75-424e-a66d-5a9deea10f4c	ICT accessibility tester	optional	http://data.europa.eu/esco/skill/3cd569a2-4f88-4c1e-9995-8dce8c5e51a7	JavaScript	knowledge
50af07f0-7a75-424e-a66d-5a9deea10f4c	ICT accessibility tester	optional	http://data.europa.eu/esco/skill/f597f772-24d3-4cec-813c-cf5a7027c794	N1QL	knowledge
50af07f0-7a75-424e-a66d-5a9deea10f4c	ICT accessibility tester	optional	http://data.europa.eu/esco/skill/1b7c716e-af95-4cda-a42f-6479c8b139f5	MDX	knowledge
50af07f0-7a75-424e-a66d-5a9deea10f4c	ICT accessibility tester	optional	http://data.europa.eu/esco/skill/7557f0f4-b8bc-4ac0-b91e-222ab1ba744f	tools for ICT test automation	knowledge
50af07f0-7a75-424e-a66d-5a9deea10f4c	ICT accessibility tester	optional	http://data.europa.eu/esco/skill/0af062de-eb43-41e9-9b96-249e2cd22d26	use markup languages	skill
50af07f0-7a75-424e-a66d-5a9deea10f4c	ICT accessibility tester	optional	http://data.europa.eu/esco/skill/6a322874-e32f-4cd8-9683-badce67a7f73	develop automated software tests	skill
50af07f0-7a75-424e-a66d-5a9deea10f4c	ICT accessibility tester	optional	http://data.europa.eu/esco/skill/99207709-d076-4cce-ba38-e90d3bb28806	resource description framework query language	knowledge
50af07f0-7a75-424e-a66d-5a9deea10f4c	ICT accessibility tester	optional	http://data.europa.eu/esco/skill/fd33c66c-70c4-40e6-b87c-5495bd3bf26e	design user interface	skill
50af07f0-7a75-424e-a66d-5a9deea10f4c	ICT accessibility tester	optional	http://data.europa.eu/esco/skill/69bbd53f-fbb0-4476-b4b2-ef7844464e28	web programming	knowledge
50af07f0-7a75-424e-a66d-5a9deea10f4c	ICT accessibility tester	optional	http://data.europa.eu/esco/skill/0a9acb6b-1139-4be9-b431-3a80a959f2f4	Agile project management	knowledge
50af07f0-7a75-424e-a66d-5a9deea10f4c	ICT accessibility tester	optional	http://data.europa.eu/esco/skill/da6393d5-a53c-4863-abc7-51f36281d74e	lean project management	knowledge
50af07f0-7a75-424e-a66d-5a9deea10f4c	ICT accessibility tester	optional	http://data.europa.eu/esco/skill/9d1b08b3-ba1e-41f6-a466-1ac1e62eb5f0	conduct ICT code review	skill
50af07f0-7a75-424e-a66d-5a9deea10f4c	ICT accessibility tester	optional	http://data.europa.eu/esco/skill/a57a54b6-2f2e-43e4-9621-b52f4a63cb08	LDAP	knowledge
50af07f0-7a75-424e-a66d-5a9deea10f4c	ICT accessibility tester	optional	http://data.europa.eu/esco/skill/5da8018b-ae85-4cde-ad93-0394369018f3	SPARQL	knowledge
50af07f0-7a75-424e-a66d-5a9deea10f4c	ICT accessibility tester	optional	http://data.europa.eu/esco/skill/0e1fe34b-f4e7-4642-8c8b-5a05ac3438e5	manage schedule of tasks	skill
50af07f0-7a75-424e-a66d-5a9deea10f4c	ICT accessibility tester	optional	http://data.europa.eu/esco/skill/d5a59ca8-2e91-472e-8571-d12ce4478679	Process-based management	knowledge
50af07f0-7a75-424e-a66d-5a9deea10f4c	ICT accessibility tester	optional	http://data.europa.eu/esco/skill/b4dc6e4f-dc7d-445f-8ce2-d7b9d225e282	AJAX	knowledge
50af07f0-7a75-424e-a66d-5a9deea10f4c	ICT accessibility tester	optional	http://data.europa.eu/esco/skill/c7d24594-0c11-4b27-9039-fe0bb903da8e	LINQ	knowledge
50af07f0-7a75-424e-a66d-5a9deea10f4c	ICT accessibility tester	optional	http://data.europa.eu/esco/skill/2618f336-8e71-4666-83b5-f368edb0906d	cognitive psychology	knowledge
50af07f0-7a75-424e-a66d-5a9deea10f4c	ICT accessibility tester	optional	http://data.europa.eu/esco/skill/c55caed2-de9e-4a25-819e-a0b0e83fba1b	give live presentation	skill
50af07f0-7a75-424e-a66d-5a9deea10f4c	ICT accessibility tester	optional	http://data.europa.eu/esco/skill/7253d98c-4a6d-4e37-8b6c-accca9f4b639	develop ICT test suite	skill
50af07f0-7a75-424e-a66d-5a9deea10f4c	ICT accessibility tester	optional	http://data.europa.eu/esco/skill/2522a6ce-3202-4ac8-9f5b-b9cb5a3a83a1	debug software	skill
aaeec9a7-dc57-4485-890c-86b3eef735f9	ICT help desk agent	essential	http://data.europa.eu/esco/skill/61970f8b-099c-4e7e-82e0-9ccdced0baf3	assist customers	skill
aaeec9a7-dc57-4485-890c-86b3eef735f9	ICT help desk agent	essential	http://data.europa.eu/esco/skill/c2296e2e-5fef-4f24-a24f-e5b3792268be	provide ICT support	skill
aaeec9a7-dc57-4485-890c-86b3eef735f9	ICT help desk agent	essential	http://data.europa.eu/esco/skill/ca73ac82-867a-4afa-9732-834aebe896ff	ICT system user requirements	knowledge
aaeec9a7-dc57-4485-890c-86b3eef735f9	ICT help desk agent	essential	http://data.europa.eu/esco/skill/d6d3fee7-47e2-47f4-a0ec-6c75f28c6abd	product comprehension	knowledge
aaeec9a7-dc57-4485-890c-86b3eef735f9	ICT help desk agent	essential	http://data.europa.eu/esco/skill/debb8d81-ed7f-447d-853a-5d107fda6fcf	provide customer follow-up services	skill
aaeec9a7-dc57-4485-890c-86b3eef735f9	ICT help desk agent	essential	http://data.europa.eu/esco/skill/01e7dee7-3ff1-4807-acad-058dbed91aba	keep up to date on product knowledge	skill
aaeec9a7-dc57-4485-890c-86b3eef735f9	ICT help desk agent	essential	http://data.europa.eu/esco/skill/f642d7ed-e8d7-4355-a747-b85094d4e2e3	prioritise requests	skill
aaeec9a7-dc57-4485-890c-86b3eef735f9	ICT help desk agent	essential	http://data.europa.eu/esco/skill/0da516ee-e70e-4384-be13-f5ff80be8127	communicate with customers	skill
aaeec9a7-dc57-4485-890c-86b3eef735f9	ICT help desk agent	essential	http://data.europa.eu/esco/skill/6430eb0d-c6de-46b7-a7fc-3dd2e8e62a69	use ICT ticketing system	skill
aaeec9a7-dc57-4485-890c-86b3eef735f9	ICT help desk agent	essential	http://data.europa.eu/esco/skill/0e1fe34b-f4e7-4642-8c8b-5a05ac3438e5	manage schedule of tasks	skill
aaeec9a7-dc57-4485-890c-86b3eef735f9	ICT help desk agent	essential	http://data.europa.eu/esco/skill/9e06bac6-6b91-48ca-8b7d-c1f48cdecd7c	solve ICT system problems	skill
aaeec9a7-dc57-4485-890c-86b3eef735f9	ICT help desk agent	essential	http://data.europa.eu/esco/skill/9889b795-d755-41b2-8afd-2e3c87a65a38	use customer relationship management software	skill
aaeec9a7-dc57-4485-890c-86b3eef735f9	ICT help desk agent	essential	http://data.europa.eu/esco/skill/6474fc36-67ae-436b-9d39-c14402c6a89b	use ICT hardware	skill
aaeec9a7-dc57-4485-890c-86b3eef735f9	ICT help desk agent	essential	http://data.europa.eu/esco/skill/1585fc98-bfe4-461f-97fc-734055a2c3ce	characteristics of products	knowledge
aaeec9a7-dc57-4485-890c-86b3eef735f9	ICT help desk agent	essential	http://data.europa.eu/esco/skill/43b13058-68d0-40c6-8031-caf5a7b7d20c	keep task records	skill
aaeec9a7-dc57-4485-890c-86b3eef735f9	ICT help desk agent	essential	http://data.europa.eu/esco/skill/fb3bc9b5-2297-4bba-85b1-60f696a92db8	characteristics of services	knowledge
aaeec9a7-dc57-4485-890c-86b3eef735f9	ICT help desk agent	essential	http://data.europa.eu/esco/skill/68698869-c13c-4563-adc7-118b7644f45d	identify customer's needs	skill
aaeec9a7-dc57-4485-890c-86b3eef735f9	ICT help desk agent	essential	http://data.europa.eu/esco/skill/db36f7f1-5900-45bd-9ffb-f2b19c4362ac	support ICT system users	skill
aaeec9a7-dc57-4485-890c-86b3eef735f9	ICT help desk agent	essential	http://data.europa.eu/esco/skill/03b9b491-fc9b-4868-914a-bf7cd47b5041	create solutions to problems	skill
aaeec9a7-dc57-4485-890c-86b3eef735f9	ICT help desk agent	essential	http://data.europa.eu/esco/skill/00e53a0a-c0ba-4c9f-a2ed-4706d5832a00	guarantee customer satisfaction	skill
aaeec9a7-dc57-4485-890c-86b3eef735f9	ICT help desk agent	optional	http://data.europa.eu/esco/skill/778ca7ad-6c5d-4868-9b96-a7777dca799c	ICT help platforms	knowledge
aaeec9a7-dc57-4485-890c-86b3eef735f9	ICT help desk agent	optional	http://data.europa.eu/esco/skill/38da3c60-4b7c-4698-9256-574e4ee4e93b	knowledge base	knowledge
aaeec9a7-dc57-4485-890c-86b3eef735f9	ICT help desk agent	optional	http://data.europa.eu/esco/skill/d0c6d77e-cb25-4770-bf77-2073fc5f7523	ICT infrastructure	knowledge
aaeec9a7-dc57-4485-890c-86b3eef735f9	ICT help desk agent	optional	http://data.europa.eu/esco/skill/118efbcd-8fc5-4668-81d1-c383a0d16070	handle helpdesk problems	skill
aaeec9a7-dc57-4485-890c-86b3eef735f9	ICT help desk agent	optional	http://data.europa.eu/esco/skill/bb2b4485-2bad-402f-8517-44bf7d9afff4	implement anti-virus software	skill
aaeec9a7-dc57-4485-890c-86b3eef735f9	ICT help desk agent	optional	http://data.europa.eu/esco/skill/946c1229-1171-40d4-82cc-fe3f483ca100	perform escalation procedure	skill
aaeec9a7-dc57-4485-890c-86b3eef735f9	ICT help desk agent	optional	http://data.europa.eu/esco/skill/5a0bffcf-4ff6-49cf-a7db-4142e63f5f04	answer incoming calls	skill
aaeec9a7-dc57-4485-890c-86b3eef735f9	ICT help desk agent	optional	http://data.europa.eu/esco/skill/a56dec32-05ef-45de-a256-ee6741f356db	information confidentiality	knowledge
aaeec9a7-dc57-4485-890c-86b3eef735f9	ICT help desk agent	optional	http://data.europa.eu/esco/skill/16a00c69-9c74-4c37-96d7-6301d285e5ce	use e-services	skill
aaeec9a7-dc57-4485-890c-86b3eef735f9	ICT help desk agent	optional	http://data.europa.eu/esco/skill/acf0a78c-f4e3-4bd9-a5cc-9cf4791b3b95	implement a virtual private network	skill
aaeec9a7-dc57-4485-890c-86b3eef735f9	ICT help desk agent	optional	http://data.europa.eu/esco/skill/6aef2baa-5fa7-4c16-bd28-3e070ec4e4df	educate on data confidentiality	skill
aaeec9a7-dc57-4485-890c-86b3eef735f9	ICT help desk agent	optional	http://data.europa.eu/esco/skill/2b92a5b2-6758-4ee3-9fb4-b6387a55cc8f	perform data analysis	skill
1242d99a-47f1-4a62-b884-33746db8a6ca	ICT help desk manager	essential	http://data.europa.eu/esco/skill/6430eb0d-c6de-46b7-a7fc-3dd2e8e62a69	use ICT ticketing system	skill
1242d99a-47f1-4a62-b884-33746db8a6ca	ICT help desk manager	essential	http://data.europa.eu/esco/skill/f09e70cb-5d8c-4c57-b027-a45127c0bf92	secure sensitive customer's information	skill
1242d99a-47f1-4a62-b884-33746db8a6ca	ICT help desk manager	essential	http://data.europa.eu/esco/skill/6474fc36-67ae-436b-9d39-c14402c6a89b	use ICT hardware	skill
1242d99a-47f1-4a62-b884-33746db8a6ca	ICT help desk manager	essential	http://data.europa.eu/esco/skill/d6d3fee7-47e2-47f4-a0ec-6c75f28c6abd	product comprehension	knowledge
1242d99a-47f1-4a62-b884-33746db8a6ca	ICT help desk manager	essential	http://data.europa.eu/esco/skill/1585fc98-bfe4-461f-97fc-734055a2c3ce	characteristics of products	knowledge
1242d99a-47f1-4a62-b884-33746db8a6ca	ICT help desk manager	essential	http://data.europa.eu/esco/skill/c2296e2e-5fef-4f24-a24f-e5b3792268be	provide ICT support	skill
1242d99a-47f1-4a62-b884-33746db8a6ca	ICT help desk manager	essential	http://data.europa.eu/esco/skill/f399a9c1-be41-4117-bf86-a64b503c4cfd	supervise data entry	skill
1242d99a-47f1-4a62-b884-33746db8a6ca	ICT help desk manager	essential	http://data.europa.eu/esco/skill/339ac029-066a-4985-9f9d-b3d7c8fea0bb	manage staff	skill
1242d99a-47f1-4a62-b884-33746db8a6ca	ICT help desk manager	essential	http://data.europa.eu/esco/skill/03b9b491-fc9b-4868-914a-bf7cd47b5041	create solutions to problems	skill
1242d99a-47f1-4a62-b884-33746db8a6ca	ICT help desk manager	essential	http://data.europa.eu/esco/skill/01e7dee7-3ff1-4807-acad-058dbed91aba	keep up to date on product knowledge	skill
1242d99a-47f1-4a62-b884-33746db8a6ca	ICT help desk manager	essential	http://data.europa.eu/esco/skill/fb3bc9b5-2297-4bba-85b1-60f696a92db8	characteristics of services	knowledge
1242d99a-47f1-4a62-b884-33746db8a6ca	ICT help desk manager	essential	http://data.europa.eu/esco/skill/c4272323-cce6-4535-ac71-4f6841f4f89a	organisational structure	knowledge
1242d99a-47f1-4a62-b884-33746db8a6ca	ICT help desk manager	essential	http://data.europa.eu/esco/skill/6aef2baa-5fa7-4c16-bd28-3e070ec4e4df	educate on data confidentiality	skill
1242d99a-47f1-4a62-b884-33746db8a6ca	ICT help desk manager	essential	http://data.europa.eu/esco/skill/0da516ee-e70e-4384-be13-f5ff80be8127	communicate with customers	skill
1242d99a-47f1-4a62-b884-33746db8a6ca	ICT help desk manager	essential	http://data.europa.eu/esco/skill/875eeec4-fc70-4e6a-80ef-4d18356976e3	forecast workload	skill
1242d99a-47f1-4a62-b884-33746db8a6ca	ICT help desk manager	essential	http://data.europa.eu/esco/skill/d58a48d1-5b7f-4028-ae11-b051d13ee1a8	analyse staff capacity	skill
1242d99a-47f1-4a62-b884-33746db8a6ca	ICT help desk manager	optional	http://data.europa.eu/esco/skill/3be6b84a-fa78-42b9-a8df-150cdb40b9d7	ICT quality policy	knowledge
1242d99a-47f1-4a62-b884-33746db8a6ca	ICT help desk manager	optional	http://data.europa.eu/esco/skill/cd5efa8c-e44d-4cbc-91c6-796018dbed68	perform project management	skill
1242d99a-47f1-4a62-b884-33746db8a6ca	ICT help desk manager	optional	http://data.europa.eu/esco/skill/778ca7ad-6c5d-4868-9b96-a7777dca799c	ICT help platforms	knowledge
1242d99a-47f1-4a62-b884-33746db8a6ca	ICT help desk manager	optional	http://data.europa.eu/esco/skill/f642d7ed-e8d7-4355-a747-b85094d4e2e3	prioritise requests	skill
1242d99a-47f1-4a62-b884-33746db8a6ca	ICT help desk manager	optional	http://data.europa.eu/esco/skill/0cc9c234-f817-4f4c-908a-4d28fe3b0f4a	coach employees	skill
1242d99a-47f1-4a62-b884-33746db8a6ca	ICT help desk manager	optional	http://data.europa.eu/esco/skill/0e1fe34b-f4e7-4642-8c8b-5a05ac3438e5	manage schedule of tasks	skill
1242d99a-47f1-4a62-b884-33746db8a6ca	ICT help desk manager	optional	http://data.europa.eu/esco/skill/e5609f89-0daf-40bb-bd6b-94f5d7498131	ICT market	knowledge
1242d99a-47f1-4a62-b884-33746db8a6ca	ICT help desk manager	optional	http://data.europa.eu/esco/skill/e54ff029-1ce9-447d-a5b2-eb7283a23e6e	train employees	skill
1242d99a-47f1-4a62-b884-33746db8a6ca	ICT help desk manager	optional	http://data.europa.eu/esco/skill/debb8d81-ed7f-447d-853a-5d107fda6fcf	provide customer follow-up services	skill
1242d99a-47f1-4a62-b884-33746db8a6ca	ICT help desk manager	optional	http://data.europa.eu/esco/skill/9889b795-d755-41b2-8afd-2e3c87a65a38	use customer relationship management software	skill
1242d99a-47f1-4a62-b884-33746db8a6ca	ICT help desk manager	optional	http://data.europa.eu/esco/skill/fafe0b9d-dbd9-46bd-b770-26299539ce66	ICT process quality models	knowledge
1242d99a-47f1-4a62-b884-33746db8a6ca	ICT help desk manager	optional	http://data.europa.eu/esco/skill/b535516b-9f8a-4c29-b6aa-a0a4561e1086	call quality assurance management	knowledge
3e7bf729-4442-4b9f-ad5e-83111963795c	ICT technician	essential	http://data.europa.eu/esco/skill/7c5b66c6-36a1-4e03-bb57-64e8688b8f58	operate private branch exchange	skill
3e7bf729-4442-4b9f-ad5e-83111963795c	ICT technician	essential	http://data.europa.eu/esco/skill/0868eef3-2213-4572-9343-74931345a7d3	administer ICT system	skill
3e7bf729-4442-4b9f-ad5e-83111963795c	ICT technician	essential	http://data.europa.eu/esco/skill/cf3e976d-2c3e-495c-a874-f9e8a66d3b48	perform backups	skill
3e7bf729-4442-4b9f-ad5e-83111963795c	ICT technician	essential	http://data.europa.eu/esco/skill/397da142-ab35-48fe-b154-7c38f447adfb	digital systems	knowledge
3e7bf729-4442-4b9f-ad5e-83111963795c	ICT technician	essential	http://data.europa.eu/esco/skill/fbbcb9ab-4b95-4e57-a756-30d08b7da7a5	maintain ICT system	skill
3e7bf729-4442-4b9f-ad5e-83111963795c	ICT technician	essential	http://data.europa.eu/esco/skill/6561c8e7-3851-4878-bcf4-d2ffd63d835e	use repair manuals	skill
3e7bf729-4442-4b9f-ad5e-83111963795c	ICT technician	essential	http://data.europa.eu/esco/skill/6474fc36-67ae-436b-9d39-c14402c6a89b	use ICT hardware	skill
3e7bf729-4442-4b9f-ad5e-83111963795c	ICT technician	essential	http://data.europa.eu/esco/skill/fc2f1d4f-a46f-471e-a618-cbd4d0496a53	implement ICT recovery system	skill
3e7bf729-4442-4b9f-ad5e-83111963795c	ICT technician	essential	http://data.europa.eu/esco/skill/0da6cab1-0ee9-4391-a299-f71fbf21db56	ICT network routing	knowledge
3e7bf729-4442-4b9f-ad5e-83111963795c	ICT technician	essential	http://data.europa.eu/esco/skill/b4877620-c375-45f3-a678-2ddb4dae6a29	repair ICT devices	skill
3e7bf729-4442-4b9f-ad5e-83111963795c	ICT technician	essential	http://data.europa.eu/esco/skill/a99c6783-50c0-4f7a-99df-bf93429ef6dc	use precision tools	skill
3e7bf729-4442-4b9f-ad5e-83111963795c	ICT technician	essential	http://data.europa.eu/esco/skill/d1e954cd-d290-4d80-97c0-7969960d2928	distributed directory information services	knowledge
3e7bf729-4442-4b9f-ad5e-83111963795c	ICT technician	essential	http://data.europa.eu/esco/skill/32428b21-514b-42c2-81b5-244a7804ea74	procurement of ICT network equipment	knowledge
3e7bf729-4442-4b9f-ad5e-83111963795c	ICT technician	essential	http://data.europa.eu/esco/skill/054f26ab-cfdc-4077-883c-1c4c9e9b310a	define firewall rules	skill
3e7bf729-4442-4b9f-ad5e-83111963795c	ICT technician	essential	http://data.europa.eu/esco/skill/744442ac-c157-4350-8be0-ce454df4f5c5	perform ICT troubleshooting	skill
3e7bf729-4442-4b9f-ad5e-83111963795c	ICT technician	essential	http://data.europa.eu/esco/skill/d6e3395b-5ab6-4fba-969a-3df634e904c5	ICT network cable limitations	knowledge
3e7bf729-4442-4b9f-ad5e-83111963795c	ICT technician	essential	http://data.europa.eu/esco/skill/f8f1f725-0105-41fa-9887-4df9e7a7af1e	manage email hosting service	skill
3e7bf729-4442-4b9f-ad5e-83111963795c	ICT technician	essential	http://data.europa.eu/esco/skill/f9e788df-d68a-4f92-92c7-80e135fc35ff	ICT networking hardware	knowledge
3e7bf729-4442-4b9f-ad5e-83111963795c	ICT technician	essential	http://data.europa.eu/esco/skill/acf0a78c-f4e3-4bd9-a5cc-9cf4791b3b95	implement a virtual private network	skill
3e7bf729-4442-4b9f-ad5e-83111963795c	ICT technician	essential	http://data.europa.eu/esco/skill/01e7dee7-3ff1-4807-acad-058dbed91aba	keep up to date on product knowledge	skill
3e7bf729-4442-4b9f-ad5e-83111963795c	ICT technician	essential	http://data.europa.eu/esco/skill/bb2b4485-2bad-402f-8517-44bf7d9afff4	implement anti-virus software	skill
3e7bf729-4442-4b9f-ad5e-83111963795c	ICT technician	essential	http://data.europa.eu/esco/skill/501537a7-9d63-491d-ae02-09f04767ff1e	attack vectors	knowledge
3e7bf729-4442-4b9f-ad5e-83111963795c	ICT technician	essential	http://data.europa.eu/esco/skill/f5ac9226-0ace-4d34-a1c3-7b3845834a98	maintain ICT server	skill
3e7bf729-4442-4b9f-ad5e-83111963795c	ICT technician	optional	http://data.europa.eu/esco/skill/6e4f75b4-c60f-4623-a9ba-760c8245753b	ICT communications protocols	knowledge
3e7bf729-4442-4b9f-ad5e-83111963795c	ICT technician	optional	http://data.europa.eu/esco/skill/19a8293b-8e95-4de3-983f-77484079c389	Java (computer programming)	knowledge
3e7bf729-4442-4b9f-ad5e-83111963795c	ICT technician	optional	http://data.europa.eu/esco/skill/867137fb-ff1b-4ca3-99f3-cb6969aa2c68	TypeScript	knowledge
3e7bf729-4442-4b9f-ad5e-83111963795c	ICT technician	optional	http://data.europa.eu/esco/skill/4c016b68-4116-468c-9dc6-42710c239e4a	C#	knowledge
3e7bf729-4442-4b9f-ad5e-83111963795c	ICT technician	optional	http://data.europa.eu/esco/skill/000f1d3d-220f-4789-9c0a-cc742521fb02	Haskell	knowledge
3e7bf729-4442-4b9f-ad5e-83111963795c	ICT technician	optional	http://data.europa.eu/esco/skill/034c29fa-c3ba-45ea-b8f3-bf8e3705e386	Erlang	knowledge
3e7bf729-4442-4b9f-ad5e-83111963795c	ICT technician	optional	http://data.europa.eu/esco/skill/51586df8-1c46-4b47-8583-773cb63bf00b	R	knowledge
3e7bf729-4442-4b9f-ad5e-83111963795c	ICT technician	optional	http://data.europa.eu/esco/skill/c3a03c5a-c260-4c26-9b9a-873abb396f4d	MATLAB	knowledge
3e7bf729-4442-4b9f-ad5e-83111963795c	ICT technician	optional	http://data.europa.eu/esco/skill/63f0aa84-5e4c-4eb6-8e8c-876d9feedf1f	Outsourcing model	knowledge
3e7bf729-4442-4b9f-ad5e-83111963795c	ICT technician	optional	http://data.europa.eu/esco/skill/bb99af26-71ff-4dca-bde7-1eb1f6194426	SAP R3	knowledge
3e7bf729-4442-4b9f-ad5e-83111963795c	ICT technician	optional	http://data.europa.eu/esco/skill/67a118f4-8a5f-48f7-8e5f-de34b9ca2c37	hybrid model	knowledge
3e7bf729-4442-4b9f-ad5e-83111963795c	ICT technician	optional	http://data.europa.eu/esco/skill/83218cac-3599-417e-93d2-26013cdccd98	service-oriented modelling	knowledge
3e7bf729-4442-4b9f-ad5e-83111963795c	ICT technician	optional	http://data.europa.eu/esco/skill/b4dc6e4f-dc7d-445f-8ce2-d7b9d225e282	AJAX	knowledge
3e7bf729-4442-4b9f-ad5e-83111963795c	ICT technician	optional	http://data.europa.eu/esco/skill/52cf3037-ab53-4806-85ed-7fd21ea7f6a1	Groovy	knowledge
3e7bf729-4442-4b9f-ad5e-83111963795c	ICT technician	optional	http://data.europa.eu/esco/skill/6014921e-1d25-4039-adc2-04852d61880e	ICT debugging tools	knowledge
3e7bf729-4442-4b9f-ad5e-83111963795c	ICT technician	optional	http://data.europa.eu/esco/skill/8359bd04-d2cb-4757-af1f-39a921df9efe	remove computer virus or malware from a computer	skill
3e7bf729-4442-4b9f-ad5e-83111963795c	ICT technician	optional	http://data.europa.eu/esco/skill/ffddfc7c-a9dd-449f-9e96-882dc447c8b6	Scala	knowledge
3e7bf729-4442-4b9f-ad5e-83111963795c	ICT technician	optional	http://data.europa.eu/esco/skill/58d7a289-dafd-4363-833f-d1dc4140885e	APL	knowledge
3e7bf729-4442-4b9f-ad5e-83111963795c	ICT technician	optional	http://data.europa.eu/esco/skill/8369ede5-4200-4a44-be2e-bc60ef959259	Microsoft Visual C++	knowledge
3e7bf729-4442-4b9f-ad5e-83111963795c	ICT technician	optional	http://data.europa.eu/esco/skill/b3c8eada-b0a8-4b61-968b-b354fbfb6874	configure ICT system	skill
3e7bf729-4442-4b9f-ad5e-83111963795c	ICT technician	optional	http://data.europa.eu/esco/skill/e8b89eb6-51e8-4c3a-babb-88b2e110376b	Pascal (computer programming)	knowledge
3e7bf729-4442-4b9f-ad5e-83111963795c	ICT technician	optional	http://data.europa.eu/esco/skill/eb0e5615-1575-4a86-a1a2-7d39595033c5	ABAP	knowledge
3e7bf729-4442-4b9f-ad5e-83111963795c	ICT technician	optional	http://data.europa.eu/esco/skill/0de61385-de6d-4146-ba32-1cc1bc102220	Lisp	knowledge
3e7bf729-4442-4b9f-ad5e-83111963795c	ICT technician	optional	http://data.europa.eu/esco/skill/dcdd5ddf-82a6-4ac3-8edc-d4b23cae9a88	VBScript	knowledge
3e7bf729-4442-4b9f-ad5e-83111963795c	ICT technician	optional	http://data.europa.eu/esco/skill/47b9bbcf-356c-4782-83a4-7f5a1b2b51a3	Assembly (computer programming)	knowledge
3e7bf729-4442-4b9f-ad5e-83111963795c	ICT technician	optional	http://data.europa.eu/esco/skill/5da73370-f6b9-417d-a94c-09bf01f84aa2	use access control software	skill
3e7bf729-4442-4b9f-ad5e-83111963795c	ICT technician	optional	http://data.europa.eu/esco/skill/9973a5a2-7822-4161-99e9-95c781eb63f8	Objective-C	knowledge
3e7bf729-4442-4b9f-ad5e-83111963795c	ICT technician	optional	http://data.europa.eu/esco/skill/b633eb55-8f1f-4ae6-ab4c-2022ffe2cb7f	C++	knowledge
3e7bf729-4442-4b9f-ad5e-83111963795c	ICT technician	optional	http://data.europa.eu/esco/skill/42ed3bfb-1a01-4c8b-9758-fc6438865734	Smalltalk (computer programming)	knowledge
3e7bf729-4442-4b9f-ad5e-83111963795c	ICT technician	optional	http://data.europa.eu/esco/skill/d32db06e-bd06-4415-a7ab-1b0ee68caa9a	ICT encryption	knowledge
3e7bf729-4442-4b9f-ad5e-83111963795c	ICT technician	optional	http://data.europa.eu/esco/skill/2bde42ae-e776-41c1-9ded-b07b30bfe985	Prolog (computer programming)	knowledge
3e7bf729-4442-4b9f-ad5e-83111963795c	ICT technician	optional	http://data.europa.eu/esco/skill/0cd6dcf1-5778-42a5-b685-4d01ae4a4871	Common Lisp	knowledge
3e7bf729-4442-4b9f-ad5e-83111963795c	ICT technician	optional	http://data.europa.eu/esco/skill/21d2f96d-35f7-4e3f-9745-c533d2dd6e97	computer programming	knowledge
3e7bf729-4442-4b9f-ad5e-83111963795c	ICT technician	optional	http://data.europa.eu/esco/skill/ccd0a1d9-afda-43d9-b901-96344886e14d	Python (computer programming)	knowledge
3e7bf729-4442-4b9f-ad5e-83111963795c	ICT technician	optional	http://data.europa.eu/esco/skill/03b9b491-fc9b-4868-914a-bf7cd47b5041	create solutions to problems	skill
3e7bf729-4442-4b9f-ad5e-83111963795c	ICT technician	optional	http://data.europa.eu/esco/skill/13bdd41a-2a18-441f-96db-41252c519413	Visual Basic	knowledge
3e7bf729-4442-4b9f-ad5e-83111963795c	ICT technician	optional	http://data.europa.eu/esco/skill/be80acfc-b6f2-4411-9b8d-b19d9cd2556a	Swift (computer programming)	knowledge
3e7bf729-4442-4b9f-ad5e-83111963795c	ICT technician	optional	http://data.europa.eu/esco/skill/d56fc2b5-4b0a-4e7e-9bde-a33736f6ff18	Scratch (computer programming)	knowledge
3e7bf729-4442-4b9f-ad5e-83111963795c	ICT technician	optional	http://data.europa.eu/esco/skill/3cd569a2-4f88-4c1e-9995-8dce8c5e51a7	JavaScript	knowledge
3e7bf729-4442-4b9f-ad5e-83111963795c	ICT technician	optional	http://data.europa.eu/esco/skill/e5609f89-0daf-40bb-bd6b-94f5d7498131	ICT market	knowledge
3e7bf729-4442-4b9f-ad5e-83111963795c	ICT technician	optional	http://data.europa.eu/esco/skill/415abd43-e8e5-4643-b5da-5f11307af57a	use different communication channels	skill
3e7bf729-4442-4b9f-ad5e-83111963795c	ICT technician	optional	http://data.europa.eu/esco/skill/def007fa-5fed-4a5f-91a2-b0d7e3db1be1	COBOL	knowledge
3e7bf729-4442-4b9f-ad5e-83111963795c	ICT technician	optional	http://data.europa.eu/esco/skill/56a7f561-1d55-43c9-9cd7-36a0a9bc6c50	ASP.NET	knowledge
3e7bf729-4442-4b9f-ad5e-83111963795c	ICT technician	optional	http://data.europa.eu/esco/skill/0f9958d2-f700-4f62-b90b-a5873cb5ae4c	systems thinking	knowledge
3e7bf729-4442-4b9f-ad5e-83111963795c	ICT technician	optional	http://data.europa.eu/esco/skill/4350c38d-0fe9-4ca7-bab9-40ed7f72b04f	PHP	knowledge
3e7bf729-4442-4b9f-ad5e-83111963795c	ICT technician	optional	http://data.europa.eu/esco/skill/0e1fe34b-f4e7-4642-8c8b-5a05ac3438e5	manage schedule of tasks	skill
3e7bf729-4442-4b9f-ad5e-83111963795c	ICT technician	optional	http://data.europa.eu/esco/skill/ca73ac82-867a-4afa-9732-834aebe896ff	ICT system user requirements	knowledge
3e7bf729-4442-4b9f-ad5e-83111963795c	ICT technician	optional	http://data.europa.eu/esco/skill/993b1e23-f2de-4bd8-b33f-f86dde1c8e9d	CoffeeScript	knowledge
3e7bf729-4442-4b9f-ad5e-83111963795c	ICT technician	optional	http://data.europa.eu/esco/skill/0ccdfe98-f845-4598-84a1-3dca66e9d9a3	Ruby (computer programming)	knowledge
3e7bf729-4442-4b9f-ad5e-83111963795c	ICT technician	optional	http://data.europa.eu/esco/skill/709ef32a-7435-48e2-8fa2-16e389ecab8a	Cisco	knowledge
3e7bf729-4442-4b9f-ad5e-83111963795c	ICT technician	optional	http://data.europa.eu/esco/skill/300d432b-f457-4cd3-9cb1-1858c7d14954	OpenEdge Advanced Business Language	knowledge
3e7bf729-4442-4b9f-ad5e-83111963795c	ICT technician	optional	http://data.europa.eu/esco/skill/04f1b938-d4d4-4cb1-a863-982af76b9d93	SAS language	knowledge
3e7bf729-4442-4b9f-ad5e-83111963795c	ICT technician	optional	http://data.europa.eu/esco/skill/861313ba-3a1a-4d33-842a-1b8e45e2415b	manage ICT legacy implication	skill
3e7bf729-4442-4b9f-ad5e-83111963795c	ICT technician	optional	http://data.europa.eu/esco/skill/401eb8d8-6daa-4f8b-90ad-60afc71eb4f8	Perl	knowledge
3e7bf729-4442-4b9f-ad5e-83111963795c	ICT technician	optional	http://data.europa.eu/esco/skill/b16200f4-4f39-4b8b-aa9d-3568054d6bdb	Open source model	knowledge
3e7bf729-4442-4b9f-ad5e-83111963795c	ICT technician	optional	http://data.europa.eu/esco/skill/b105ec9b-0857-41d6-8d07-a83e58b73d90	ICT system programming	knowledge
3e7bf729-4442-4b9f-ad5e-83111963795c	ICT technician	optional	http://data.europa.eu/esco/skill/a4d336a6-9ffd-402a-91cc-f359716ba4e0	ML (computer programming)	knowledge
9e2e6e1e-363b-4e1b-a673-7bc0f7343300	ICT system administrator	essential	http://data.europa.eu/esco/skill/07e47d58-dd0e-4302-9e68-70a188e89065	apply system organisational policies	skill
9e2e6e1e-363b-4e1b-a673-7bc0f7343300	ICT system administrator	essential	http://data.europa.eu/esco/skill/6f1edc19-191f-4ba5-a048-ee69aff05bab	security engineering	knowledge
9e2e6e1e-363b-4e1b-a673-7bc0f7343300	ICT system administrator	essential	http://data.europa.eu/esco/skill/ce354460-500e-4eaa-8e95-8f243fcea3db	manage system testing	skill
9e2e6e1e-363b-4e1b-a673-7bc0f7343300	ICT system administrator	essential	http://data.europa.eu/esco/skill/3a5231a0-8c30-48ee-b671-08e2debd4441	organisational policies	knowledge
9e2e6e1e-363b-4e1b-a673-7bc0f7343300	ICT system administrator	essential	http://data.europa.eu/esco/skill/2a3a96a3-709e-4d60-81f6-d247d6933f13	manage system security	skill
9e2e6e1e-363b-4e1b-a673-7bc0f7343300	ICT system administrator	essential	http://data.europa.eu/esco/skill/4b51e76e-9e8a-455f-a289-5b48246345c4	hardware components	knowledge
9e2e6e1e-363b-4e1b-a673-7bc0f7343300	ICT system administrator	essential	http://data.europa.eu/esco/skill/bb2b4485-2bad-402f-8517-44bf7d9afff4	implement anti-virus software	skill
9e2e6e1e-363b-4e1b-a673-7bc0f7343300	ICT system administrator	essential	http://data.europa.eu/esco/skill/ed8de897-adbe-4f0e-b4d2-534953e64c72	integrate system components	skill
9e2e6e1e-363b-4e1b-a673-7bc0f7343300	ICT system administrator	essential	http://data.europa.eu/esco/skill/c7cc6dc5-d56b-4323-8e5c-47c4022f615f	quality assurance methodologies	knowledge
9e2e6e1e-363b-4e1b-a673-7bc0f7343300	ICT system administrator	essential	http://data.europa.eu/esco/skill/1e7ed56a-6d6b-422f-962e-38543d150755	manage changes in ICT system	skill
9e2e6e1e-363b-4e1b-a673-7bc0f7343300	ICT system administrator	essential	http://data.europa.eu/esco/skill/f9a6f35b-01a7-40c9-8b61-b6ee46f97272	operating systems	knowledge
9e2e6e1e-363b-4e1b-a673-7bc0f7343300	ICT system administrator	essential	http://data.europa.eu/esco/skill/484df271-bb52-49f1-8f50-f19624bf4df2	software components libraries	knowledge
9e2e6e1e-363b-4e1b-a673-7bc0f7343300	ICT system administrator	essential	http://data.europa.eu/esco/skill/e5b5053e-0ef6-4c4e-a3f2-42f955f4322c	implement a firewall	skill
9e2e6e1e-363b-4e1b-a673-7bc0f7343300	ICT system administrator	essential	http://data.europa.eu/esco/skill/071233c4-ad2b-4f50-b79f-768d2231163e	domain name service	knowledge
9e2e6e1e-363b-4e1b-a673-7bc0f7343300	ICT system administrator	essential	http://data.europa.eu/esco/skill/9e06bac6-6b91-48ca-8b7d-c1f48cdecd7c	solve ICT system problems	skill
9e2e6e1e-363b-4e1b-a673-7bc0f7343300	ICT system administrator	essential	http://data.europa.eu/esco/skill/ca73ac82-867a-4afa-9732-834aebe896ff	ICT system user requirements	knowledge
9e2e6e1e-363b-4e1b-a673-7bc0f7343300	ICT system administrator	essential	http://data.europa.eu/esco/skill/db36f7f1-5900-45bd-9ffb-f2b19c4362ac	support ICT system users	skill
9e2e6e1e-363b-4e1b-a673-7bc0f7343300	ICT system administrator	essential	http://data.europa.eu/esco/skill/14d1e367-3efe-4ec5-86ae-eca48710ee4e	implement ICT security policies	skill
9e2e6e1e-363b-4e1b-a673-7bc0f7343300	ICT system administrator	essential	http://data.europa.eu/esco/skill/0868eef3-2213-4572-9343-74931345a7d3	administer ICT system	skill
9e2e6e1e-363b-4e1b-a673-7bc0f7343300	ICT system administrator	essential	http://data.europa.eu/esco/skill/d78dedfc-21d2-45fd-ba05-e56b7a8865e6	network standards	knowledge
9e2e6e1e-363b-4e1b-a673-7bc0f7343300	ICT system administrator	essential	http://data.europa.eu/esco/skill/b105ec9b-0857-41d6-8d07-a83e58b73d90	ICT system programming	knowledge
9e2e6e1e-363b-4e1b-a673-7bc0f7343300	ICT system administrator	essential	http://data.europa.eu/esco/skill/fbbcb9ab-4b95-4e57-a756-30d08b7da7a5	maintain ICT system	skill
9e2e6e1e-363b-4e1b-a673-7bc0f7343300	ICT system administrator	essential	http://data.europa.eu/esco/skill/397da142-ab35-48fe-b154-7c38f447adfb	digital systems	knowledge
9e2e6e1e-363b-4e1b-a673-7bc0f7343300	ICT system administrator	essential	http://data.europa.eu/esco/skill/85c11255-469f-41bd-a6d1-382bc4a87783	interpret technical texts	skill
9e2e6e1e-363b-4e1b-a673-7bc0f7343300	ICT system administrator	essential	http://data.europa.eu/esco/skill/acf0a78c-f4e3-4bd9-a5cc-9cf4791b3b95	implement a virtual private network	skill
9e2e6e1e-363b-4e1b-a673-7bc0f7343300	ICT system administrator	essential	http://data.europa.eu/esco/skill/d0c6d77e-cb25-4770-bf77-2073fc5f7523	ICT infrastructure	knowledge
9e2e6e1e-363b-4e1b-a673-7bc0f7343300	ICT system administrator	essential	http://data.europa.eu/esco/skill/82de2df7-0d6c-42b1-94ac-b3e9a029e917	use back-up and recovery tools	skill
9e2e6e1e-363b-4e1b-a673-7bc0f7343300	ICT system administrator	essential	http://data.europa.eu/esco/skill/cf3e976d-2c3e-495c-a874-f9e8a66d3b48	perform backups	skill
9e2e6e1e-363b-4e1b-a673-7bc0f7343300	ICT system administrator	essential	http://data.europa.eu/esco/skill/9190d87f-9792-42e0-bb7f-64294a656bcd	monitor system performance	skill
9e2e6e1e-363b-4e1b-a673-7bc0f7343300	ICT system administrator	essential	http://data.europa.eu/esco/skill/fc2f1d4f-a46f-471e-a618-cbd4d0496a53	implement ICT recovery system	skill
9e2e6e1e-363b-4e1b-a673-7bc0f7343300	ICT system administrator	essential	http://data.europa.eu/esco/skill/9707091a-323b-4240-877a-5999a19286f0	apply ICT system usage policies	skill
9e2e6e1e-363b-4e1b-a673-7bc0f7343300	ICT system administrator	essential	http://data.europa.eu/esco/skill/020918ef-4b55-47c1-8430-ab7b8f6a7377	migrate existing data	skill
9e2e6e1e-363b-4e1b-a673-7bc0f7343300	ICT system administrator	optional	http://data.europa.eu/esco/skill/8efa6a7a-6556-4cb8-908d-59d3b5c58d2f	cloud monitoring and reporting	knowledge
9e2e6e1e-363b-4e1b-a673-7bc0f7343300	ICT system administrator	optional	http://data.europa.eu/esco/skill/69cfc5ed-6569-4aca-a4cc-fd782ba51d9c	implement ICT risk management	skill
9e2e6e1e-363b-4e1b-a673-7bc0f7343300	ICT system administrator	optional	http://data.europa.eu/esco/skill/418a56a2-7cfc-4b6d-8cf5-5c2add99a849	provide ICT system training	skill
9e2e6e1e-363b-4e1b-a673-7bc0f7343300	ICT system administrator	optional	http://data.europa.eu/esco/skill/ea412de3-9d7a-4943-8d8c-c6d3c7495d0e	execute integration testing	skill
9e2e6e1e-363b-4e1b-a673-7bc0f7343300	ICT system administrator	optional	http://data.europa.eu/esco/skill/09f2f811-a3fb-4de3-a70f-6420a6935575	systems development life-cycle	knowledge
9e2e6e1e-363b-4e1b-a673-7bc0f7343300	ICT system administrator	optional	http://data.europa.eu/esco/skill/d3286405-49f8-4e8a-8046-a4376b4e7963	manage cloud data and storage	skill
9e2e6e1e-363b-4e1b-a673-7bc0f7343300	ICT system administrator	optional	http://data.europa.eu/esco/skill/a8797f21-1af0-4c5e-98ca-bf1442929363	interact with users to gather requirements	skill
9e2e6e1e-363b-4e1b-a673-7bc0f7343300	ICT system administrator	optional	http://data.europa.eu/esco/skill/c2cbbccf-4ffd-4626-86e7-505b39c872a0	implement spam protection	skill
9e2e6e1e-363b-4e1b-a673-7bc0f7343300	ICT system administrator	optional	http://data.europa.eu/esco/skill/bd14968e-e409-45af-b362-3495ed7b10e0	cloud technologies	knowledge
9e2e6e1e-363b-4e1b-a673-7bc0f7343300	ICT system administrator	optional	http://data.europa.eu/esco/skill/90be83d9-56f1-46a4-a6bc-96c51f6c9025	acquire system component	skill
9e2e6e1e-363b-4e1b-a673-7bc0f7343300	ICT system administrator	optional	http://data.europa.eu/esco/skill/ce8ae6ca-61d8-4174-b457-641de96cbff4	automate cloud tasks	skill
9e2e6e1e-363b-4e1b-a673-7bc0f7343300	ICT system administrator	optional	http://data.europa.eu/esco/skill/72a74f69-5cf1-43c5-99b9-62a444578919	engineering processes	knowledge
9e2e6e1e-363b-4e1b-a673-7bc0f7343300	ICT system administrator	optional	http://data.europa.eu/esco/skill/8359bd04-d2cb-4757-af1f-39a921df9efe	remove computer virus or malware from a computer	skill
9e2e6e1e-363b-4e1b-a673-7bc0f7343300	ICT system administrator	optional	http://data.europa.eu/esco/skill/1c2978b8-bb0d-4249-9c23-877571a4dffa	cloud security and compliance	knowledge
9e2e6e1e-363b-4e1b-a673-7bc0f7343300	ICT system administrator	optional	http://data.europa.eu/esco/skill/415abd43-e8e5-4643-b5da-5f11307af57a	use different communication channels	skill
9e2e6e1e-363b-4e1b-a673-7bc0f7343300	ICT system administrator	optional	http://data.europa.eu/esco/skill/6fa1c2c0-a012-4ca0-9642-e01569ba322c	ICT system integration	knowledge
9e2e6e1e-363b-4e1b-a673-7bc0f7343300	ICT system administrator	optional	http://data.europa.eu/esco/skill/b1604a2d-c26a-427d-bda9-b8073a319fe9	adjust ICT system capacity	skill
9e2e6e1e-363b-4e1b-a673-7bc0f7343300	ICT system administrator	optional	http://data.europa.eu/esco/skill/02058de6-4b98-449f-8a45-8588b0eb2446	network engineering	knowledge
9e2e6e1e-363b-4e1b-a673-7bc0f7343300	ICT system administrator	optional	http://data.europa.eu/esco/skill/611ed16b-99bf-4840-9cab-f55d1d286e0a	store digital data and systems	skill
9e2e6e1e-363b-4e1b-a673-7bc0f7343300	ICT system administrator	optional	http://data.europa.eu/esco/skill/fae27053-8924-4bfd-b565-c9fe502044c9	system design	knowledge
9e2e6e1e-363b-4e1b-a673-7bc0f7343300	ICT system administrator	optional	http://data.europa.eu/esco/skill/23b45aa6-a479-486d-9e6f-062cbab7c68a	interfacing techniques	knowledge
9e2e6e1e-363b-4e1b-a673-7bc0f7343300	ICT system administrator	optional	http://data.europa.eu/esco/skill/0fb753a1-2ef2-4429-84d2-ecb2b24daf7a	Apache Tomcat	knowledge
9e2e6e1e-363b-4e1b-a673-7bc0f7343300	ICT system administrator	optional	http://data.europa.eu/esco/skill/c9e96450-421d-48af-9ee6-d9c50e29afc2	ICT recovery techniques	knowledge
9e2e6e1e-363b-4e1b-a673-7bc0f7343300	ICT system administrator	optional	http://data.europa.eu/esco/skill/3e23db60-0c3d-498a-a6ac-ffbed0ecb033	ICT accessibility standards	knowledge
9e2e6e1e-363b-4e1b-a673-7bc0f7343300	ICT system administrator	optional	http://data.europa.eu/esco/skill/f0ff6f10-cbb4-44c0-acd5-ed17046b1396	install signal repeaters	skill
9e2e6e1e-363b-4e1b-a673-7bc0f7343300	ICT system administrator	optional	http://data.europa.eu/esco/skill/5063a99f-975b-4a7c-85e3-69ecb375b4d3	internet governance	knowledge
9e2e6e1e-363b-4e1b-a673-7bc0f7343300	ICT system administrator	optional	http://data.europa.eu/esco/skill/11eebd42-44ab-401d-8a2c-bdb9fc9beb50	information security strategy	knowledge
9e2e6e1e-363b-4e1b-a673-7bc0f7343300	ICT system administrator	optional	http://data.europa.eu/esco/skill/a4e31589-3632-4926-91d0-15b889c90b9b	IBM WebSphere	knowledge
cf2b03cd-feb7-4f47-90f6-ff1ed6016d3d	ICT network engineer	essential	http://data.europa.eu/esco/skill/545c80e8-7ab2-42fe-af64-242211e94709	analyse network configuration and performance	skill
cf2b03cd-feb7-4f47-90f6-ff1ed6016d3d	ICT network engineer	essential	http://data.europa.eu/esco/skill/bd14968e-e409-45af-b362-3495ed7b10e0	cloud technologies	knowledge
cf2b03cd-feb7-4f47-90f6-ff1ed6016d3d	ICT network engineer	essential	http://data.europa.eu/esco/skill/8fa840f7-e66a-4370-8e6d-7d554260c31c	forecast future ICT network needs	skill
cf2b03cd-feb7-4f47-90f6-ff1ed6016d3d	ICT network engineer	essential	http://data.europa.eu/esco/skill/86d2e2ea-1ba2-4aa6-b465-8a1f9abc81b8	apply information security policies	skill
cf2b03cd-feb7-4f47-90f6-ff1ed6016d3d	ICT network engineer	essential	http://data.europa.eu/esco/skill/0da6cab1-0ee9-4391-a299-f71fbf21db56	ICT network routing	knowledge
cf2b03cd-feb7-4f47-90f6-ff1ed6016d3d	ICT network engineer	essential	http://data.europa.eu/esco/skill/248894d1-42dc-474f-af6e-2da52ac0c679	define technology strategy	skill
cf2b03cd-feb7-4f47-90f6-ff1ed6016d3d	ICT network engineer	essential	http://data.europa.eu/esco/skill/2b7a79e5-84d8-4880-be66-3d9bb05bea17	use software design patterns	skill
cf2b03cd-feb7-4f47-90f6-ff1ed6016d3d	ICT network engineer	essential	http://data.europa.eu/esco/skill/d78dedfc-21d2-45fd-ba05-e56b7a8865e6	network standards	knowledge
cf2b03cd-feb7-4f47-90f6-ff1ed6016d3d	ICT network engineer	essential	http://data.europa.eu/esco/skill/2164e860-7f20-48bc-b98c-5d9f8a561550	design computer network	skill
cf2b03cd-feb7-4f47-90f6-ff1ed6016d3d	ICT network engineer	essential	http://data.europa.eu/esco/skill/21d2f96d-35f7-4e3f-9745-c533d2dd6e97	computer programming	knowledge
cf2b03cd-feb7-4f47-90f6-ff1ed6016d3d	ICT network engineer	essential	http://data.europa.eu/esco/skill/0b0335f3-0aa1-491e-895e-81fc8774a300	develop automated migration methods	skill
cf2b03cd-feb7-4f47-90f6-ff1ed6016d3d	ICT network engineer	essential	http://data.europa.eu/esco/skill/2522a6ce-3202-4ac8-9f5b-b9cb5a3a83a1	debug software	skill
cf2b03cd-feb7-4f47-90f6-ff1ed6016d3d	ICT network engineer	essential	http://data.europa.eu/esco/skill/6014921e-1d25-4039-adc2-04852d61880e	ICT debugging tools	knowledge
cf2b03cd-feb7-4f47-90f6-ff1ed6016d3d	ICT network engineer	essential	http://data.europa.eu/esco/skill/976455eb-5bbe-4493-ae64-ed16c3b009ea	mobile operating systems	knowledge
cf2b03cd-feb7-4f47-90f6-ff1ed6016d3d	ICT network engineer	essential	http://data.europa.eu/esco/skill/04fe962b-4017-4eb7-9139-7d69b6922bc9	use an application-specific interface	skill
cf2b03cd-feb7-4f47-90f6-ff1ed6016d3d	ICT network engineer	essential	http://data.europa.eu/esco/skill/71746a0b-e58d-4dc4-ad03-bd84082eae21	collect customer feedback on applications	skill
cf2b03cd-feb7-4f47-90f6-ff1ed6016d3d	ICT network engineer	essential	http://data.europa.eu/esco/skill/f28617ad-afdd-4041-814c-216153a38998	analyse software specifications	skill
cf2b03cd-feb7-4f47-90f6-ff1ed6016d3d	ICT network engineer	essential	http://data.europa.eu/esco/skill/020918ef-4b55-47c1-8430-ab7b8f6a7377	migrate existing data	skill
cf2b03cd-feb7-4f47-90f6-ff1ed6016d3d	ICT network engineer	essential	http://data.europa.eu/esco/skill/ed39edd3-44d0-4a16-9796-bfb99f92baf3	ICT performance analysis methods	knowledge
cf2b03cd-feb7-4f47-90f6-ff1ed6016d3d	ICT network engineer	essential	http://data.europa.eu/esco/skill/02058de6-4b98-449f-8a45-8588b0eb2446	network engineering	knowledge
cf2b03cd-feb7-4f47-90f6-ff1ed6016d3d	ICT network engineer	essential	http://data.europa.eu/esco/skill/bf7ea00f-db77-4a95-9b9f-2d12b6d9fcb4	implement ICT network diagnostic tools	skill
cf2b03cd-feb7-4f47-90f6-ff1ed6016d3d	ICT network engineer	essential	http://data.europa.eu/esco/skill/acf0a78c-f4e3-4bd9-a5cc-9cf4791b3b95	implement a virtual private network	skill
cf2b03cd-feb7-4f47-90f6-ff1ed6016d3d	ICT network engineer	essential	http://data.europa.eu/esco/skill/11eebd42-44ab-401d-8a2c-bdb9fc9beb50	information security strategy	knowledge
cf2b03cd-feb7-4f47-90f6-ff1ed6016d3d	ICT network engineer	optional	http://data.europa.eu/esco/skill/52cf3037-ab53-4806-85ed-7fd21ea7f6a1	Groovy	knowledge
cf2b03cd-feb7-4f47-90f6-ff1ed6016d3d	ICT network engineer	optional	http://data.europa.eu/esco/skill/13bdd41a-2a18-441f-96db-41252c519413	Visual Basic	knowledge
cf2b03cd-feb7-4f47-90f6-ff1ed6016d3d	ICT network engineer	optional	http://data.europa.eu/esco/skill/4c016b68-4116-468c-9dc6-42710c239e4a	C#	knowledge
cf2b03cd-feb7-4f47-90f6-ff1ed6016d3d	ICT network engineer	optional	http://data.europa.eu/esco/skill/8369ede5-4200-4a44-be2e-bc60ef959259	Microsoft Visual C++	knowledge
cf2b03cd-feb7-4f47-90f6-ff1ed6016d3d	ICT network engineer	optional	http://data.europa.eu/esco/skill/013441c1-1f13-47e9-80c4-9a53e8e1bc05	KDevelop	knowledge
cf2b03cd-feb7-4f47-90f6-ff1ed6016d3d	ICT network engineer	optional	http://data.europa.eu/esco/skill/0cd6dcf1-5778-42a5-b685-4d01ae4a4871	Common Lisp	knowledge
cf2b03cd-feb7-4f47-90f6-ff1ed6016d3d	ICT network engineer	optional	http://data.europa.eu/esco/skill/4350c38d-0fe9-4ca7-bab9-40ed7f72b04f	PHP	knowledge
cf2b03cd-feb7-4f47-90f6-ff1ed6016d3d	ICT network engineer	optional	http://data.europa.eu/esco/skill/e8b89eb6-51e8-4c3a-babb-88b2e110376b	Pascal (computer programming)	knowledge
cf2b03cd-feb7-4f47-90f6-ff1ed6016d3d	ICT network engineer	optional	http://data.europa.eu/esco/skill/a4d336a6-9ffd-402a-91cc-f359716ba4e0	ML (computer programming)	knowledge
cf2b03cd-feb7-4f47-90f6-ff1ed6016d3d	ICT network engineer	optional	http://data.europa.eu/esco/skill/b4dc6e4f-dc7d-445f-8ce2-d7b9d225e282	AJAX	knowledge
cf2b03cd-feb7-4f47-90f6-ff1ed6016d3d	ICT network engineer	optional	http://data.europa.eu/esco/skill/14d1e367-3efe-4ec5-86ae-eca48710ee4e	implement ICT security policies	skill
cf2b03cd-feb7-4f47-90f6-ff1ed6016d3d	ICT network engineer	optional	http://data.europa.eu/esco/skill/ccd0a1d9-afda-43d9-b901-96344886e14d	Python (computer programming)	knowledge
cf2b03cd-feb7-4f47-90f6-ff1ed6016d3d	ICT network engineer	optional	http://data.europa.eu/esco/skill/56a7f561-1d55-43c9-9cd7-36a0a9bc6c50	ASP.NET	knowledge
cf2b03cd-feb7-4f47-90f6-ff1ed6016d3d	ICT network engineer	optional	http://data.europa.eu/esco/skill/f47a1998-0beb-43be-9f46-380aa4d183da	Jenkins (tools for software configuration management)	knowledge
cf2b03cd-feb7-4f47-90f6-ff1ed6016d3d	ICT network engineer	optional	http://data.europa.eu/esco/skill/8359bd04-d2cb-4757-af1f-39a921df9efe	remove computer virus or malware from a computer	skill
cf2b03cd-feb7-4f47-90f6-ff1ed6016d3d	ICT network engineer	optional	http://data.europa.eu/esco/skill/300d432b-f457-4cd3-9cb1-1858c7d14954	OpenEdge Advanced Business Language	knowledge
cf2b03cd-feb7-4f47-90f6-ff1ed6016d3d	ICT network engineer	optional	http://data.europa.eu/esco/skill/4da4587a-fd0b-4ca2-886c-c42a1562d432	design cloud networks	skill
cf2b03cd-feb7-4f47-90f6-ff1ed6016d3d	ICT network engineer	optional	http://data.europa.eu/esco/skill/def007fa-5fed-4a5f-91a2-b0d7e3db1be1	COBOL	knowledge
cf2b03cd-feb7-4f47-90f6-ff1ed6016d3d	ICT network engineer	optional	http://data.europa.eu/esco/skill/000f1d3d-220f-4789-9c0a-cc742521fb02	Haskell	knowledge
cf2b03cd-feb7-4f47-90f6-ff1ed6016d3d	ICT network engineer	optional	http://data.europa.eu/esco/skill/be80acfc-b6f2-4411-9b8d-b19d9cd2556a	Swift (computer programming)	knowledge
cf2b03cd-feb7-4f47-90f6-ff1ed6016d3d	ICT network engineer	optional	http://data.europa.eu/esco/skill/a3ce2bf7-5562-4639-9b52-fdb4850a3904	ICT problem management techniques	knowledge
cf2b03cd-feb7-4f47-90f6-ff1ed6016d3d	ICT network engineer	optional	http://data.europa.eu/esco/skill/b633eb55-8f1f-4ae6-ab4c-2022ffe2cb7f	C++	knowledge
cf2b03cd-feb7-4f47-90f6-ff1ed6016d3d	ICT network engineer	optional	http://data.europa.eu/esco/skill/3cd569a2-4f88-4c1e-9995-8dce8c5e51a7	JavaScript	knowledge
cf2b03cd-feb7-4f47-90f6-ff1ed6016d3d	ICT network engineer	optional	http://data.europa.eu/esco/skill/797a4416-0b8d-44f3-8fcd-eb10bd0be6b4	develop software prototype	skill
cf2b03cd-feb7-4f47-90f6-ff1ed6016d3d	ICT network engineer	optional	http://data.europa.eu/esco/skill/19a8293b-8e95-4de3-983f-77484079c389	Java (computer programming)	knowledge
cf2b03cd-feb7-4f47-90f6-ff1ed6016d3d	ICT network engineer	optional	http://data.europa.eu/esco/skill/5b9cde20-f1b9-4adc-bfb3-dbf70b14138d	use object-oriented programming	skill
cf2b03cd-feb7-4f47-90f6-ff1ed6016d3d	ICT network engineer	optional	http://data.europa.eu/esco/skill/ffddfc7c-a9dd-449f-9e96-882dc447c8b6	Scala	knowledge
cf2b03cd-feb7-4f47-90f6-ff1ed6016d3d	ICT network engineer	optional	http://data.europa.eu/esco/skill/8c4c49d4-9708-433f-8ca7-bf2c5211ee49	develop creative ideas	skill
cf2b03cd-feb7-4f47-90f6-ff1ed6016d3d	ICT network engineer	optional	http://data.europa.eu/esco/skill/867137fb-ff1b-4ca3-99f3-cb6969aa2c68	TypeScript	knowledge
cf2b03cd-feb7-4f47-90f6-ff1ed6016d3d	ICT network engineer	optional	http://data.europa.eu/esco/skill/47b9bbcf-356c-4782-83a4-7f5a1b2b51a3	Assembly (computer programming)	knowledge
cf2b03cd-feb7-4f47-90f6-ff1ed6016d3d	ICT network engineer	optional	http://data.europa.eu/esco/skill/d8829a1d-dbde-435b-b921-29d6462f35c9	Android (mobile operating systems)	knowledge
cf2b03cd-feb7-4f47-90f6-ff1ed6016d3d	ICT network engineer	optional	http://data.europa.eu/esco/skill/e5b5053e-0ef6-4c4e-a3f2-42f955f4322c	implement a firewall	skill
cf2b03cd-feb7-4f47-90f6-ff1ed6016d3d	ICT network engineer	optional	http://data.europa.eu/esco/skill/dcdd5ddf-82a6-4ac3-8edc-d4b23cae9a88	VBScript	knowledge
cf2b03cd-feb7-4f47-90f6-ff1ed6016d3d	ICT network engineer	optional	http://data.europa.eu/esco/skill/d31fab87-2a7d-485c-b699-2901ca294b15	use functional programming	skill
cf2b03cd-feb7-4f47-90f6-ff1ed6016d3d	ICT network engineer	optional	http://data.europa.eu/esco/skill/51586df8-1c46-4b47-8583-773cb63bf00b	R	knowledge
cf2b03cd-feb7-4f47-90f6-ff1ed6016d3d	ICT network engineer	optional	http://data.europa.eu/esco/skill/25b291b5-8245-4d9d-b391-86a8a31d7109	use concurrent programming	skill
cf2b03cd-feb7-4f47-90f6-ff1ed6016d3d	ICT network engineer	optional	http://data.europa.eu/esco/skill/901105f8-3a08-453e-b1dc-23619e317fd3	create flowchart diagram	skill
cf2b03cd-feb7-4f47-90f6-ff1ed6016d3d	ICT network engineer	optional	http://data.europa.eu/esco/skill/2c4e11ef-da18-4e19-816b-e6bc19e12424	use logic programming	skill
cf2b03cd-feb7-4f47-90f6-ff1ed6016d3d	ICT network engineer	optional	http://data.europa.eu/esco/skill/6417a4cc-6f61-4459-a114-761a7fa0279d	Puppet (tools for software configuration management)	knowledge
cf2b03cd-feb7-4f47-90f6-ff1ed6016d3d	ICT network engineer	optional	http://data.europa.eu/esco/skill/925463a7-d51f-4d5b-9f79-4d28cf30acde	integrated development environment software	knowledge
cf2b03cd-feb7-4f47-90f6-ff1ed6016d3d	ICT network engineer	optional	http://data.europa.eu/esco/skill/0d168770-4d9c-4096-b048-a6577818d306	Apache Maven	knowledge
cf2b03cd-feb7-4f47-90f6-ff1ed6016d3d	ICT network engineer	optional	http://data.europa.eu/esco/skill/69f0167e-75d9-46cf-847f-72a592880ebb	STAF	knowledge
cf2b03cd-feb7-4f47-90f6-ff1ed6016d3d	ICT network engineer	optional	http://data.europa.eu/esco/skill/7d10fcb2-b368-48ab-996b-7c9fafcf68ed	use automatic programming	skill
cf2b03cd-feb7-4f47-90f6-ff1ed6016d3d	ICT network engineer	optional	http://data.europa.eu/esco/skill/04f1b938-d4d4-4cb1-a863-982af76b9d93	SAS language	knowledge
cf2b03cd-feb7-4f47-90f6-ff1ed6016d3d	ICT network engineer	optional	http://data.europa.eu/esco/skill/58d7a289-dafd-4363-833f-d1dc4140885e	APL	knowledge
cf2b03cd-feb7-4f47-90f6-ff1ed6016d3d	ICT network engineer	optional	http://data.europa.eu/esco/skill/eb0e5615-1575-4a86-a1a2-7d39595033c5	ABAP	knowledge
cf2b03cd-feb7-4f47-90f6-ff1ed6016d3d	ICT network engineer	optional	http://data.europa.eu/esco/skill/f5308e60-d763-4ead-be95-88c96fb3e02b	adapt to changes in technological development plans	skill
cf2b03cd-feb7-4f47-90f6-ff1ed6016d3d	ICT network engineer	optional	http://data.europa.eu/esco/skill/ce8ae6ca-61d8-4174-b457-641de96cbff4	automate cloud tasks	skill
cf2b03cd-feb7-4f47-90f6-ff1ed6016d3d	ICT network engineer	optional	http://data.europa.eu/esco/skill/dfff95c6-9758-4c04-a228-7eaa88dec6cd	design for organisational complexity	skill
cf2b03cd-feb7-4f47-90f6-ff1ed6016d3d	ICT network engineer	optional	http://data.europa.eu/esco/skill/6b643893-0a1f-4f6c-83a1-e7eef75849b9	develop with cloud services	skill
cf2b03cd-feb7-4f47-90f6-ff1ed6016d3d	ICT network engineer	optional	http://data.europa.eu/esco/skill/82de2df7-0d6c-42b1-94ac-b3e9a029e917	use back-up and recovery tools	skill
cf2b03cd-feb7-4f47-90f6-ff1ed6016d3d	ICT network engineer	optional	http://data.europa.eu/esco/skill/9973a5a2-7822-4161-99e9-95c781eb63f8	Objective-C	knowledge
cf2b03cd-feb7-4f47-90f6-ff1ed6016d3d	ICT network engineer	optional	http://data.europa.eu/esco/skill/0de61385-de6d-4146-ba32-1cc1bc102220	Lisp	knowledge
cf2b03cd-feb7-4f47-90f6-ff1ed6016d3d	ICT network engineer	optional	http://data.europa.eu/esco/skill/6b3afb82-c4ea-4f14-be54-a757fb762663	Vagrant	knowledge
cf2b03cd-feb7-4f47-90f6-ff1ed6016d3d	ICT network engineer	optional	http://data.europa.eu/esco/skill/861cc783-6d4c-442e-9081-3a6e389be454	install electronic communication equipment	skill
cf2b03cd-feb7-4f47-90f6-ff1ed6016d3d	ICT network engineer	optional	http://data.europa.eu/esco/skill/6f8a40d6-f9ce-43ec-a72f-d4213a53f3ed	Ansible	knowledge
cf2b03cd-feb7-4f47-90f6-ff1ed6016d3d	ICT network engineer	optional	http://data.europa.eu/esco/skill/c2cbbccf-4ffd-4626-86e7-505b39c872a0	implement spam protection	skill
cf2b03cd-feb7-4f47-90f6-ff1ed6016d3d	ICT network engineer	optional	http://data.europa.eu/esco/skill/993b1e23-f2de-4bd8-b33f-f86dde1c8e9d	CoffeeScript	knowledge
cf2b03cd-feb7-4f47-90f6-ff1ed6016d3d	ICT network engineer	optional	http://data.europa.eu/esco/skill/449d119b-2d66-43a9-9230-7d27f16afbb6	Xcode	knowledge
cf2b03cd-feb7-4f47-90f6-ff1ed6016d3d	ICT network engineer	optional	http://data.europa.eu/esco/skill/c3a03c5a-c260-4c26-9b9a-873abb396f4d	MATLAB	knowledge
cf2b03cd-feb7-4f47-90f6-ff1ed6016d3d	ICT network engineer	optional	http://data.europa.eu/esco/skill/bb2b4485-2bad-402f-8517-44bf7d9afff4	implement anti-virus software	skill
cf2b03cd-feb7-4f47-90f6-ff1ed6016d3d	ICT network engineer	optional	http://data.europa.eu/esco/skill/c7451027-8249-405a-bb1b-342ff0f3fb3b	Salt (tools for software configuration management)	knowledge
cf2b03cd-feb7-4f47-90f6-ff1ed6016d3d	ICT network engineer	optional	http://data.europa.eu/esco/skill/9d2e926f-53d9-41f5-98f3-19dfaa687f3f	tools for software configuration management	knowledge
cf2b03cd-feb7-4f47-90f6-ff1ed6016d3d	ICT network engineer	optional	http://data.europa.eu/esco/skill/bb99af26-71ff-4dca-bde7-1eb1f6194426	SAP R3	knowledge
cf2b03cd-feb7-4f47-90f6-ff1ed6016d3d	ICT network engineer	optional	http://data.europa.eu/esco/skill/ba04b19b-0b18-4d5c-b799-4db31a98e58d	BlackBerry	knowledge
cf2b03cd-feb7-4f47-90f6-ff1ed6016d3d	ICT network engineer	optional	http://data.europa.eu/esco/skill/0ccdfe98-f845-4598-84a1-3dca66e9d9a3	Ruby (computer programming)	knowledge
cf2b03cd-feb7-4f47-90f6-ff1ed6016d3d	ICT network engineer	optional	http://data.europa.eu/esco/skill/6b6a9252-2ed7-4862-a02f-1578f4a532ea	Eclipse (integrated development environment software)	knowledge
cf2b03cd-feb7-4f47-90f6-ff1ed6016d3d	ICT network engineer	optional	http://data.europa.eu/esco/skill/0ab03c6c-281b-48f4-83e0-10eeb27a1bae	network management system tools	knowledge
cf2b03cd-feb7-4f47-90f6-ff1ed6016d3d	ICT network engineer	optional	http://data.europa.eu/esco/skill/2bde42ae-e776-41c1-9ded-b07b30bfe985	Prolog (computer programming)	knowledge
cf2b03cd-feb7-4f47-90f6-ff1ed6016d3d	ICT network engineer	optional	http://data.europa.eu/esco/skill/034c29fa-c3ba-45ea-b8f3-bf8e3705e386	Erlang	knowledge
cf2b03cd-feb7-4f47-90f6-ff1ed6016d3d	ICT network engineer	optional	http://data.europa.eu/esco/skill/ce26e71f-2d47-474e-89b6-7920931ac4fc	iOS	knowledge
cf2b03cd-feb7-4f47-90f6-ff1ed6016d3d	ICT network engineer	optional	http://data.europa.eu/esco/skill/03b9b491-fc9b-4868-914a-bf7cd47b5041	create solutions to problems	skill
cf2b03cd-feb7-4f47-90f6-ff1ed6016d3d	ICT network engineer	optional	http://data.europa.eu/esco/skill/d56fc2b5-4b0a-4e7e-9bde-a33736f6ff18	Scratch (computer programming)	knowledge
cf2b03cd-feb7-4f47-90f6-ff1ed6016d3d	ICT network engineer	optional	http://data.europa.eu/esco/skill/f049d050-12da-4e40-813a-2b5eb6df6b51	Internet of Things	knowledge
cf2b03cd-feb7-4f47-90f6-ff1ed6016d3d	ICT network engineer	optional	http://data.europa.eu/esco/skill/42ed3bfb-1a01-4c8b-9758-fc6438865734	Smalltalk (computer programming)	knowledge
8c57af09-719c-42b3-be40-6ed4946236cc	database administrator	essential	http://data.europa.eu/esco/skill/fecf8a0d-62c4-4e71-9b03-0f4fc2ad7bf5	data models	knowledge
8c57af09-719c-42b3-be40-6ed4946236cc	database administrator	essential	http://data.europa.eu/esco/skill/fbafa41f-cd05-4109-a649-8b44d306d779	create data models	skill
8c57af09-719c-42b3-be40-6ed4946236cc	database administrator	essential	http://data.europa.eu/esco/skill/ab1e97ed-2319-4293-a8b7-072d2648822f	database management systems	knowledge
8c57af09-719c-42b3-be40-6ed4946236cc	database administrator	essential	http://data.europa.eu/esco/skill/a7f0fbe0-c546-4f30-8e41-34a58c64567e	data storage	knowledge
8c57af09-719c-42b3-be40-6ed4946236cc	database administrator	essential	http://data.europa.eu/esco/skill/29fb0fb5-dfc4-4098-ac9b-3a712000f48f	manage database	skill
8c57af09-719c-42b3-be40-6ed4946236cc	database administrator	essential	http://data.europa.eu/esco/skill/4463a721-69f3-413d-8321-43e3af13a4f1	use databases	skill
8c57af09-719c-42b3-be40-6ed4946236cc	database administrator	essential	http://data.europa.eu/esco/skill/03ff0d53-573a-47a0-a0ad-1995815a4339	information structure	knowledge
8c57af09-719c-42b3-be40-6ed4946236cc	database administrator	essential	http://data.europa.eu/esco/skill/85c11255-469f-41bd-a6d1-382bc4a87783	interpret technical texts	skill
8c57af09-719c-42b3-be40-6ed4946236cc	database administrator	essential	http://data.europa.eu/esco/skill/0a43729f-2a79-4dae-9faa-95520daae79f	apply company policies	skill
8c57af09-719c-42b3-be40-6ed4946236cc	database administrator	essential	http://data.europa.eu/esco/skill/9cf681c7-89ec-470c-b651-7fe03786f586	query languages	knowledge
8c57af09-719c-42b3-be40-6ed4946236cc	database administrator	essential	http://data.europa.eu/esco/skill/897b393f-e7e0-4248-a40d-d77119694e83	distributed computing	knowledge
8c57af09-719c-42b3-be40-6ed4946236cc	database administrator	essential	http://data.europa.eu/esco/skill/ec85cc63-4e24-4631-bf92-8789db2605c0	maintain database security	skill
8c57af09-719c-42b3-be40-6ed4946236cc	database administrator	essential	http://data.europa.eu/esco/skill/ab67fbfb-0ca7-4345-8bf6-af8f59480212	design database backup specifications	skill
8c57af09-719c-42b3-be40-6ed4946236cc	database administrator	essential	http://data.europa.eu/esco/skill/9ba8fd27-275d-4bad-8c48-f668aa99a578	balance database resources	skill
8c57af09-719c-42b3-be40-6ed4946236cc	database administrator	essential	http://data.europa.eu/esco/skill/022dc430-872a-473a-9cf4-fed4895e58ad	define database physical structure	skill
8c57af09-719c-42b3-be40-6ed4946236cc	database administrator	essential	http://data.europa.eu/esco/skill/5ef0c719-5bcb-49f8-b8eb-824388225333	use scripting programming	skill
8c57af09-719c-42b3-be40-6ed4946236cc	database administrator	essential	http://data.europa.eu/esco/skill/04fe962b-4017-4eb7-9139-7d69b6922bc9	use an application-specific interface	skill
8c57af09-719c-42b3-be40-6ed4946236cc	database administrator	essential	http://data.europa.eu/esco/skill/47ca0da1-cae5-4395-ae6b-fd97b9ff48d3	system backup best practice	knowledge
8c57af09-719c-42b3-be40-6ed4946236cc	database administrator	essential	http://data.europa.eu/esco/skill/0868eef3-2213-4572-9343-74931345a7d3	administer ICT system	skill
8c57af09-719c-42b3-be40-6ed4946236cc	database administrator	essential	http://data.europa.eu/esco/skill/744442ac-c157-4350-8be0-ce454df4f5c5	perform ICT troubleshooting	skill
8c57af09-719c-42b3-be40-6ed4946236cc	database administrator	essential	http://data.europa.eu/esco/skill/9ef0f3a0-9ce2-4ef1-a987-0366b5cb2dbe	database development tools	knowledge
8c57af09-719c-42b3-be40-6ed4946236cc	database administrator	essential	http://data.europa.eu/esco/skill/071233c4-ad2b-4f50-b79f-768d2231163e	domain name service	knowledge
8c57af09-719c-42b3-be40-6ed4946236cc	database administrator	essential	http://data.europa.eu/esco/skill/6c08403c-a5bb-4868-b8c2-b7d039c0e511	design database scheme	skill
8c57af09-719c-42b3-be40-6ed4946236cc	database administrator	essential	http://data.europa.eu/esco/skill/cf3e976d-2c3e-495c-a874-f9e8a66d3b48	perform backups	skill
8c57af09-719c-42b3-be40-6ed4946236cc	database administrator	essential	http://data.europa.eu/esco/skill/99207709-d076-4cce-ba38-e90d3bb28806	resource description framework query language	knowledge
8c57af09-719c-42b3-be40-6ed4946236cc	database administrator	essential	http://data.europa.eu/esco/skill/d6cdef49-b669-4507-91d1-3f959cf98e47	maintain database performance	skill
8c57af09-719c-42b3-be40-6ed4946236cc	database administrator	essential	http://data.europa.eu/esco/skill/7369f779-4b71-4aab-8836-48b69c676eec	operate relational database management system	skill
8c57af09-719c-42b3-be40-6ed4946236cc	database administrator	essential	http://data.europa.eu/esco/skill/cc7370dd-69fa-4c67-a96f-d4d135d38700	data quality assessment	knowledge
8c57af09-719c-42b3-be40-6ed4946236cc	database administrator	optional	http://data.europa.eu/esco/skill/33a82b83-c838-4889-ae62-fae1317481eb	protect personal data and privacy	skill
8c57af09-719c-42b3-be40-6ed4946236cc	database administrator	optional	http://data.europa.eu/esco/skill/7e1f9657-ab4e-407c-842f-b846197060e3	execute ICT audits	skill
8c57af09-719c-42b3-be40-6ed4946236cc	database administrator	optional	http://data.europa.eu/esco/skill/7d10fcb2-b368-48ab-996b-7c9fafcf68ed	use automatic programming	skill
8c57af09-719c-42b3-be40-6ed4946236cc	database administrator	optional	http://data.europa.eu/esco/skill/e819cc1e-09d9-47f2-b418-93972852daef	MarkLogic	knowledge
8c57af09-719c-42b3-be40-6ed4946236cc	database administrator	optional	http://data.europa.eu/esco/skill/bb2b4485-2bad-402f-8517-44bf7d9afff4	implement anti-virus software	skill
8c57af09-719c-42b3-be40-6ed4946236cc	database administrator	optional	http://data.europa.eu/esco/skill/b0a3bb25-a02f-43ed-ab1f-994fa66a424a	online analytical processing	knowledge
8c57af09-719c-42b3-be40-6ed4946236cc	database administrator	optional	http://data.europa.eu/esco/skill/4da171e5-779c-4983-a76f-91c16751e99f	MySQL	knowledge
8c57af09-719c-42b3-be40-6ed4946236cc	database administrator	optional	http://data.europa.eu/esco/skill/e5b5053e-0ef6-4c4e-a3f2-42f955f4322c	implement a firewall	skill
8c57af09-719c-42b3-be40-6ed4946236cc	database administrator	optional	http://data.europa.eu/esco/skill/db36f7f1-5900-45bd-9ffb-f2b19c4362ac	support ICT system users	skill
8c57af09-719c-42b3-be40-6ed4946236cc	database administrator	optional	http://data.europa.eu/esco/skill/4e6d2538-a48e-48a7-8dad-14b067cfcb8b	TripleStore	knowledge
8c57af09-719c-42b3-be40-6ed4946236cc	database administrator	optional	http://data.europa.eu/esco/skill/c7d24594-0c11-4b27-9039-fe0bb903da8e	LINQ	knowledge
8c57af09-719c-42b3-be40-6ed4946236cc	database administrator	optional	http://data.europa.eu/esco/skill/143769cb-b61e-47d8-a61e-eedfbec1016c	business intelligence	knowledge
8c57af09-719c-42b3-be40-6ed4946236cc	database administrator	optional	http://data.europa.eu/esco/skill/4959697d-3a24-4f46-af0c-b752318e6c54	ObjectStore	knowledge
8c57af09-719c-42b3-be40-6ed4946236cc	database administrator	optional	http://data.europa.eu/esco/skill/de9f85ba-e77f-48fd-8c66-f5ebaf32d655	Oracle Relational Database	knowledge
8c57af09-719c-42b3-be40-6ed4946236cc	database administrator	optional	http://data.europa.eu/esco/skill/1b7c716e-af95-4cda-a42f-6479c8b139f5	MDX	knowledge
8c57af09-719c-42b3-be40-6ed4946236cc	database administrator	optional	http://data.europa.eu/esco/skill/a8d07b5a-c1a1-42c6-9d53-db9c7a2ca996	PostgreSQL	knowledge
8c57af09-719c-42b3-be40-6ed4946236cc	database administrator	optional	http://data.europa.eu/esco/skill/c2296e2e-5fef-4f24-a24f-e5b3792268be	provide ICT support	skill
8c57af09-719c-42b3-be40-6ed4946236cc	database administrator	optional	http://data.europa.eu/esco/skill/3cee858e-79e8-4a4b-b99f-93c7f735d58b	DB2	knowledge
8c57af09-719c-42b3-be40-6ed4946236cc	database administrator	optional	http://data.europa.eu/esco/skill/5da8018b-ae85-4cde-ad93-0394369018f3	SPARQL	knowledge
8c57af09-719c-42b3-be40-6ed4946236cc	database administrator	optional	http://data.europa.eu/esco/skill/14d1e367-3efe-4ec5-86ae-eca48710ee4e	implement ICT security policies	skill
8c57af09-719c-42b3-be40-6ed4946236cc	database administrator	optional	http://data.europa.eu/esco/skill/b8eb2517-37d8-43e6-9856-9c29d5c51fde	Filemaker (database management systems)	knowledge
8c57af09-719c-42b3-be40-6ed4946236cc	database administrator	optional	http://data.europa.eu/esco/skill/84251cb1-babf-4d17-a3cd-baa642c24c8d	IBM Informix	knowledge
8c57af09-719c-42b3-be40-6ed4946236cc	database administrator	optional	http://data.europa.eu/esco/skill/8359bd04-d2cb-4757-af1f-39a921df9efe	remove computer virus or malware from a computer	skill
8c57af09-719c-42b3-be40-6ed4946236cc	database administrator	optional	http://data.europa.eu/esco/skill/415abd43-e8e5-4643-b5da-5f11307af57a	use different communication channels	skill
8c57af09-719c-42b3-be40-6ed4946236cc	database administrator	optional	http://data.europa.eu/esco/skill/c062bab3-3ea0-4291-9220-a2d8fef4bead	SQL Server	knowledge
8c57af09-719c-42b3-be40-6ed4946236cc	database administrator	optional	http://data.europa.eu/esco/skill/d3286405-49f8-4e8a-8046-a4376b4e7963	manage cloud data and storage	skill
8c57af09-719c-42b3-be40-6ed4946236cc	database administrator	optional	http://data.europa.eu/esco/skill/d9eaf831-9348-4330-a83e-b7c099cdc8f6	Teradata Database	knowledge
8c57af09-719c-42b3-be40-6ed4946236cc	database administrator	optional	http://data.europa.eu/esco/skill/f597f772-24d3-4cec-813c-cf5a7027c794	N1QL	knowledge
8c57af09-719c-42b3-be40-6ed4946236cc	database administrator	optional	http://data.europa.eu/esco/skill/7e796b51-49d7-4e73-95af-2e7323763f15	design database in the cloud	skill
8c57af09-719c-42b3-be40-6ed4946236cc	database administrator	optional	http://data.europa.eu/esco/skill/82de2df7-0d6c-42b1-94ac-b3e9a029e917	use back-up and recovery tools	skill
8c57af09-719c-42b3-be40-6ed4946236cc	database administrator	optional	http://data.europa.eu/esco/skill/48db96bf-3314-45c6-bad8-fdb6e20e5639	data engineering	knowledge
8c57af09-719c-42b3-be40-6ed4946236cc	database administrator	optional	http://data.europa.eu/esco/skill/3f4dab51-572b-4e2c-85ef-3b4c3f7094e1	XQuery	knowledge
8c57af09-719c-42b3-be40-6ed4946236cc	database administrator	optional	http://data.europa.eu/esco/skill/3d03c40c-1b83-4793-8902-2523f40af59e	Microsoft Access	knowledge
8c57af09-719c-42b3-be40-6ed4946236cc	database administrator	optional	http://data.europa.eu/esco/skill/43ec6db6-33f7-449b-a566-5779a7e8997a	OpenEdge Database	knowledge
8c57af09-719c-42b3-be40-6ed4946236cc	database administrator	optional	http://data.europa.eu/esco/skill/c7cc6dc5-d56b-4323-8e5c-47c4022f615f	quality assurance methodologies	knowledge
8c57af09-719c-42b3-be40-6ed4946236cc	database administrator	optional	http://data.europa.eu/esco/skill/1973c966-f236-40c9-b2d4-5d71a89019be	use spreadsheets software	skill
8c57af09-719c-42b3-be40-6ed4946236cc	database administrator	optional	http://data.europa.eu/esco/skill/d54a1355-05c8-45eb-9c42-267d2cfcdf44	provide technical training	skill
8c57af09-719c-42b3-be40-6ed4946236cc	database administrator	optional	http://data.europa.eu/esco/skill/a57a54b6-2f2e-43e4-9621-b52f4a63cb08	LDAP	knowledge
8c57af09-719c-42b3-be40-6ed4946236cc	database administrator	optional	http://data.europa.eu/esco/skill/e207163b-7963-4c3e-9494-7a4bb000211b	estimate duration of work	skill
f0ca39a8-1e30-487c-95f9-ef2d5e734adc	ICT operations manager	essential	http://data.europa.eu/esco/skill/7f0b1a66-ebaf-4c8a-b606-4c1844eb692e	attend to ICT systems quality	skill
f0ca39a8-1e30-487c-95f9-ef2d5e734adc	ICT operations manager	essential	http://data.europa.eu/esco/skill/75b30aeb-34c0-40f4-b77d-271d75a98b14	improve business processes	skill
f0ca39a8-1e30-487c-95f9-ef2d5e734adc	ICT operations manager	essential	http://data.europa.eu/esco/skill/21c5790c-0930-4d74-b3b0-84caf5af12ea	manage budgets	skill
f0ca39a8-1e30-487c-95f9-ef2d5e734adc	ICT operations manager	essential	http://data.europa.eu/esco/skill/751941a0-5645-4f8b-b97e-b252909d5edb	develop ICT workflow	skill
f0ca39a8-1e30-487c-95f9-ef2d5e734adc	ICT operations manager	essential	http://data.europa.eu/esco/skill/3cd35f5d-ce6d-4f14-9a09-53d7a28d834c	maintain relationship with suppliers	skill
f0ca39a8-1e30-487c-95f9-ef2d5e734adc	ICT operations manager	essential	http://data.europa.eu/esco/skill/248894d1-42dc-474f-af6e-2da52ac0c679	define technology strategy	skill
f0ca39a8-1e30-487c-95f9-ef2d5e734adc	ICT operations manager	essential	http://data.europa.eu/esco/skill/e54ff029-1ce9-447d-a5b2-eb7283a23e6e	train employees	skill
f0ca39a8-1e30-487c-95f9-ef2d5e734adc	ICT operations manager	essential	http://data.europa.eu/esco/skill/5d34adde-0b78-42b4-9d3d-69e9388d8398	oversee quality control	skill
f0ca39a8-1e30-487c-95f9-ef2d5e734adc	ICT operations manager	essential	http://data.europa.eu/esco/skill/cd5efa8c-e44d-4cbc-91c6-796018dbed68	perform project management	skill
f0ca39a8-1e30-487c-95f9-ef2d5e734adc	ICT operations manager	essential	http://data.europa.eu/esco/skill/8dcbcabe-09f7-4d11-940d-125af57bbc40	track key performance indicators	skill
f0ca39a8-1e30-487c-95f9-ef2d5e734adc	ICT operations manager	essential	http://data.europa.eu/esco/skill/339ac029-066a-4985-9f9d-b3d7c8fea0bb	manage staff	skill
f0ca39a8-1e30-487c-95f9-ef2d5e734adc	ICT operations manager	essential	http://data.europa.eu/esco/skill/397da142-ab35-48fe-b154-7c38f447adfb	digital systems	knowledge
f0ca39a8-1e30-487c-95f9-ef2d5e734adc	ICT operations manager	essential	http://data.europa.eu/esco/skill/6430eb0d-c6de-46b7-a7fc-3dd2e8e62a69	use ICT ticketing system	skill
f0ca39a8-1e30-487c-95f9-ef2d5e734adc	ICT operations manager	essential	http://data.europa.eu/esco/skill/2fb8480e-de3c-462b-b169-e8bbb344da68	innovation processes	knowledge
f0ca39a8-1e30-487c-95f9-ef2d5e734adc	ICT operations manager	essential	http://data.europa.eu/esco/skill/1e7ed56a-6d6b-422f-962e-38543d150755	manage changes in ICT system	skill
f0ca39a8-1e30-487c-95f9-ef2d5e734adc	ICT operations manager	essential	http://data.europa.eu/esco/skill/415abd43-e8e5-4643-b5da-5f11307af57a	use different communication channels	skill
f0ca39a8-1e30-487c-95f9-ef2d5e734adc	ICT operations manager	essential	http://data.europa.eu/esco/skill/2c28fc20-8a60-4311-8899-5ef8729c05b3	design process	skill
f0ca39a8-1e30-487c-95f9-ef2d5e734adc	ICT operations manager	essential	http://data.europa.eu/esco/skill/2d140a3a-45a6-4248-80dd-b3760ebc9cc6	operations management	knowledge
f0ca39a8-1e30-487c-95f9-ef2d5e734adc	ICT operations manager	optional	http://data.europa.eu/esco/skill/6f8baa62-bc2b-4cc1-942b-f540c837cfa2	outsourcing strategy	knowledge
f0ca39a8-1e30-487c-95f9-ef2d5e734adc	ICT operations manager	optional	http://data.europa.eu/esco/skill/484df271-bb52-49f1-8f50-f19624bf4df2	software components libraries	knowledge
f0ca39a8-1e30-487c-95f9-ef2d5e734adc	ICT operations manager	optional	http://data.europa.eu/esco/skill/fafe0b9d-dbd9-46bd-b770-26299539ce66	ICT process quality models	knowledge
f0ca39a8-1e30-487c-95f9-ef2d5e734adc	ICT operations manager	optional	http://data.europa.eu/esco/skill/14d1e367-3efe-4ec5-86ae-eca48710ee4e	implement ICT security policies	skill
f0ca39a8-1e30-487c-95f9-ef2d5e734adc	ICT operations manager	optional	http://data.europa.eu/esco/skill/e6b8f934-7f35-4dc6-9a64-f6c43acdc00b	software components suppliers	knowledge
f0ca39a8-1e30-487c-95f9-ef2d5e734adc	ICT operations manager	optional	http://data.europa.eu/esco/skill/694dc996-52f3-4afa-a802-672e19f061b7	crowdsourcing strategy	knowledge
f0ca39a8-1e30-487c-95f9-ef2d5e734adc	ICT operations manager	optional	http://data.europa.eu/esco/skill/3d3ee5c3-4286-457f-9f76-1704011f7e11	comply with legal regulations	skill
f0ca39a8-1e30-487c-95f9-ef2d5e734adc	ICT operations manager	optional	http://data.europa.eu/esco/skill/1b3fc0e0-c6f9-45fc-9c6e-14bbba662979	develop information standards	skill
f0ca39a8-1e30-487c-95f9-ef2d5e734adc	ICT operations manager	optional	http://data.europa.eu/esco/skill/496932f1-0b6b-4f73-9432-d95c7ddcd43b	recruit employees	skill
f0ca39a8-1e30-487c-95f9-ef2d5e734adc	ICT operations manager	optional	http://data.europa.eu/esco/skill/eff1bb34-b454-4482-8c29-65f820619f3c	insourcing strategy	knowledge
f0ca39a8-1e30-487c-95f9-ef2d5e734adc	ICT operations manager	optional	http://data.europa.eu/esco/skill/84f583f4-f32a-4202-9b92-e25f0c978410	core banking software	knowledge
f0ca39a8-1e30-487c-95f9-ef2d5e734adc	ICT operations manager	optional	http://data.europa.eu/esco/skill/72a74f69-5cf1-43c5-99b9-62a444578919	engineering processes	knowledge
f0ca39a8-1e30-487c-95f9-ef2d5e734adc	ICT operations manager	optional	http://data.europa.eu/esco/skill/5c606d18-6404-4047-b235-350f18e11827	contract law	knowledge
f0ca39a8-1e30-487c-95f9-ef2d5e734adc	ICT operations manager	optional	http://data.europa.eu/esco/skill/9e9a4209-c7cf-4f6e-973e-dc2ffadccc74	perform procurement processes	skill
f0ca39a8-1e30-487c-95f9-ef2d5e734adc	ICT operations manager	optional	http://data.europa.eu/esco/skill/48b68726-0fd6-4e03-a5eb-82236516ee7a	provide cost benefit analysis reports	skill
f0ca39a8-1e30-487c-95f9-ef2d5e734adc	ICT operations manager	optional	http://data.europa.eu/esco/skill/acf0a78c-f4e3-4bd9-a5cc-9cf4791b3b95	implement a virtual private network	skill
f0ca39a8-1e30-487c-95f9-ef2d5e734adc	ICT operations manager	optional	http://data.europa.eu/esco/skill/92721092-fe7c-4689-96bd-4f02385bc0e7	manage contracts	skill
f0ca39a8-1e30-487c-95f9-ef2d5e734adc	ICT operations manager	optional	http://data.europa.eu/esco/skill/69cfc5ed-6569-4aca-a4cc-fd782ba51d9c	implement ICT risk management	skill
f0ca39a8-1e30-487c-95f9-ef2d5e734adc	ICT operations manager	optional	http://data.europa.eu/esco/skill/09f2f811-a3fb-4de3-a70f-6420a6935575	systems development life-cycle	knowledge
f0ca39a8-1e30-487c-95f9-ef2d5e734adc	ICT operations manager	optional	http://data.europa.eu/esco/skill/4b51e76e-9e8a-455f-a289-5b48246345c4	hardware components	knowledge
f0ca39a8-1e30-487c-95f9-ef2d5e734adc	ICT operations manager	optional	http://data.europa.eu/esco/skill/ed1fbdc3-1071-423c-9bb4-e3288ca6d1fe	hardware components suppliers	knowledge
f0ca39a8-1e30-487c-95f9-ef2d5e734adc	ICT operations manager	optional	http://data.europa.eu/esco/skill/d3eccb86-f02d-4950-bfbd-20b9510774a1	apply organisational techniques	skill
f0ca39a8-1e30-487c-95f9-ef2d5e734adc	ICT operations manager	optional	http://data.europa.eu/esco/skill/af607e5e-4ba1-4e5f-a2a6-dc05806567c7	coordinate technological activities	skill
3b1ea27c-781c-41eb-821f-214285260dd2	ICT change and configuration manager	essential	http://data.europa.eu/esco/skill/978db6a1-7297-4c89-819a-47605f2c3ba8	manage software releases	skill
3b1ea27c-781c-41eb-821f-214285260dd2	ICT change and configuration manager	essential	http://data.europa.eu/esco/skill/1e7ed56a-6d6b-422f-962e-38543d150755	manage changes in ICT system	skill
3b1ea27c-781c-41eb-821f-214285260dd2	ICT change and configuration manager	essential	http://data.europa.eu/esco/skill/cd5efa8c-e44d-4cbc-91c6-796018dbed68	perform project management	skill
3b1ea27c-781c-41eb-821f-214285260dd2	ICT change and configuration manager	essential	http://data.europa.eu/esco/skill/ccb2e5f2-4279-48fd-9d85-a1db42ff1e13	project configuration management	knowledge
3b1ea27c-781c-41eb-821f-214285260dd2	ICT change and configuration manager	essential	http://data.europa.eu/esco/skill/ae4f0cc6-e0b9-47f5-bdca-2fc2e6316dce	manage ICT virtualisation environments	skill
3b1ea27c-781c-41eb-821f-214285260dd2	ICT change and configuration manager	essential	http://data.europa.eu/esco/skill/dc72ad0a-c5dc-4abd-bc0d-ca43e82162e1	build business relationships	skill
3b1ea27c-781c-41eb-821f-214285260dd2	ICT change and configuration manager	essential	http://data.europa.eu/esco/skill/e54ff029-1ce9-447d-a5b2-eb7283a23e6e	train employees	skill
3b1ea27c-781c-41eb-821f-214285260dd2	ICT change and configuration manager	essential	http://data.europa.eu/esco/skill/f0de4973-0a70-4644-8fd4-3a97080476f4	DevOps	knowledge
3b1ea27c-781c-41eb-821f-214285260dd2	ICT change and configuration manager	essential	http://data.europa.eu/esco/skill/bec4359e-cb92-468f-a997-8fb28e32fba9	ICT project management methodologies	knowledge
3b1ea27c-781c-41eb-821f-214285260dd2	ICT change and configuration manager	essential	http://data.europa.eu/esco/skill/0b0335f3-0aa1-491e-895e-81fc8774a300	develop automated migration methods	skill
3b1ea27c-781c-41eb-821f-214285260dd2	ICT change and configuration manager	essential	http://data.europa.eu/esco/skill/5ef0c719-5bcb-49f8-b8eb-824388225333	use scripting programming	skill
3b1ea27c-781c-41eb-821f-214285260dd2	ICT change and configuration manager	essential	http://data.europa.eu/esco/skill/0868eef3-2213-4572-9343-74931345a7d3	administer ICT system	skill
3b1ea27c-781c-41eb-821f-214285260dd2	ICT change and configuration manager	essential	http://data.europa.eu/esco/skill/fafe0b9d-dbd9-46bd-b770-26299539ce66	ICT process quality models	knowledge
3b1ea27c-781c-41eb-821f-214285260dd2	ICT change and configuration manager	essential	http://data.europa.eu/esco/skill/9d2e926f-53d9-41f5-98f3-19dfaa687f3f	tools for software configuration management	knowledge
3b1ea27c-781c-41eb-821f-214285260dd2	ICT change and configuration manager	essential	http://data.europa.eu/esco/skill/ed8de897-adbe-4f0e-b4d2-534953e64c72	integrate system components	skill
3b1ea27c-781c-41eb-821f-214285260dd2	ICT change and configuration manager	essential	http://data.europa.eu/esco/skill/397da142-ab35-48fe-b154-7c38f447adfb	digital systems	knowledge
3b1ea27c-781c-41eb-821f-214285260dd2	ICT change and configuration manager	essential	http://data.europa.eu/esco/skill/71c2f41e-14de-4b23-82ad-5dbcd54ba5b0	deploy ICT systems	skill
3b1ea27c-781c-41eb-821f-214285260dd2	ICT change and configuration manager	optional	http://data.europa.eu/esco/skill/d12e9d68-84c5-444e-aa98-d36533bf03f6	apply operations for an ITIL-based environment	skill
3b1ea27c-781c-41eb-821f-214285260dd2	ICT change and configuration manager	optional	http://data.europa.eu/esco/skill/020918ef-4b55-47c1-8430-ab7b8f6a7377	migrate existing data	skill
3b1ea27c-781c-41eb-821f-214285260dd2	ICT change and configuration manager	optional	http://data.europa.eu/esco/skill/7961413f-61d0-4722-9cd9-20a050a29899	perform software unit testing	skill
3b1ea27c-781c-41eb-821f-214285260dd2	ICT change and configuration manager	optional	http://data.europa.eu/esco/skill/6b3afb82-c4ea-4f14-be54-a757fb762663	Vagrant	knowledge
3b1ea27c-781c-41eb-821f-214285260dd2	ICT change and configuration manager	optional	http://data.europa.eu/esco/skill/925463a7-d51f-4d5b-9f79-4d28cf30acde	integrated development environment software	knowledge
3b1ea27c-781c-41eb-821f-214285260dd2	ICT change and configuration manager	optional	http://data.europa.eu/esco/skill/55c16653-343c-4d02-a9de-7d8e864a4592	Codenvy	knowledge
3b1ea27c-781c-41eb-821f-214285260dd2	ICT change and configuration manager	optional	http://data.europa.eu/esco/skill/21d2f96d-35f7-4e3f-9745-c533d2dd6e97	computer programming	knowledge
3b1ea27c-781c-41eb-821f-214285260dd2	ICT change and configuration manager	optional	http://data.europa.eu/esco/skill/f47a1998-0beb-43be-9f46-380aa4d183da	Jenkins (tools for software configuration management)	knowledge
3b1ea27c-781c-41eb-821f-214285260dd2	ICT change and configuration manager	optional	http://data.europa.eu/esco/skill/c7451027-8249-405a-bb1b-342ff0f3fb3b	Salt (tools for software configuration management)	knowledge
3b1ea27c-781c-41eb-821f-214285260dd2	ICT change and configuration manager	optional	http://data.europa.eu/esco/skill/0d168770-4d9c-4096-b048-a6577818d306	Apache Maven	knowledge
3b1ea27c-781c-41eb-821f-214285260dd2	ICT change and configuration manager	optional	http://data.europa.eu/esco/skill/2180bd8c-86de-4889-8165-adac902eee9d	embedded systems	knowledge
3b1ea27c-781c-41eb-821f-214285260dd2	ICT change and configuration manager	optional	http://data.europa.eu/esco/skill/ff25cbf0-6978-4c4c-887e-d4b185410d74	perform software recovery testing	skill
3b1ea27c-781c-41eb-821f-214285260dd2	ICT change and configuration manager	optional	http://data.europa.eu/esco/skill/6417a4cc-6f61-4459-a114-761a7fa0279d	Puppet (tools for software configuration management)	knowledge
3b1ea27c-781c-41eb-821f-214285260dd2	ICT change and configuration manager	optional	http://data.europa.eu/esco/skill/2f04bb71-d476-43b3-a60b-5df1d05f5681	Octopus Deploy	knowledge
3b1ea27c-781c-41eb-821f-214285260dd2	ICT change and configuration manager	optional	http://data.europa.eu/esco/skill/49f85a99-086c-45b6-a6fa-eb90305af7b1	Chef (tools for software configuration management)	knowledge
3b1ea27c-781c-41eb-821f-214285260dd2	ICT change and configuration manager	optional	http://data.europa.eu/esco/skill/11430d93-c835-48ed-8e70-285fa69c9ae6	design cloud architecture	skill
3b1ea27c-781c-41eb-821f-214285260dd2	ICT change and configuration manager	optional	http://data.europa.eu/esco/skill/9bb7a97a-1a16-431e-8ea6-ad0f9f59aa0a	control objectives for information and related technology	knowledge
3b1ea27c-781c-41eb-821f-214285260dd2	ICT change and configuration manager	optional	http://data.europa.eu/esco/skill/69f0167e-75d9-46cf-847f-72a592880ebb	STAF	knowledge
3b1ea27c-781c-41eb-821f-214285260dd2	ICT change and configuration manager	optional	http://data.europa.eu/esco/skill/172020d1-e151-445b-8173-e2a5fb16fe51	utilise computer-aided software engineering tools	skill
0ce5a9f4-e00a-4bbe-b255-3c63407167a4	cyber incident responder	essential	http://data.europa.eu/esco/skill/0e8d16c9-e2db-4862-ac06-1567f01ef806	building systems monitoring technology	knowledge
0ce5a9f4-e00a-4bbe-b255-3c63407167a4	cyber incident responder	essential	http://data.europa.eu/esco/skill/4e5687e3-3d3a-4f5e-b76a-93da0124d453	operational tactics for emergency responses	knowledge
0ce5a9f4-e00a-4bbe-b255-3c63407167a4	cyber incident responder	essential	http://data.europa.eu/esco/skill/d3e9b00a-0891-4fa8-836d-8240ec3d2758	GDPR	knowledge
0ce5a9f4-e00a-4bbe-b255-3c63407167a4	cyber incident responder	essential	http://data.europa.eu/esco/skill/7814e88f-c133-4c3b-b27f-857afa145d42	ICT security legislation	knowledge
0ce5a9f4-e00a-4bbe-b255-3c63407167a4	cyber incident responder	essential	http://data.europa.eu/esco/skill/426ceaba-6867-481c-bb6b-aee3933da7d2	ICT safety	
0ce5a9f4-e00a-4bbe-b255-3c63407167a4	cyber incident responder	essential	http://data.europa.eu/esco/skill/477173ca-5fc2-406b-9122-95d92811f284	communicate with stakeholders	skill
0ce5a9f4-e00a-4bbe-b255-3c63407167a4	cyber incident responder	essential	http://data.europa.eu/esco/skill/501537a7-9d63-491d-ae02-09f04767ff1e	attack vectors	knowledge
0ce5a9f4-e00a-4bbe-b255-3c63407167a4	cyber incident responder	essential	http://data.europa.eu/esco/skill/e8f80ec5-c423-4eb2-9f0f-805d22f844ae	incidents and accidents recording	knowledge
0ce5a9f4-e00a-4bbe-b255-3c63407167a4	cyber incident responder	essential	http://data.europa.eu/esco/skill/5898d99a-62a4-4e10-a2e3-0d815ce44248	cyber attack counter-measures	knowledge
0ce5a9f4-e00a-4bbe-b255-3c63407167a4	cyber incident responder	essential	http://data.europa.eu/esco/skill/24310a7b-5db1-4917-a705-4835630227ca	create incident reports	skill
0ce5a9f4-e00a-4bbe-b255-3c63407167a4	cyber incident responder	essential	http://data.europa.eu/esco/skill/6eff134b-e34f-4d6e-a6e8-5e47cf2228d0	risk management	knowledge
0ce5a9f4-e00a-4bbe-b255-3c63407167a4	cyber incident responder	essential	http://data.europa.eu/esco/skill/0ffdb6ac-03b5-4f1c-bfcc-3d9cb874fdf9	ethical hacking principles	knowledge
0ce5a9f4-e00a-4bbe-b255-3c63407167a4	cyber incident responder	essential	http://data.europa.eu/esco/skill/8181aa4c-42bc-4036-a3d2-5cb6bbb34239	handle cybersecurity incidents	skill
0ce5a9f4-e00a-4bbe-b255-3c63407167a4	cyber incident responder	essential	http://data.europa.eu/esco/skill/283cbcd3-7101-4dbb-be37-56f3625515b1	provide ICT consulting advice	skill
0ce5a9f4-e00a-4bbe-b255-3c63407167a4	cyber incident responder	essential	http://data.europa.eu/esco/skill/3ff589b7-68df-4ea5-ae41-b395bdb2378f	ICT security standards	knowledge
0ce5a9f4-e00a-4bbe-b255-3c63407167a4	cyber incident responder	essential	http://data.europa.eu/esco/skill/f9a6f35b-01a7-40c9-8b61-b6ee46f97272	operating systems	knowledge
0ce5a9f4-e00a-4bbe-b255-3c63407167a4	cyber incident responder	essential	http://data.europa.eu/esco/skill/fcbb3a90-cdde-49ff-9ecc-8e2c0a6dfca2	collect cyber defence data	skill
0ce5a9f4-e00a-4bbe-b255-3c63407167a4	cyber incident responder	essential	http://data.europa.eu/esco/skill/99c4c69a-025c-464f-adda-874c7f107a31	engage with stakeholders	skill
0ce5a9f4-e00a-4bbe-b255-3c63407167a4	cyber incident responder	essential	http://data.europa.eu/esco/skill/8088750d-8388-4170-a76f-48354c469c44	cyber security	knowledge
0ce5a9f4-e00a-4bbe-b255-3c63407167a4	cyber incident responder	essential	http://data.europa.eu/esco/skill/2ddb1226-1117-4eb4-ae65-3a2f5a5a3c80	ICT network security risks	knowledge
0ce5a9f4-e00a-4bbe-b255-3c63407167a4	cyber incident responder	essential	http://data.europa.eu/esco/skill/df329d70-87b0-466b-a214-3431f36e2a5e	protect ICT devices	skill
0ce5a9f4-e00a-4bbe-b255-3c63407167a4	cyber incident responder	essential	http://data.europa.eu/esco/skill/5acf6408-e084-4202-9442-ffcf0119811c	security threats	knowledge
0ce5a9f4-e00a-4bbe-b255-3c63407167a4	cyber incident responder	essential	http://data.europa.eu/esco/skill/6f1edc19-191f-4ba5-a048-ee69aff05bab	security engineering	knowledge
0ce5a9f4-e00a-4bbe-b255-3c63407167a4	cyber incident responder	optional	http://data.europa.eu/esco/skill/17924c75-45f4-4593-afac-eea0d51f04b5	defence standard procedures	knowledge
0ce5a9f4-e00a-4bbe-b255-3c63407167a4	cyber incident responder	optional	http://data.europa.eu/esco/skill/cb668e89-6ef5-4ff3-ab4a-506010e7e70b	manage a team	skill
0ce5a9f4-e00a-4bbe-b255-3c63407167a4	cyber incident responder	optional	http://data.europa.eu/esco/skill/1e7ed56a-6d6b-422f-962e-38543d150755	manage changes in ICT system	skill
0ce5a9f4-e00a-4bbe-b255-3c63407167a4	cyber incident responder	optional	http://data.europa.eu/esco/skill/c241f5a5-e23f-47bf-ad24-d83ea0010166	ensure proper document management	skill
0ce5a9f4-e00a-4bbe-b255-3c63407167a4	cyber incident responder	optional	http://data.europa.eu/esco/skill/732cb4dd-af91-4c88-9a9f-5fc62144e500	provide information	skill
0ce5a9f4-e00a-4bbe-b255-3c63407167a4	cyber incident responder	optional	http://data.europa.eu/esco/skill/bb2b4485-2bad-402f-8517-44bf7d9afff4	implement anti-virus software	skill
0ce5a9f4-e00a-4bbe-b255-3c63407167a4	cyber incident responder	optional	http://data.europa.eu/esco/skill/5d9e766b-8f17-4e17-bfab-3bb0e0719791	define quality standards	skill
0ce5a9f4-e00a-4bbe-b255-3c63407167a4	cyber incident responder	optional	http://data.europa.eu/esco/skill/4fabca9a-7435-4f33-b1da-3cdb00340fdc	perform scientific research	skill
0ce5a9f4-e00a-4bbe-b255-3c63407167a4	cyber incident responder	optional	http://data.europa.eu/esco/skill/334e3e49-fb02-4051-809a-f06adfdc1c40	troubleshoot	skill
0ce5a9f4-e00a-4bbe-b255-3c63407167a4	cyber incident responder	optional	http://data.europa.eu/esco/skill/fafe0b9d-dbd9-46bd-b770-26299539ce66	ICT process quality models	knowledge
0ce5a9f4-e00a-4bbe-b255-3c63407167a4	cyber incident responder	optional	http://data.europa.eu/esco/skill/d32db06e-bd06-4415-a7ab-1b0ee68caa9a	ICT encryption	knowledge
0ce5a9f4-e00a-4bbe-b255-3c63407167a4	cyber incident responder	optional	http://data.europa.eu/esco/skill/2180bd8c-86de-4889-8165-adac902eee9d	embedded systems	knowledge
0ce5a9f4-e00a-4bbe-b255-3c63407167a4	cyber incident responder	optional	http://data.europa.eu/esco/skill/d5a59ca8-2e91-472e-8571-d12ce4478679	Process-based management	knowledge
0ce5a9f4-e00a-4bbe-b255-3c63407167a4	cyber incident responder	optional	http://data.europa.eu/esco/skill/14d1e367-3efe-4ec5-86ae-eca48710ee4e	implement ICT security policies	skill
0ce5a9f4-e00a-4bbe-b255-3c63407167a4	cyber incident responder	optional	http://data.europa.eu/esco/skill/69cfc5ed-6569-4aca-a4cc-fd782ba51d9c	implement ICT risk management	skill
0ce5a9f4-e00a-4bbe-b255-3c63407167a4	cyber incident responder	optional	http://data.europa.eu/esco/skill/385479b7-5da5-4367-9763-0d15b41bb65b	provide user documentation	skill
0ce5a9f4-e00a-4bbe-b255-3c63407167a4	cyber incident responder	optional	http://data.europa.eu/esco/skill/1c2978b8-bb0d-4249-9c23-877571a4dffa	cloud security and compliance	knowledge
0ce5a9f4-e00a-4bbe-b255-3c63407167a4	cyber incident responder	optional	http://data.europa.eu/esco/skill/e5beeff8-7c98-490a-ae2c-16fbb6a87305	manage keys for data protection	skill
0ce5a9f4-e00a-4bbe-b255-3c63407167a4	cyber incident responder	optional	http://data.europa.eu/esco/skill/33a82b83-c838-4889-ae62-fae1317481eb	protect personal data and privacy	skill
0ce5a9f4-e00a-4bbe-b255-3c63407167a4	cyber incident responder	optional	http://data.europa.eu/esco/skill/9531fe02-1e1f-4a36-95f7-a76a77cd4b8d	consult with business clients	skill
0ce5a9f4-e00a-4bbe-b255-3c63407167a4	cyber incident responder	optional	http://data.europa.eu/esco/skill/8efa6a7a-6556-4cb8-908d-59d3b5c58d2f	cloud monitoring and reporting	knowledge
0ce5a9f4-e00a-4bbe-b255-3c63407167a4	cyber incident responder	optional	http://data.europa.eu/esco/skill/f049d050-12da-4e40-813a-2b5eb6df6b51	Internet of Things	knowledge
0ce5a9f4-e00a-4bbe-b255-3c63407167a4	cyber incident responder	optional	http://data.europa.eu/esco/skill/1dd23dba-dd00-45ab-abf4-642902538317	perform risk analysis	skill
0ce5a9f4-e00a-4bbe-b255-3c63407167a4	cyber incident responder	optional	http://data.europa.eu/esco/skill/3cfa46e9-b7da-44ac-b09e-9596dffe0425	optimise choice of ICT solution	skill
0ce5a9f4-e00a-4bbe-b255-3c63407167a4	cyber incident responder	optional	http://data.europa.eu/esco/skill/c2cbbccf-4ffd-4626-86e7-505b39c872a0	implement spam protection	skill
0ce5a9f4-e00a-4bbe-b255-3c63407167a4	cyber incident responder	optional	http://data.europa.eu/esco/skill/ccd0a1d9-afda-43d9-b901-96344886e14d	Python (computer programming)	knowledge
0ce5a9f4-e00a-4bbe-b255-3c63407167a4	cyber incident responder	optional	http://data.europa.eu/esco/skill/143769cb-b61e-47d8-a61e-eedfbec1016c	business intelligence	knowledge
0ce5a9f4-e00a-4bbe-b255-3c63407167a4	cyber incident responder	optional	http://data.europa.eu/esco/skill/e5b5053e-0ef6-4c4e-a3f2-42f955f4322c	implement a firewall	skill
0ce5a9f4-e00a-4bbe-b255-3c63407167a4	cyber incident responder	optional	http://data.europa.eu/esco/skill/11eebd42-44ab-401d-8a2c-bdb9fc9beb50	information security strategy	knowledge
0ce5a9f4-e00a-4bbe-b255-3c63407167a4	cyber incident responder	optional	http://data.europa.eu/esco/skill/ddb65832-91a7-4157-9488-719a0e2ad87b	lead disaster recovery exercises	skill
0ce5a9f4-e00a-4bbe-b255-3c63407167a4	cyber incident responder	optional	http://data.europa.eu/esco/skill/9190d87f-9792-42e0-bb7f-64294a656bcd	monitor system performance	skill
0ce5a9f4-e00a-4bbe-b255-3c63407167a4	cyber incident responder	optional	http://data.europa.eu/esco/skill/47d491a9-f7c0-4b13-a10f-983d3aa0113e	safety engineering	knowledge
0ce5a9f4-e00a-4bbe-b255-3c63407167a4	cyber incident responder	optional	http://data.europa.eu/esco/skill/bc0b0b5d-f6be-405a-b224-b6902a4dbe97	manage digital identity	skill
0ce5a9f4-e00a-4bbe-b255-3c63407167a4	cyber incident responder	optional	http://data.europa.eu/esco/skill/0a099c81-6a0c-4f00-bb3b-990d23ec03a5	manage ICT change request process	skill
0ce5a9f4-e00a-4bbe-b255-3c63407167a4	cyber incident responder	optional	http://data.europa.eu/esco/skill/21fecc8a-392e-49ce-ac26-fb0696ccfead	create project specifications	skill
0ce5a9f4-e00a-4bbe-b255-3c63407167a4	cyber incident responder	optional	http://data.europa.eu/esco/skill/8359bd04-d2cb-4757-af1f-39a921df9efe	remove computer virus or malware from a computer	skill
0ce5a9f4-e00a-4bbe-b255-3c63407167a4	cyber incident responder	optional	http://data.europa.eu/esco/skill/cd5efa8c-e44d-4cbc-91c6-796018dbed68	perform project management	skill
0ce5a9f4-e00a-4bbe-b255-3c63407167a4	cyber incident responder	optional	http://data.europa.eu/esco/skill/5063a99f-975b-4a7c-85e3-69ecb375b4d3	internet governance	knowledge
0ce5a9f4-e00a-4bbe-b255-3c63407167a4	cyber incident responder	optional	http://data.europa.eu/esco/skill/06358891-8424-43c5-891e-d40f226bef40	manage IT security compliances	skill
0ce5a9f4-e00a-4bbe-b255-3c63407167a4	cyber incident responder	optional	http://data.europa.eu/esco/skill/8dcbcabe-09f7-4d11-940d-125af57bbc40	track key performance indicators	skill
0ce5a9f4-e00a-4bbe-b255-3c63407167a4	cyber incident responder	optional	http://data.europa.eu/esco/skill/d5145a9a-602e-40bf-b3e1-f04cf9c3ef86	leadership principles	knowledge
0ce5a9f4-e00a-4bbe-b255-3c63407167a4	cyber incident responder	optional	http://data.europa.eu/esco/skill/bd14968e-e409-45af-b362-3495ed7b10e0	cloud technologies	knowledge
0ce5a9f4-e00a-4bbe-b255-3c63407167a4	cyber incident responder	optional	http://data.europa.eu/esco/skill/7111b95d-0ce3-441a-9d92-4c75d05c4388	project management	knowledge
0ce5a9f4-e00a-4bbe-b255-3c63407167a4	cyber incident responder	optional	http://data.europa.eu/esco/skill/6833e58b-eceb-4599-9375-1b7e6ec64087	ensure information security	skill
0ce5a9f4-e00a-4bbe-b255-3c63407167a4	cyber incident responder	optional	http://data.europa.eu/esco/skill/902fb91c-3113-4004-9b4f-79aa86b638b7	web application security threats	knowledge
0ce5a9f4-e00a-4bbe-b255-3c63407167a4	cyber incident responder	optional	http://data.europa.eu/esco/skill/c55caed2-de9e-4a25-819e-a0b0e83fba1b	give live presentation	skill
0ce5a9f4-e00a-4bbe-b255-3c63407167a4	cyber incident responder	optional	http://data.europa.eu/esco/skill/acf0a78c-f4e3-4bd9-a5cc-9cf4791b3b95	implement a virtual private network	skill
0ce5a9f4-e00a-4bbe-b255-3c63407167a4	cyber incident responder	optional	http://data.europa.eu/esco/skill/b633eb55-8f1f-4ae6-ab4c-2022ffe2cb7f	C++	knowledge
0ce5a9f4-e00a-4bbe-b255-3c63407167a4	cyber incident responder	optional	http://data.europa.eu/esco/skill/bec4359e-cb92-468f-a997-8fb28e32fba9	ICT project management methodologies	knowledge
0ce5a9f4-e00a-4bbe-b255-3c63407167a4	cyber incident responder	optional	http://data.europa.eu/esco/skill/da6393d5-a53c-4863-abc7-51f36281d74e	lean project management	knowledge
0ce5a9f4-e00a-4bbe-b255-3c63407167a4	cyber incident responder	optional	http://data.europa.eu/esco/skill/e2103a1d-4a84-47a9-b4f7-774787573449	copyright legislation	knowledge
0ce5a9f4-e00a-4bbe-b255-3c63407167a4	cyber incident responder	optional	http://data.europa.eu/esco/skill/3579208e-49b3-4ce4-98e7-20e41b1ce8d4	develop information security strategy	skill
a44a1dc5-be08-4840-8bd5-770c4ac1ca6d	ICT security technician	essential	http://data.europa.eu/esco/skill/5da73370-f6b9-417d-a94c-09bf01f84aa2	use access control software	skill
a44a1dc5-be08-4840-8bd5-770c4ac1ca6d	ICT security technician	essential	http://data.europa.eu/esco/skill/fe1c2b32-7fe9-4668-affa-07ff658a68cf	identify ICT security risks	skill
a44a1dc5-be08-4840-8bd5-770c4ac1ca6d	ICT security technician	essential	http://data.europa.eu/esco/skill/f9a6f35b-01a7-40c9-8b61-b6ee46f97272	operating systems	knowledge
a44a1dc5-be08-4840-8bd5-770c4ac1ca6d	ICT security technician	essential	http://data.europa.eu/esco/skill/de586dcf-d7e5-4340-bf5b-d59026f1b436	penetration testing tool	knowledge
a44a1dc5-be08-4840-8bd5-770c4ac1ca6d	ICT security technician	essential	http://data.europa.eu/esco/skill/5898d99a-62a4-4e10-a2e3-0d815ce44248	cyber attack counter-measures	knowledge
a44a1dc5-be08-4840-8bd5-770c4ac1ca6d	ICT security technician	essential	http://data.europa.eu/esco/skill/dad7e408-162f-46a4-8567-db560e19e2fc	identify ICT system weaknesses	skill
a44a1dc5-be08-4840-8bd5-770c4ac1ca6d	ICT security technician	essential	http://data.europa.eu/esco/skill/3ff589b7-68df-4ea5-ae41-b395bdb2378f	ICT security standards	knowledge
a44a1dc5-be08-4840-8bd5-770c4ac1ca6d	ICT security technician	essential	http://data.europa.eu/esco/skill/477173ca-5fc2-406b-9122-95d92811f284	communicate with stakeholders	skill
a44a1dc5-be08-4840-8bd5-770c4ac1ca6d	ICT security technician	essential	http://data.europa.eu/esco/skill/c241f5a5-e23f-47bf-ad24-d83ea0010166	ensure proper document management	skill
a44a1dc5-be08-4840-8bd5-770c4ac1ca6d	ICT security technician	essential	http://data.europa.eu/esco/skill/09f2f811-a3fb-4de3-a70f-6420a6935575	systems development life-cycle	knowledge
a44a1dc5-be08-4840-8bd5-770c4ac1ca6d	ICT security technician	essential	http://data.europa.eu/esco/skill/85f46538-ae70-498a-bfbc-b8ddafe96c7d	levels of software testing	knowledge
a44a1dc5-be08-4840-8bd5-770c4ac1ca6d	ICT security technician	essential	http://data.europa.eu/esco/skill/99c4c69a-025c-464f-adda-874c7f107a31	engage with stakeholders	skill
a44a1dc5-be08-4840-8bd5-770c4ac1ca6d	ICT security technician	essential	http://data.europa.eu/esco/skill/32428b21-514b-42c2-81b5-244a7804ea74	procurement of ICT network equipment	knowledge
a44a1dc5-be08-4840-8bd5-770c4ac1ca6d	ICT security technician	essential	http://data.europa.eu/esco/skill/54d774a3-de3b-4425-b0d7-c03bc99a0937	set up cybersecurity training programmes	skill
a44a1dc5-be08-4840-8bd5-770c4ac1ca6d	ICT security technician	essential	http://data.europa.eu/esco/skill/e207163b-7963-4c3e-9494-7a4bb000211b	estimate duration of work	skill
a44a1dc5-be08-4840-8bd5-770c4ac1ca6d	ICT security technician	essential	http://data.europa.eu/esco/skill/7557f0f4-b8bc-4ac0-b91e-222ab1ba744f	tools for ICT test automation	knowledge
a44a1dc5-be08-4840-8bd5-770c4ac1ca6d	ICT security technician	essential	http://data.europa.eu/esco/skill/913e7e83-b8f8-4574-b1ca-1b38f3fd974a	execute software tests	skill
a44a1dc5-be08-4840-8bd5-770c4ac1ca6d	ICT security technician	essential	http://data.europa.eu/esco/skill/902fb91c-3113-4004-9b4f-79aa86b638b7	web application security threats	knowledge
a44a1dc5-be08-4840-8bd5-770c4ac1ca6d	ICT security technician	essential	http://data.europa.eu/esco/skill/df329d70-87b0-466b-a214-3431f36e2a5e	protect ICT devices	skill
a44a1dc5-be08-4840-8bd5-770c4ac1ca6d	ICT security technician	essential	http://data.europa.eu/esco/skill/2a3a96a3-709e-4d60-81f6-d247d6933f13	manage system security	skill
a44a1dc5-be08-4840-8bd5-770c4ac1ca6d	ICT security technician	essential	http://data.europa.eu/esco/skill/69cfc5ed-6569-4aca-a4cc-fd782ba51d9c	implement ICT risk management	skill
a44a1dc5-be08-4840-8bd5-770c4ac1ca6d	ICT security technician	essential	http://data.europa.eu/esco/skill/501537a7-9d63-491d-ae02-09f04767ff1e	attack vectors	knowledge
a44a1dc5-be08-4840-8bd5-770c4ac1ca6d	ICT security technician	essential	http://data.europa.eu/esco/skill/9e06bac6-6b91-48ca-8b7d-c1f48cdecd7c	solve ICT system problems	skill
a44a1dc5-be08-4840-8bd5-770c4ac1ca6d	ICT security technician	essential	http://data.europa.eu/esco/skill/8088750d-8388-4170-a76f-48354c469c44	cyber security	knowledge
a44a1dc5-be08-4840-8bd5-770c4ac1ca6d	ICT security technician	essential	http://data.europa.eu/esco/skill/b9f16465-56a9-426b-a047-0f9f1f95ec92	address problems critically	skill
a44a1dc5-be08-4840-8bd5-770c4ac1ca6d	ICT security technician	essential	http://data.europa.eu/esco/skill/114c9698-c999-4369-8498-81bf641fe871	establish an ICT security prevention plan	skill
a44a1dc5-be08-4840-8bd5-770c4ac1ca6d	ICT security technician	essential	http://data.europa.eu/esco/skill/ed8de897-adbe-4f0e-b4d2-534953e64c72	integrate system components	skill
a44a1dc5-be08-4840-8bd5-770c4ac1ca6d	ICT security technician	essential	http://data.europa.eu/esco/skill/f9e788df-d68a-4f92-92c7-80e135fc35ff	ICT networking hardware	knowledge
a44a1dc5-be08-4840-8bd5-770c4ac1ca6d	ICT security technician	essential	http://data.europa.eu/esco/skill/6a536b36-c5c7-4d10-bf67-a4fb0f8549b2	audit techniques	knowledge
a44a1dc5-be08-4840-8bd5-770c4ac1ca6d	ICT security technician	essential	http://data.europa.eu/esco/skill/b105ec9b-0857-41d6-8d07-a83e58b73d90	ICT system programming	knowledge
a44a1dc5-be08-4840-8bd5-770c4ac1ca6d	ICT security technician	essential	http://data.europa.eu/esco/skill/7adb8473-bcc6-4ff8-9850-76d945d40092	analyse ICT system	skill
a44a1dc5-be08-4840-8bd5-770c4ac1ca6d	ICT security technician	essential	http://data.europa.eu/esco/skill/6f1edc19-191f-4ba5-a048-ee69aff05bab	security engineering	knowledge
a44a1dc5-be08-4840-8bd5-770c4ac1ca6d	ICT security technician	essential	http://data.europa.eu/esco/skill/b0288eea-74b3-460a-8ac5-edc4ba70b75c	manage closed-circuit television system	skill
a44a1dc5-be08-4840-8bd5-770c4ac1ca6d	ICT security technician	essential	http://data.europa.eu/esco/skill/18ab25a5-ce2d-4cd5-b7b0-3890f595f77d	manage alarm system	skill
a44a1dc5-be08-4840-8bd5-770c4ac1ca6d	ICT security technician	optional	http://data.europa.eu/esco/skill/3cd569a2-4f88-4c1e-9995-8dce8c5e51a7	JavaScript	knowledge
a44a1dc5-be08-4840-8bd5-770c4ac1ca6d	ICT security technician	optional	http://data.europa.eu/esco/skill/4c016b68-4116-468c-9dc6-42710c239e4a	C#	knowledge
a44a1dc5-be08-4840-8bd5-770c4ac1ca6d	ICT security technician	optional	http://data.europa.eu/esco/skill/8efa6a7a-6556-4cb8-908d-59d3b5c58d2f	cloud monitoring and reporting	knowledge
a44a1dc5-be08-4840-8bd5-770c4ac1ca6d	ICT security technician	optional	http://data.europa.eu/esco/skill/eb0e5615-1575-4a86-a1a2-7d39595033c5	ABAP	knowledge
a44a1dc5-be08-4840-8bd5-770c4ac1ca6d	ICT security technician	optional	http://data.europa.eu/esco/skill/7e1f9657-ab4e-407c-842f-b846197060e3	execute ICT audits	skill
a44a1dc5-be08-4840-8bd5-770c4ac1ca6d	ICT security technician	optional	http://data.europa.eu/esco/skill/d56fc2b5-4b0a-4e7e-9bde-a33736f6ff18	Scratch (computer programming)	knowledge
a44a1dc5-be08-4840-8bd5-770c4ac1ca6d	ICT security technician	optional	http://data.europa.eu/esco/skill/19a8293b-8e95-4de3-983f-77484079c389	Java (computer programming)	knowledge
a44a1dc5-be08-4840-8bd5-770c4ac1ca6d	ICT security technician	optional	http://data.europa.eu/esco/skill/ccd0a1d9-afda-43d9-b901-96344886e14d	Python (computer programming)	knowledge
a44a1dc5-be08-4840-8bd5-770c4ac1ca6d	ICT security technician	optional	http://data.europa.eu/esco/skill/dcdd5ddf-82a6-4ac3-8edc-d4b23cae9a88	VBScript	knowledge
a44a1dc5-be08-4840-8bd5-770c4ac1ca6d	ICT security technician	optional	http://data.europa.eu/esco/skill/709ef32a-7435-48e2-8fa2-16e389ecab8a	Cisco	knowledge
a44a1dc5-be08-4840-8bd5-770c4ac1ca6d	ICT security technician	optional	http://data.europa.eu/esco/skill/300d432b-f457-4cd3-9cb1-1858c7d14954	OpenEdge Advanced Business Language	knowledge
a44a1dc5-be08-4840-8bd5-770c4ac1ca6d	ICT security technician	optional	http://data.europa.eu/esco/skill/47b9bbcf-356c-4782-83a4-7f5a1b2b51a3	Assembly (computer programming)	knowledge
a44a1dc5-be08-4840-8bd5-770c4ac1ca6d	ICT security technician	optional	http://data.europa.eu/esco/skill/51586df8-1c46-4b47-8583-773cb63bf00b	R	knowledge
a44a1dc5-be08-4840-8bd5-770c4ac1ca6d	ICT security technician	optional	http://data.europa.eu/esco/skill/04f1b938-d4d4-4cb1-a863-982af76b9d93	SAS language	knowledge
a44a1dc5-be08-4840-8bd5-770c4ac1ca6d	ICT security technician	optional	http://data.europa.eu/esco/skill/0ccdfe98-f845-4598-84a1-3dca66e9d9a3	Ruby (computer programming)	knowledge
a44a1dc5-be08-4840-8bd5-770c4ac1ca6d	ICT security technician	optional	http://data.europa.eu/esco/skill/82de2df7-0d6c-42b1-94ac-b3e9a029e917	use back-up and recovery tools	skill
a44a1dc5-be08-4840-8bd5-770c4ac1ca6d	ICT security technician	optional	http://data.europa.eu/esco/skill/867137fb-ff1b-4ca3-99f3-cb6969aa2c68	TypeScript	knowledge
a44a1dc5-be08-4840-8bd5-770c4ac1ca6d	ICT security technician	optional	http://data.europa.eu/esco/skill/082967d4-b94c-4305-aa13-35a6aa8c5c7c	cooperate with colleagues	skill
a44a1dc5-be08-4840-8bd5-770c4ac1ca6d	ICT security technician	optional	http://data.europa.eu/esco/skill/7814e88f-c133-4c3b-b27f-857afa145d42	ICT security legislation	knowledge
a44a1dc5-be08-4840-8bd5-770c4ac1ca6d	ICT security technician	optional	http://data.europa.eu/esco/skill/b633eb55-8f1f-4ae6-ab4c-2022ffe2cb7f	C++	knowledge
a44a1dc5-be08-4840-8bd5-770c4ac1ca6d	ICT security technician	optional	http://data.europa.eu/esco/skill/000f1d3d-220f-4789-9c0a-cc742521fb02	Haskell	knowledge
a44a1dc5-be08-4840-8bd5-770c4ac1ca6d	ICT security technician	optional	http://data.europa.eu/esco/skill/0cd6dcf1-5778-42a5-b685-4d01ae4a4871	Common Lisp	knowledge
a44a1dc5-be08-4840-8bd5-770c4ac1ca6d	ICT security technician	optional	http://data.europa.eu/esco/skill/8369ede5-4200-4a44-be2e-bc60ef959259	Microsoft Visual C++	knowledge
a44a1dc5-be08-4840-8bd5-770c4ac1ca6d	ICT security technician	optional	http://data.europa.eu/esco/skill/d32db06e-bd06-4415-a7ab-1b0ee68caa9a	ICT encryption	knowledge
a44a1dc5-be08-4840-8bd5-770c4ac1ca6d	ICT security technician	optional	http://data.europa.eu/esco/skill/3d3ee5c3-4286-457f-9f76-1704011f7e11	comply with legal regulations	skill
a44a1dc5-be08-4840-8bd5-770c4ac1ca6d	ICT security technician	optional	http://data.europa.eu/esco/skill/56a7f561-1d55-43c9-9cd7-36a0a9bc6c50	ASP.NET	knowledge
a44a1dc5-be08-4840-8bd5-770c4ac1ca6d	ICT security technician	optional	http://data.europa.eu/esco/skill/401eb8d8-6daa-4f8b-90ad-60afc71eb4f8	Perl	knowledge
a44a1dc5-be08-4840-8bd5-770c4ac1ca6d	ICT security technician	optional	http://data.europa.eu/esco/skill/034c29fa-c3ba-45ea-b8f3-bf8e3705e386	Erlang	knowledge
a44a1dc5-be08-4840-8bd5-770c4ac1ca6d	ICT security technician	optional	http://data.europa.eu/esco/skill/14d1e367-3efe-4ec5-86ae-eca48710ee4e	implement ICT security policies	skill
a44a1dc5-be08-4840-8bd5-770c4ac1ca6d	ICT security technician	optional	http://data.europa.eu/esco/skill/52cf3037-ab53-4806-85ed-7fd21ea7f6a1	Groovy	knowledge
a44a1dc5-be08-4840-8bd5-770c4ac1ca6d	ICT security technician	optional	http://data.europa.eu/esco/skill/a4d336a6-9ffd-402a-91cc-f359716ba4e0	ML (computer programming)	knowledge
a44a1dc5-be08-4840-8bd5-770c4ac1ca6d	ICT security technician	optional	http://data.europa.eu/esco/skill/b4dc6e4f-dc7d-445f-8ce2-d7b9d225e282	AJAX	knowledge
a44a1dc5-be08-4840-8bd5-770c4ac1ca6d	ICT security technician	optional	http://data.europa.eu/esco/skill/bb2b4485-2bad-402f-8517-44bf7d9afff4	implement anti-virus software	skill
a44a1dc5-be08-4840-8bd5-770c4ac1ca6d	ICT security technician	optional	http://data.europa.eu/esco/skill/13bdd41a-2a18-441f-96db-41252c519413	Visual Basic	knowledge
a44a1dc5-be08-4840-8bd5-770c4ac1ca6d	ICT security technician	optional	http://data.europa.eu/esco/skill/e8b89eb6-51e8-4c3a-babb-88b2e110376b	Pascal (computer programming)	knowledge
a44a1dc5-be08-4840-8bd5-770c4ac1ca6d	ICT security technician	optional	http://data.europa.eu/esco/skill/2ddb1226-1117-4eb4-ae65-3a2f5a5a3c80	ICT network security risks	knowledge
a44a1dc5-be08-4840-8bd5-770c4ac1ca6d	ICT security technician	optional	http://data.europa.eu/esco/skill/993b1e23-f2de-4bd8-b33f-f86dde1c8e9d	CoffeeScript	knowledge
a44a1dc5-be08-4840-8bd5-770c4ac1ca6d	ICT security technician	optional	http://data.europa.eu/esco/skill/9973a5a2-7822-4161-99e9-95c781eb63f8	Objective-C	knowledge
a44a1dc5-be08-4840-8bd5-770c4ac1ca6d	ICT security technician	optional	http://data.europa.eu/esco/skill/fd60bbcc-c3b6-4fa5-936c-eef5ae0a2d44	install low voltage wiring	skill
a44a1dc5-be08-4840-8bd5-770c4ac1ca6d	ICT security technician	optional	http://data.europa.eu/esco/skill/58d7a289-dafd-4363-833f-d1dc4140885e	APL	knowledge
a44a1dc5-be08-4840-8bd5-770c4ac1ca6d	ICT security technician	optional	http://data.europa.eu/esco/skill/d3286405-49f8-4e8a-8046-a4376b4e7963	manage cloud data and storage	skill
a44a1dc5-be08-4840-8bd5-770c4ac1ca6d	ICT security technician	optional	http://data.europa.eu/esco/skill/c3a03c5a-c260-4c26-9b9a-873abb396f4d	MATLAB	knowledge
a44a1dc5-be08-4840-8bd5-770c4ac1ca6d	ICT security technician	optional	http://data.europa.eu/esco/skill/e5beeff8-7c98-490a-ae2c-16fbb6a87305	manage keys for data protection	skill
a44a1dc5-be08-4840-8bd5-770c4ac1ca6d	ICT security technician	optional	http://data.europa.eu/esco/skill/42ed3bfb-1a01-4c8b-9758-fc6438865734	Smalltalk (computer programming)	knowledge
a44a1dc5-be08-4840-8bd5-770c4ac1ca6d	ICT security technician	optional	http://data.europa.eu/esco/skill/21d2f96d-35f7-4e3f-9745-c533d2dd6e97	computer programming	knowledge
a44a1dc5-be08-4840-8bd5-770c4ac1ca6d	ICT security technician	optional	http://data.europa.eu/esco/skill/be80acfc-b6f2-4411-9b8d-b19d9cd2556a	Swift (computer programming)	knowledge
a44a1dc5-be08-4840-8bd5-770c4ac1ca6d	ICT security technician	optional	http://data.europa.eu/esco/skill/def007fa-5fed-4a5f-91a2-b0d7e3db1be1	COBOL	knowledge
a44a1dc5-be08-4840-8bd5-770c4ac1ca6d	ICT security technician	optional	http://data.europa.eu/esco/skill/c13fb093-5ffb-491a-b8b7-fa2d42a57e2e	implement cloud security and compliance	skill
a44a1dc5-be08-4840-8bd5-770c4ac1ca6d	ICT security technician	optional	http://data.europa.eu/esco/skill/f049d050-12da-4e40-813a-2b5eb6df6b51	Internet of Things	knowledge
a44a1dc5-be08-4840-8bd5-770c4ac1ca6d	ICT security technician	optional	http://data.europa.eu/esco/skill/79f24a62-7718-46e1-9b41-37be0560a5ca	organisational resilience	knowledge
a44a1dc5-be08-4840-8bd5-770c4ac1ca6d	ICT security technician	optional	http://data.europa.eu/esco/skill/bb99af26-71ff-4dca-bde7-1eb1f6194426	SAP R3	knowledge
a44a1dc5-be08-4840-8bd5-770c4ac1ca6d	ICT security technician	optional	http://data.europa.eu/esco/skill/426ceaba-6867-481c-bb6b-aee3933da7d2	ICT safety	
a44a1dc5-be08-4840-8bd5-770c4ac1ca6d	ICT security technician	optional	http://data.europa.eu/esco/skill/ffddfc7c-a9dd-449f-9e96-882dc447c8b6	Scala	knowledge
a44a1dc5-be08-4840-8bd5-770c4ac1ca6d	ICT security technician	optional	http://data.europa.eu/esco/skill/8359bd04-d2cb-4757-af1f-39a921df9efe	remove computer virus or malware from a computer	skill
a44a1dc5-be08-4840-8bd5-770c4ac1ca6d	ICT security technician	optional	http://data.europa.eu/esco/skill/06358891-8424-43c5-891e-d40f226bef40	manage IT security compliances	skill
a44a1dc5-be08-4840-8bd5-770c4ac1ca6d	ICT security technician	optional	http://data.europa.eu/esco/skill/acf0a78c-f4e3-4bd9-a5cc-9cf4791b3b95	implement a virtual private network	skill
a44a1dc5-be08-4840-8bd5-770c4ac1ca6d	ICT security technician	optional	http://data.europa.eu/esco/skill/0de61385-de6d-4146-ba32-1cc1bc102220	Lisp	knowledge
a44a1dc5-be08-4840-8bd5-770c4ac1ca6d	ICT security technician	optional	http://data.europa.eu/esco/skill/1c2978b8-bb0d-4249-9c23-877571a4dffa	cloud security and compliance	knowledge
a44a1dc5-be08-4840-8bd5-770c4ac1ca6d	ICT security technician	optional	http://data.europa.eu/esco/skill/4350c38d-0fe9-4ca7-bab9-40ed7f72b04f	PHP	knowledge
a44a1dc5-be08-4840-8bd5-770c4ac1ca6d	ICT security technician	optional	http://data.europa.eu/esco/skill/e5b5053e-0ef6-4c4e-a3f2-42f955f4322c	implement a firewall	skill
a44a1dc5-be08-4840-8bd5-770c4ac1ca6d	ICT security technician	optional	http://data.europa.eu/esco/skill/2bde42ae-e776-41c1-9ded-b07b30bfe985	Prolog (computer programming)	knowledge
0464b062-cea6-4164-b10d-956c61956ae7	ICT security administrator	essential	http://data.europa.eu/esco/skill/ec85cc63-4e24-4631-bf92-8789db2605c0	maintain database security	skill
0464b062-cea6-4164-b10d-956c61956ae7	ICT security administrator	essential	http://data.europa.eu/esco/skill/0ffdb6ac-03b5-4f1c-bfcc-3d9cb874fdf9	ethical hacking principles	knowledge
0464b062-cea6-4164-b10d-956c61956ae7	ICT security administrator	essential	http://data.europa.eu/esco/skill/d78dedfc-21d2-45fd-ba05-e56b7a8865e6	network standards	knowledge
0464b062-cea6-4164-b10d-956c61956ae7	ICT security administrator	essential	http://data.europa.eu/esco/skill/f9a6f35b-01a7-40c9-8b61-b6ee46f97272	operating systems	knowledge
0464b062-cea6-4164-b10d-956c61956ae7	ICT security administrator	essential	http://data.europa.eu/esco/skill/0a43729f-2a79-4dae-9faa-95520daae79f	apply company policies	skill
0464b062-cea6-4164-b10d-956c61956ae7	ICT security administrator	essential	http://data.europa.eu/esco/skill/4d85b881-e490-4b4c-897a-2faa4ef53956	manage ICT data architecture	skill
0464b062-cea6-4164-b10d-956c61956ae7	ICT security administrator	essential	http://data.europa.eu/esco/skill/f049d050-12da-4e40-813a-2b5eb6df6b51	Internet of Things	knowledge
0464b062-cea6-4164-b10d-956c61956ae7	ICT security administrator	essential	http://data.europa.eu/esco/skill/c241f5a5-e23f-47bf-ad24-d83ea0010166	ensure proper document management	skill
0464b062-cea6-4164-b10d-956c61956ae7	ICT security administrator	essential	http://data.europa.eu/esco/skill/85c11255-469f-41bd-a6d1-382bc4a87783	interpret technical texts	skill
0464b062-cea6-4164-b10d-956c61956ae7	ICT security administrator	essential	http://data.europa.eu/esco/skill/ab49f767-296b-47d5-af56-0b4a69515b03	maintain ICT identity management	skill
0464b062-cea6-4164-b10d-956c61956ae7	ICT security administrator	essential	http://data.europa.eu/esco/skill/5898d99a-62a4-4e10-a2e3-0d815ce44248	cyber attack counter-measures	knowledge
0464b062-cea6-4164-b10d-956c61956ae7	ICT security administrator	essential	http://data.europa.eu/esco/skill/9e06bac6-6b91-48ca-8b7d-c1f48cdecd7c	solve ICT system problems	skill
0464b062-cea6-4164-b10d-956c61956ae7	ICT security administrator	essential	http://data.europa.eu/esco/skill/7f0b1a66-ebaf-4c8a-b606-4c1844eb692e	attend to ICT systems quality	skill
0464b062-cea6-4164-b10d-956c61956ae7	ICT security administrator	essential	http://data.europa.eu/esco/skill/dad7e408-162f-46a4-8567-db560e19e2fc	identify ICT system weaknesses	skill
0464b062-cea6-4164-b10d-956c61956ae7	ICT security administrator	essential	http://data.europa.eu/esco/skill/426ceaba-6867-481c-bb6b-aee3933da7d2	ICT safety	
0464b062-cea6-4164-b10d-956c61956ae7	ICT security administrator	essential	http://data.europa.eu/esco/skill/2ddb1226-1117-4eb4-ae65-3a2f5a5a3c80	ICT network security risks	knowledge
0464b062-cea6-4164-b10d-956c61956ae7	ICT security administrator	essential	http://data.europa.eu/esco/skill/06358891-8424-43c5-891e-d40f226bef40	manage IT security compliances	skill
0464b062-cea6-4164-b10d-956c61956ae7	ICT security administrator	essential	http://data.europa.eu/esco/skill/47ca0da1-cae5-4395-ae6b-fd97b9ff48d3	system backup best practice	knowledge
0464b062-cea6-4164-b10d-956c61956ae7	ICT security administrator	essential	http://data.europa.eu/esco/skill/c7cc6dc5-d56b-4323-8e5c-47c4022f615f	quality assurance methodologies	knowledge
0464b062-cea6-4164-b10d-956c61956ae7	ICT security administrator	essential	http://data.europa.eu/esco/skill/744442ac-c157-4350-8be0-ce454df4f5c5	perform ICT troubleshooting	skill
0464b062-cea6-4164-b10d-956c61956ae7	ICT security administrator	essential	http://data.europa.eu/esco/skill/5063a99f-975b-4a7c-85e3-69ecb375b4d3	internet governance	knowledge
0464b062-cea6-4164-b10d-956c61956ae7	ICT security administrator	essential	http://data.europa.eu/esco/skill/9ef0f3a0-9ce2-4ef1-a987-0366b5cb2dbe	database development tools	knowledge
0464b062-cea6-4164-b10d-956c61956ae7	ICT security administrator	essential	http://data.europa.eu/esco/skill/79f24a62-7718-46e1-9b41-37be0560a5ca	organisational resilience	knowledge
0464b062-cea6-4164-b10d-956c61956ae7	ICT security administrator	essential	http://data.europa.eu/esco/skill/6f1edc19-191f-4ba5-a048-ee69aff05bab	security engineering	knowledge
0464b062-cea6-4164-b10d-956c61956ae7	ICT security administrator	essential	http://data.europa.eu/esco/skill/cf532795-a1fd-43bd-8407-6e43f877e6e3	mobile device management	knowledge
0464b062-cea6-4164-b10d-956c61956ae7	ICT security administrator	optional	http://data.europa.eu/esco/skill/913e7e83-b8f8-4574-b1ca-1b38f3fd974a	execute software tests	skill
0464b062-cea6-4164-b10d-956c61956ae7	ICT security administrator	optional	http://data.europa.eu/esco/skill/7e1f9657-ab4e-407c-842f-b846197060e3	execute ICT audits	skill
0464b062-cea6-4164-b10d-956c61956ae7	ICT security administrator	optional	http://data.europa.eu/esco/skill/7f2afce6-e98b-4bbe-8441-d52b45e28ab8	telecom regulations	knowledge
0464b062-cea6-4164-b10d-956c61956ae7	ICT security administrator	optional	http://data.europa.eu/esco/skill/d3286405-49f8-4e8a-8046-a4376b4e7963	manage cloud data and storage	skill
0464b062-cea6-4164-b10d-956c61956ae7	ICT security administrator	optional	http://data.europa.eu/esco/skill/8088750d-8388-4170-a76f-48354c469c44	cyber security	knowledge
0464b062-cea6-4164-b10d-956c61956ae7	ICT security administrator	optional	http://data.europa.eu/esco/skill/11eebd42-44ab-401d-8a2c-bdb9fc9beb50	information security strategy	knowledge
0464b062-cea6-4164-b10d-956c61956ae7	ICT security administrator	optional	http://data.europa.eu/esco/skill/acf0a78c-f4e3-4bd9-a5cc-9cf4791b3b95	implement a virtual private network	skill
0464b062-cea6-4164-b10d-956c61956ae7	ICT security administrator	optional	http://data.europa.eu/esco/skill/ae4f0cc6-e0b9-47f5-bdca-2fc2e6316dce	manage ICT virtualisation environments	skill
0464b062-cea6-4164-b10d-956c61956ae7	ICT security administrator	optional	http://data.europa.eu/esco/skill/902fb91c-3113-4004-9b4f-79aa86b638b7	web application security threats	knowledge
0464b062-cea6-4164-b10d-956c61956ae7	ICT security administrator	optional	http://data.europa.eu/esco/skill/b9f16465-56a9-426b-a047-0f9f1f95ec92	address problems critically	skill
0464b062-cea6-4164-b10d-956c61956ae7	ICT security administrator	optional	http://data.europa.eu/esco/skill/dc72ad0a-c5dc-4abd-bc0d-ca43e82162e1	build business relationships	skill
0464b062-cea6-4164-b10d-956c61956ae7	ICT security administrator	optional	http://data.europa.eu/esco/skill/611ed16b-99bf-4840-9cab-f55d1d286e0a	store digital data and systems	skill
0464b062-cea6-4164-b10d-956c61956ae7	ICT security administrator	optional	http://data.europa.eu/esco/skill/e54ff029-1ce9-447d-a5b2-eb7283a23e6e	train employees	skill
0464b062-cea6-4164-b10d-956c61956ae7	ICT security administrator	optional	http://data.europa.eu/esco/skill/0dc7aa1b-b5af-4f4b-81ce-ee22ed8b6926	assess ICT knowledge	skill
0464b062-cea6-4164-b10d-956c61956ae7	ICT security administrator	optional	http://data.europa.eu/esco/skill/bb2b4485-2bad-402f-8517-44bf7d9afff4	implement anti-virus software	skill
0464b062-cea6-4164-b10d-956c61956ae7	ICT security administrator	optional	http://data.europa.eu/esco/skill/a56dec32-05ef-45de-a256-ee6741f356db	information confidentiality	knowledge
0464b062-cea6-4164-b10d-956c61956ae7	ICT security administrator	optional	http://data.europa.eu/esco/skill/7814e88f-c133-4c3b-b27f-857afa145d42	ICT security legislation	knowledge
0464b062-cea6-4164-b10d-956c61956ae7	ICT security administrator	optional	http://data.europa.eu/esco/skill/d32db06e-bd06-4415-a7ab-1b0ee68caa9a	ICT encryption	knowledge
0464b062-cea6-4164-b10d-956c61956ae7	ICT security administrator	optional	http://data.europa.eu/esco/skill/118a9b27-1c5a-4214-b685-1a4d9e6365ea	computer forensics	knowledge
0464b062-cea6-4164-b10d-956c61956ae7	ICT security administrator	optional	http://data.europa.eu/esco/skill/3ff589b7-68df-4ea5-ae41-b395bdb2378f	ICT security standards	knowledge
0464b062-cea6-4164-b10d-956c61956ae7	ICT security administrator	optional	http://data.europa.eu/esco/skill/8efa6a7a-6556-4cb8-908d-59d3b5c58d2f	cloud monitoring and reporting	knowledge
0464b062-cea6-4164-b10d-956c61956ae7	ICT security administrator	optional	http://data.europa.eu/esco/skill/e5b5053e-0ef6-4c4e-a3f2-42f955f4322c	implement a firewall	skill
0464b062-cea6-4164-b10d-956c61956ae7	ICT security administrator	optional	http://data.europa.eu/esco/skill/cf3e976d-2c3e-495c-a874-f9e8a66d3b48	perform backups	skill
0464b062-cea6-4164-b10d-956c61956ae7	ICT security administrator	optional	http://data.europa.eu/esco/skill/1c2978b8-bb0d-4249-9c23-877571a4dffa	cloud security and compliance	knowledge
0464b062-cea6-4164-b10d-956c61956ae7	ICT security administrator	optional	http://data.europa.eu/esco/skill/5ef0c719-5bcb-49f8-b8eb-824388225333	use scripting programming	skill
0464b062-cea6-4164-b10d-956c61956ae7	ICT security administrator	optional	http://data.europa.eu/esco/skill/14d1e367-3efe-4ec5-86ae-eca48710ee4e	implement ICT security policies	skill
0464b062-cea6-4164-b10d-956c61956ae7	ICT security administrator	optional	http://data.europa.eu/esco/skill/8359bd04-d2cb-4757-af1f-39a921df9efe	remove computer virus or malware from a computer	skill
0464b062-cea6-4164-b10d-956c61956ae7	ICT security administrator	optional	http://data.europa.eu/esco/skill/e5beeff8-7c98-490a-ae2c-16fbb6a87305	manage keys for data protection	skill
0464b062-cea6-4164-b10d-956c61956ae7	ICT security administrator	optional	http://data.europa.eu/esco/skill/440d5784-52a5-4729-8b04-29f978bd896d	respond to incidents in cloud	skill
0464b062-cea6-4164-b10d-956c61956ae7	ICT security administrator	optional	http://data.europa.eu/esco/skill/c13fb093-5ffb-491a-b8b7-fa2d42a57e2e	implement cloud security and compliance	skill
0464b062-cea6-4164-b10d-956c61956ae7	ICT security administrator	optional	http://data.europa.eu/esco/skill/33a82b83-c838-4889-ae62-fae1317481eb	protect personal data and privacy	skill
0464b062-cea6-4164-b10d-956c61956ae7	ICT security administrator	optional	http://data.europa.eu/esco/skill/d0c6d77e-cb25-4770-bf77-2073fc5f7523	ICT infrastructure	knowledge
0464b062-cea6-4164-b10d-956c61956ae7	ICT security administrator	optional	http://data.europa.eu/esco/skill/29fb0fb5-dfc4-4098-ac9b-3a712000f48f	manage database	skill
0464b062-cea6-4164-b10d-956c61956ae7	ICT security administrator	optional	http://data.europa.eu/esco/skill/ddb65832-91a7-4157-9488-719a0e2ad87b	lead disaster recovery exercises	skill
276ba420-ef09-4a0e-b215-2c2e2f80ad28	chief ICT security officer	essential	http://data.europa.eu/esco/skill/3579208e-49b3-4ce4-98e7-20e41b1ce8d4	develop information security strategy	skill
276ba420-ef09-4a0e-b215-2c2e2f80ad28	chief ICT security officer	essential	http://data.europa.eu/esco/skill/426ceaba-6867-481c-bb6b-aee3933da7d2	ICT safety	
276ba420-ef09-4a0e-b215-2c2e2f80ad28	chief ICT security officer	essential	http://data.europa.eu/esco/skill/f2c63b7a-ed6c-4890-9f8c-7685d172624c	implement corporate governance	skill
276ba420-ef09-4a0e-b215-2c2e2f80ad28	chief ICT security officer	essential	http://data.europa.eu/esco/skill/4918ec9a-0204-4935-8b09-b0112370daa8	establish an Information Security Management System	skill
276ba420-ef09-4a0e-b215-2c2e2f80ad28	chief ICT security officer	essential	http://data.europa.eu/esco/skill/79f24a62-7718-46e1-9b41-37be0560a5ca	organisational resilience	knowledge
276ba420-ef09-4a0e-b215-2c2e2f80ad28	chief ICT security officer	essential	http://data.europa.eu/esco/skill/2ddb1226-1117-4eb4-ae65-3a2f5a5a3c80	ICT network security risks	knowledge
276ba420-ef09-4a0e-b215-2c2e2f80ad28	chief ICT security officer	essential	http://data.europa.eu/esco/skill/b8271c8a-cba6-4baa-80f5-6361af3f07e3	ensure adherence to organisational ICT standards	skill
276ba420-ef09-4a0e-b215-2c2e2f80ad28	chief ICT security officer	essential	http://data.europa.eu/esco/skill/69cfc5ed-6569-4aca-a4cc-fd782ba51d9c	implement ICT risk management	skill
276ba420-ef09-4a0e-b215-2c2e2f80ad28	chief ICT security officer	essential	http://data.europa.eu/esco/skill/cef5c0f8-1e40-4c09-b6a7-aa7811849e5d	ethics	knowledge
276ba420-ef09-4a0e-b215-2c2e2f80ad28	chief ICT security officer	essential	http://data.europa.eu/esco/skill/7814e88f-c133-4c3b-b27f-857afa145d42	ICT security legislation	knowledge
276ba420-ef09-4a0e-b215-2c2e2f80ad28	chief ICT security officer	essential	http://data.europa.eu/esco/skill/df0612db-366c-4ff5-b106-40b9e385195c	utilise decision support system	skill
276ba420-ef09-4a0e-b215-2c2e2f80ad28	chief ICT security officer	essential	http://data.europa.eu/esco/skill/7a17d7ce-01a2-4746-bbcc-22ffe22fa16e	monitor technology trends	skill
276ba420-ef09-4a0e-b215-2c2e2f80ad28	chief ICT security officer	essential	http://data.europa.eu/esco/skill/06358891-8424-43c5-891e-d40f226bef40	manage IT security compliances	skill
276ba420-ef09-4a0e-b215-2c2e2f80ad28	chief ICT security officer	essential	http://data.europa.eu/esco/skill/477173ca-5fc2-406b-9122-95d92811f284	communicate with stakeholders	skill
276ba420-ef09-4a0e-b215-2c2e2f80ad28	chief ICT security officer	essential	http://data.europa.eu/esco/skill/1c08d63d-1c5e-4b9b-ad3e-f7ba7debb2d1	forecast organisational risks	skill
276ba420-ef09-4a0e-b215-2c2e2f80ad28	chief ICT security officer	essential	http://data.europa.eu/esco/skill/7f27f1ff-2e17-4b69-990e-c23334478313	assessment of risks and threats	knowledge
276ba420-ef09-4a0e-b215-2c2e2f80ad28	chief ICT security officer	essential	http://data.europa.eu/esco/skill/a56dec32-05ef-45de-a256-ee6741f356db	information confidentiality	knowledge
276ba420-ef09-4a0e-b215-2c2e2f80ad28	chief ICT security officer	essential	http://data.europa.eu/esco/skill/fafe0b9d-dbd9-46bd-b770-26299539ce66	ICT process quality models	knowledge
276ba420-ef09-4a0e-b215-2c2e2f80ad28	chief ICT security officer	essential	http://data.europa.eu/esco/skill/5898d99a-62a4-4e10-a2e3-0d815ce44248	cyber attack counter-measures	knowledge
276ba420-ef09-4a0e-b215-2c2e2f80ad28	chief ICT security officer	essential	http://data.europa.eu/esco/skill/bec4359e-cb92-468f-a997-8fb28e32fba9	ICT project management methodologies	knowledge
276ba420-ef09-4a0e-b215-2c2e2f80ad28	chief ICT security officer	essential	http://data.europa.eu/esco/skill/114c9698-c999-4369-8498-81bf641fe871	establish an ICT security prevention plan	skill
276ba420-ef09-4a0e-b215-2c2e2f80ad28	chief ICT security officer	essential	http://data.europa.eu/esco/skill/3ce1fe19-7f9e-4070-941d-651673a5693b	decision support systems	knowledge
276ba420-ef09-4a0e-b215-2c2e2f80ad28	chief ICT security officer	essential	http://data.europa.eu/esco/skill/64852ade-6ae1-4760-ba4a-976bf07ca255	manage disaster recovery plans	skill
276ba420-ef09-4a0e-b215-2c2e2f80ad28	chief ICT security officer	essential	http://data.europa.eu/esco/skill/fe1c2b32-7fe9-4668-affa-07ff658a68cf	identify ICT security risks	skill
276ba420-ef09-4a0e-b215-2c2e2f80ad28	chief ICT security officer	essential	http://data.europa.eu/esco/skill/99c4c69a-025c-464f-adda-874c7f107a31	engage with stakeholders	skill
276ba420-ef09-4a0e-b215-2c2e2f80ad28	chief ICT security officer	essential	http://data.europa.eu/esco/skill/14d1e367-3efe-4ec5-86ae-eca48710ee4e	implement ICT security policies	skill
276ba420-ef09-4a0e-b215-2c2e2f80ad28	chief ICT security officer	essential	http://data.europa.eu/esco/skill/6eff134b-e34f-4d6e-a6e8-5e47cf2228d0	risk management	knowledge
276ba420-ef09-4a0e-b215-2c2e2f80ad28	chief ICT security officer	essential	http://data.europa.eu/esco/skill/3d3ee5c3-4286-457f-9f76-1704011f7e11	comply with legal regulations	skill
276ba420-ef09-4a0e-b215-2c2e2f80ad28	chief ICT security officer	essential	http://data.europa.eu/esco/skill/e71c6cee-7247-49f4-829a-141c880ae938	advice on security risk management	skill
276ba420-ef09-4a0e-b215-2c2e2f80ad28	chief ICT security officer	essential	http://data.europa.eu/esco/skill/2a3a96a3-709e-4d60-81f6-d247d6933f13	manage system security	skill
276ba420-ef09-4a0e-b215-2c2e2f80ad28	chief ICT security officer	essential	http://data.europa.eu/esco/skill/b216d9a2-7d4e-4312-8d05-e375f4ab44d8	ensure cross-department cooperation	skill
276ba420-ef09-4a0e-b215-2c2e2f80ad28	chief ICT security officer	essential	http://data.europa.eu/esco/skill/6f1edc19-191f-4ba5-a048-ee69aff05bab	security engineering	knowledge
276ba420-ef09-4a0e-b215-2c2e2f80ad28	chief ICT security officer	essential	http://data.europa.eu/esco/skill/909a28ce-d4b6-4567-9b74-d111f1ed9633	maintain plan for continuity of operations	skill
276ba420-ef09-4a0e-b215-2c2e2f80ad28	chief ICT security officer	essential	http://data.europa.eu/esco/skill/6a536b36-c5c7-4d10-bf67-a4fb0f8549b2	audit techniques	knowledge
276ba420-ef09-4a0e-b215-2c2e2f80ad28	chief ICT security officer	essential	http://data.europa.eu/esco/skill/23ac233d-84ad-4517-b0f5-8ca19ba2614e	monitor developments in field of expertise	skill
276ba420-ef09-4a0e-b215-2c2e2f80ad28	chief ICT security officer	essential	http://data.europa.eu/esco/skill/8088750d-8388-4170-a76f-48354c469c44	cyber security	knowledge
276ba420-ef09-4a0e-b215-2c2e2f80ad28	chief ICT security officer	essential	http://data.europa.eu/esco/skill/0daaf096-1639-461c-bf1a-bbeea77e6b67	internal risk management policy	knowledge
276ba420-ef09-4a0e-b215-2c2e2f80ad28	chief ICT security officer	essential	http://data.europa.eu/esco/skill/11eebd42-44ab-401d-8a2c-bdb9fc9beb50	information security strategy	knowledge
276ba420-ef09-4a0e-b215-2c2e2f80ad28	chief ICT security officer	essential	http://data.europa.eu/esco/skill/a4346013-a967-4a58-a533-6b32ad1364c5	data protection	knowledge
276ba420-ef09-4a0e-b215-2c2e2f80ad28	chief ICT security officer	essential	http://data.europa.eu/esco/skill/3ff589b7-68df-4ea5-ae41-b395bdb2378f	ICT security standards	knowledge
276ba420-ef09-4a0e-b215-2c2e2f80ad28	chief ICT security officer	essential	http://data.europa.eu/esco/skill/94dd823c-148e-4614-a6e8-99249b16357d	ICT project management	knowledge
276ba420-ef09-4a0e-b215-2c2e2f80ad28	chief ICT security officer	essential	http://data.europa.eu/esco/skill/ddb65832-91a7-4157-9488-719a0e2ad87b	lead disaster recovery exercises	skill
276ba420-ef09-4a0e-b215-2c2e2f80ad28	chief ICT security officer	essential	http://data.europa.eu/esco/skill/0ffdb6ac-03b5-4f1c-bfcc-3d9cb874fdf9	ethical hacking principles	knowledge
276ba420-ef09-4a0e-b215-2c2e2f80ad28	chief ICT security officer	essential	http://data.europa.eu/esco/skill/6aef2baa-5fa7-4c16-bd28-3e070ec4e4df	educate on data confidentiality	skill
276ba420-ef09-4a0e-b215-2c2e2f80ad28	chief ICT security officer	essential	http://data.europa.eu/esco/skill/501537a7-9d63-491d-ae02-09f04767ff1e	attack vectors	knowledge
276ba420-ef09-4a0e-b215-2c2e2f80ad28	chief ICT security officer	essential	http://data.europa.eu/esco/skill/1dae8445-12e5-423a-bb26-824010e299b9	ensure compliance with legal requirements	skill
276ba420-ef09-4a0e-b215-2c2e2f80ad28	chief ICT security officer	essential	http://data.europa.eu/esco/skill/71717c33-dd63-4acf-b052-a5fd5d9fc490	ensure information privacy	skill
276ba420-ef09-4a0e-b215-2c2e2f80ad28	chief ICT security officer	optional	http://data.europa.eu/esco/skill/bb2b4485-2bad-402f-8517-44bf7d9afff4	implement anti-virus software	skill
276ba420-ef09-4a0e-b215-2c2e2f80ad28	chief ICT security officer	optional	http://data.europa.eu/esco/skill/bd14968e-e409-45af-b362-3495ed7b10e0	cloud technologies	knowledge
276ba420-ef09-4a0e-b215-2c2e2f80ad28	chief ICT security officer	optional	http://data.europa.eu/esco/skill/acf0a78c-f4e3-4bd9-a5cc-9cf4791b3b95	implement a virtual private network	skill
276ba420-ef09-4a0e-b215-2c2e2f80ad28	chief ICT security officer	optional	http://data.europa.eu/esco/skill/0dc7aa1b-b5af-4f4b-81ce-ee22ed8b6926	assess ICT knowledge	skill
276ba420-ef09-4a0e-b215-2c2e2f80ad28	chief ICT security officer	optional	http://data.europa.eu/esco/skill/438ff259-d086-4004-acda-1ec3e1631bc6	software anomalies	knowledge
276ba420-ef09-4a0e-b215-2c2e2f80ad28	chief ICT security officer	optional	http://data.europa.eu/esco/skill/f049d050-12da-4e40-813a-2b5eb6df6b51	Internet of Things	knowledge
276ba420-ef09-4a0e-b215-2c2e2f80ad28	chief ICT security officer	optional	http://data.europa.eu/esco/skill/21d2f96d-35f7-4e3f-9745-c533d2dd6e97	computer programming	knowledge
276ba420-ef09-4a0e-b215-2c2e2f80ad28	chief ICT security officer	optional	http://data.europa.eu/esco/skill/e5beeff8-7c98-490a-ae2c-16fbb6a87305	manage keys for data protection	skill
276ba420-ef09-4a0e-b215-2c2e2f80ad28	chief ICT security officer	optional	http://data.europa.eu/esco/skill/ca73ac82-867a-4afa-9732-834aebe896ff	ICT system user requirements	knowledge
276ba420-ef09-4a0e-b215-2c2e2f80ad28	chief ICT security officer	optional	http://data.europa.eu/esco/skill/e54ff029-1ce9-447d-a5b2-eb7283a23e6e	train employees	skill
276ba420-ef09-4a0e-b215-2c2e2f80ad28	chief ICT security officer	optional	http://data.europa.eu/esco/skill/9bb7a97a-1a16-431e-8ea6-ad0f9f59aa0a	control objectives for information and related technology	knowledge
276ba420-ef09-4a0e-b215-2c2e2f80ad28	chief ICT security officer	optional	http://data.europa.eu/esco/skill/1c2978b8-bb0d-4249-9c23-877571a4dffa	cloud security and compliance	knowledge
276ba420-ef09-4a0e-b215-2c2e2f80ad28	chief ICT security officer	optional	http://data.europa.eu/esco/skill/bc0b0b5d-f6be-405a-b224-b6902a4dbe97	manage digital identity	skill
276ba420-ef09-4a0e-b215-2c2e2f80ad28	chief ICT security officer	optional	http://data.europa.eu/esco/skill/118a9b27-1c5a-4214-b685-1a4d9e6365ea	computer forensics	knowledge
276ba420-ef09-4a0e-b215-2c2e2f80ad28	chief ICT security officer	optional	http://data.europa.eu/esco/skill/17c9a790-5664-4673-8237-c4cf3c5a8da5	conduct impact evaluation of ICT processes on business	skill
276ba420-ef09-4a0e-b215-2c2e2f80ad28	chief ICT security officer	optional	http://data.europa.eu/esco/skill/8696aff0-18c0-4ba6-a4d0-9a21861b3e5e	World Wide Web Consortium standards	knowledge
276ba420-ef09-4a0e-b215-2c2e2f80ad28	chief ICT security officer	optional	http://data.europa.eu/esco/skill/339ac029-066a-4985-9f9d-b3d7c8fea0bb	manage staff	skill
276ba420-ef09-4a0e-b215-2c2e2f80ad28	chief ICT security officer	optional	http://data.europa.eu/esco/skill/d0c6d77e-cb25-4770-bf77-2073fc5f7523	ICT infrastructure	knowledge
276ba420-ef09-4a0e-b215-2c2e2f80ad28	chief ICT security officer	optional	http://data.europa.eu/esco/skill/e5b5053e-0ef6-4c4e-a3f2-42f955f4322c	implement a firewall	skill
276ba420-ef09-4a0e-b215-2c2e2f80ad28	chief ICT security officer	optional	http://data.europa.eu/esco/skill/c13fb093-5ffb-491a-b8b7-fa2d42a57e2e	implement cloud security and compliance	skill
276ba420-ef09-4a0e-b215-2c2e2f80ad28	chief ICT security officer	optional	http://data.europa.eu/esco/skill/415abd43-e8e5-4643-b5da-5f11307af57a	use different communication channels	skill
276ba420-ef09-4a0e-b215-2c2e2f80ad28	chief ICT security officer	optional	http://data.europa.eu/esco/skill/902fb91c-3113-4004-9b4f-79aa86b638b7	web application security threats	knowledge
276ba420-ef09-4a0e-b215-2c2e2f80ad28	chief ICT security officer	optional	http://data.europa.eu/esco/skill/c9e96450-421d-48af-9ee6-d9c50e29afc2	ICT recovery techniques	knowledge
276ba420-ef09-4a0e-b215-2c2e2f80ad28	chief ICT security officer	optional	http://data.europa.eu/esco/skill/03b9b491-fc9b-4868-914a-bf7cd47b5041	create solutions to problems	skill
276ba420-ef09-4a0e-b215-2c2e2f80ad28	chief ICT security officer	optional	http://data.europa.eu/esco/skill/3cfa46e9-b7da-44ac-b09e-9596dffe0425	optimise choice of ICT solution	skill
276ba420-ef09-4a0e-b215-2c2e2f80ad28	chief ICT security officer	optional	http://data.europa.eu/esco/skill/af607e5e-4ba1-4e5f-a2a6-dc05806567c7	coordinate technological activities	skill
276ba420-ef09-4a0e-b215-2c2e2f80ad28	chief ICT security officer	optional	http://data.europa.eu/esco/skill/7e1f9657-ab4e-407c-842f-b846197060e3	execute ICT audits	skill
276ba420-ef09-4a0e-b215-2c2e2f80ad28	chief ICT security officer	optional	http://data.europa.eu/esco/skill/5063a99f-975b-4a7c-85e3-69ecb375b4d3	internet governance	knowledge
276ba420-ef09-4a0e-b215-2c2e2f80ad28	chief ICT security officer	optional	http://data.europa.eu/esco/skill/33a82b83-c838-4889-ae62-fae1317481eb	protect personal data and privacy	skill
276ba420-ef09-4a0e-b215-2c2e2f80ad28	chief ICT security officer	optional	http://data.europa.eu/esco/skill/b9bf9e17-ae47-417b-bbb1-e8b7c263ccac	identify legal requirements	skill
276ba420-ef09-4a0e-b215-2c2e2f80ad28	chief ICT security officer	optional	http://data.europa.eu/esco/skill/8efa6a7a-6556-4cb8-908d-59d3b5c58d2f	cloud monitoring and reporting	knowledge
276ba420-ef09-4a0e-b215-2c2e2f80ad28	chief ICT security officer	optional	http://data.europa.eu/esco/skill/d32db06e-bd06-4415-a7ab-1b0ee68caa9a	ICT encryption	knowledge
276ba420-ef09-4a0e-b215-2c2e2f80ad28	chief ICT security officer	optional	http://data.europa.eu/esco/skill/d12e9d68-84c5-444e-aa98-d36533bf03f6	apply operations for an ITIL-based environment	skill
276ba420-ef09-4a0e-b215-2c2e2f80ad28	chief ICT security officer	optional	http://data.europa.eu/esco/skill/6e4f75b4-c60f-4623-a9ba-760c8245753b	ICT communications protocols	knowledge
0ab5c12c-c1c1-4772-8345-aa287d0e391d	ICT test analyst	essential	http://data.europa.eu/esco/skill/5d74614d-32c8-4ca4-9818-6980e52424b1	plan software testing	skill
0ab5c12c-c1c1-4772-8345-aa287d0e391d	ICT test analyst	essential	http://data.europa.eu/esco/skill/22b8039c-c890-4610-9228-5527e3b98f12	set quality assurance objectives	skill
0ab5c12c-c1c1-4772-8345-aa287d0e391d	ICT test analyst	essential	http://data.europa.eu/esco/skill/eb3aa8c1-fb14-47b4-a352-b7975abd2480	replicate customer software issues	skill
0ab5c12c-c1c1-4772-8345-aa287d0e391d	ICT test analyst	essential	http://data.europa.eu/esco/skill/85f46538-ae70-498a-bfbc-b8ddafe96c7d	levels of software testing	knowledge
0ab5c12c-c1c1-4772-8345-aa287d0e391d	ICT test analyst	essential	http://data.europa.eu/esco/skill/b9f16465-56a9-426b-a047-0f9f1f95ec92	address problems critically	skill
0ab5c12c-c1c1-4772-8345-aa287d0e391d	ICT test analyst	essential	http://data.europa.eu/esco/skill/913e7e83-b8f8-4574-b1ca-1b38f3fd974a	execute software tests	skill
0ab5c12c-c1c1-4772-8345-aa287d0e391d	ICT test analyst	essential	http://data.europa.eu/esco/skill/7253d98c-4a6d-4e37-8b6c-accca9f4b639	develop ICT test suite	skill
0ab5c12c-c1c1-4772-8345-aa287d0e391d	ICT test analyst	essential	http://data.europa.eu/esco/skill/78a74fd1-efc6-49dc-adb1-1b0fbe35c22c	provide software testing documentation	skill
0ab5c12c-c1c1-4772-8345-aa287d0e391d	ICT test analyst	essential	http://data.europa.eu/esco/skill/561c2525-5bd8-4d86-8f45-820f4be7db93	report test findings	skill
0ab5c12c-c1c1-4772-8345-aa287d0e391d	ICT test analyst	optional	http://data.europa.eu/esco/skill/348b74cd-49ce-4844-8bdf-ec188b497213	visual presentation techniques	knowledge
0ab5c12c-c1c1-4772-8345-aa287d0e391d	ICT test analyst	optional	http://data.europa.eu/esco/skill/9d1b08b3-ba1e-41f6-a466-1ac1e62eb5f0	conduct ICT code review	skill
0ab5c12c-c1c1-4772-8345-aa287d0e391d	ICT test analyst	optional	http://data.europa.eu/esco/skill/ed39edd3-44d0-4a16-9796-bfb99f92baf3	ICT performance analysis methods	knowledge
0ab5c12c-c1c1-4772-8345-aa287d0e391d	ICT test analyst	optional	http://data.europa.eu/esco/skill/5ef0c719-5bcb-49f8-b8eb-824388225333	use scripting programming	skill
0ab5c12c-c1c1-4772-8345-aa287d0e391d	ICT test analyst	optional	http://data.europa.eu/esco/skill/99207709-d076-4cce-ba38-e90d3bb28806	resource description framework query language	knowledge
0ab5c12c-c1c1-4772-8345-aa287d0e391d	ICT test analyst	optional	http://data.europa.eu/esco/skill/c7d24594-0c11-4b27-9039-fe0bb903da8e	LINQ	knowledge
0ab5c12c-c1c1-4772-8345-aa287d0e391d	ICT test analyst	optional	http://data.europa.eu/esco/skill/be0ff6d8-5e61-4021-9c89-e40cf0b75cc6	measure software usability	skill
0ab5c12c-c1c1-4772-8345-aa287d0e391d	ICT test analyst	optional	http://data.europa.eu/esco/skill/2522a6ce-3202-4ac8-9f5b-b9cb5a3a83a1	debug software	skill
0ab5c12c-c1c1-4772-8345-aa287d0e391d	ICT test analyst	optional	http://data.europa.eu/esco/skill/f597f772-24d3-4cec-813c-cf5a7027c794	N1QL	knowledge
0ab5c12c-c1c1-4772-8345-aa287d0e391d	ICT test analyst	optional	http://data.europa.eu/esco/skill/5da8018b-ae85-4cde-ad93-0394369018f3	SPARQL	knowledge
0ab5c12c-c1c1-4772-8345-aa287d0e391d	ICT test analyst	optional	http://data.europa.eu/esco/skill/d5a59ca8-2e91-472e-8571-d12ce4478679	Process-based management	knowledge
0ab5c12c-c1c1-4772-8345-aa287d0e391d	ICT test analyst	optional	http://data.europa.eu/esco/skill/3ce1fe19-7f9e-4070-941d-651673a5693b	decision support systems	knowledge
0ab5c12c-c1c1-4772-8345-aa287d0e391d	ICT test analyst	optional	http://data.europa.eu/esco/skill/9cf681c7-89ec-470c-b651-7fe03786f586	query languages	knowledge
0ab5c12c-c1c1-4772-8345-aa287d0e391d	ICT test analyst	optional	http://data.europa.eu/esco/skill/d83cba15-8511-4d07-b89a-9fde0d1d8241	perform quality audits	skill
0ab5c12c-c1c1-4772-8345-aa287d0e391d	ICT test analyst	optional	http://data.europa.eu/esco/skill/1b7c716e-af95-4cda-a42f-6479c8b139f5	MDX	knowledge
0ab5c12c-c1c1-4772-8345-aa287d0e391d	ICT test analyst	optional	http://data.europa.eu/esco/skill/c55caed2-de9e-4a25-819e-a0b0e83fba1b	give live presentation	skill
0ab5c12c-c1c1-4772-8345-aa287d0e391d	ICT test analyst	optional	http://data.europa.eu/esco/skill/382c11ed-20d5-4ae7-b60e-15fec527fa6c	apply statistical analysis techniques	skill
0ab5c12c-c1c1-4772-8345-aa287d0e391d	ICT test analyst	optional	http://data.europa.eu/esco/skill/3f4dab51-572b-4e2c-85ef-3b4c3f7094e1	XQuery	knowledge
0ab5c12c-c1c1-4772-8345-aa287d0e391d	ICT test analyst	optional	http://data.europa.eu/esco/skill/0e1fe34b-f4e7-4642-8c8b-5a05ac3438e5	manage schedule of tasks	skill
0ab5c12c-c1c1-4772-8345-aa287d0e391d	ICT test analyst	optional	http://data.europa.eu/esco/skill/da6393d5-a53c-4863-abc7-51f36281d74e	lean project management	knowledge
0ab5c12c-c1c1-4772-8345-aa287d0e391d	ICT test analyst	optional	http://data.europa.eu/esco/skill/bec4359e-cb92-468f-a997-8fb28e32fba9	ICT project management methodologies	knowledge
0ab5c12c-c1c1-4772-8345-aa287d0e391d	ICT test analyst	optional	http://data.europa.eu/esco/skill/6a322874-e32f-4cd8-9683-badce67a7f73	develop automated software tests	skill
0ab5c12c-c1c1-4772-8345-aa287d0e391d	ICT test analyst	optional	http://data.europa.eu/esco/skill/0a9acb6b-1139-4be9-b431-3a80a959f2f4	Agile project management	knowledge
0ab5c12c-c1c1-4772-8345-aa287d0e391d	ICT test analyst	optional	http://data.europa.eu/esco/skill/ff25cbf0-6978-4c4c-887e-d4b185410d74	perform software recovery testing	skill
0ab5c12c-c1c1-4772-8345-aa287d0e391d	ICT test analyst	optional	http://data.europa.eu/esco/skill/6014921e-1d25-4039-adc2-04852d61880e	ICT debugging tools	knowledge
0ab5c12c-c1c1-4772-8345-aa287d0e391d	ICT test analyst	optional	http://data.europa.eu/esco/skill/7557f0f4-b8bc-4ac0-b91e-222ab1ba744f	tools for ICT test automation	knowledge
0ab5c12c-c1c1-4772-8345-aa287d0e391d	ICT test analyst	optional	http://data.europa.eu/esco/skill/a57a54b6-2f2e-43e4-9621-b52f4a63cb08	LDAP	knowledge
106f79e4-6264-45f1-9e7a-297435cd684b	software tester	essential	http://data.europa.eu/esco/skill/2450c3b3-e78e-435b-b84d-e05d984e71dc	software architecture models	knowledge
106f79e4-6264-45f1-9e7a-297435cd684b	software tester	essential	http://data.europa.eu/esco/skill/7961413f-61d0-4722-9cd9-20a050a29899	perform software unit testing	skill
106f79e4-6264-45f1-9e7a-297435cd684b	software tester	essential	http://data.europa.eu/esco/skill/b9f16465-56a9-426b-a047-0f9f1f95ec92	address problems critically	skill
106f79e4-6264-45f1-9e7a-297435cd684b	software tester	essential	http://data.europa.eu/esco/skill/438ff259-d086-4004-acda-1ec3e1631bc6	software anomalies	knowledge
106f79e4-6264-45f1-9e7a-297435cd684b	software tester	essential	http://data.europa.eu/esco/skill/78a74fd1-efc6-49dc-adb1-1b0fbe35c22c	provide software testing documentation	skill
106f79e4-6264-45f1-9e7a-297435cd684b	software tester	essential	http://data.europa.eu/esco/skill/561c2525-5bd8-4d86-8f45-820f4be7db93	report test findings	skill
106f79e4-6264-45f1-9e7a-297435cd684b	software tester	essential	http://data.europa.eu/esco/skill/913e7e83-b8f8-4574-b1ca-1b38f3fd974a	execute software tests	skill
106f79e4-6264-45f1-9e7a-297435cd684b	software tester	essential	http://data.europa.eu/esco/skill/eb3aa8c1-fb14-47b4-a352-b7975abd2480	replicate customer software issues	skill
106f79e4-6264-45f1-9e7a-297435cd684b	software tester	essential	http://data.europa.eu/esco/skill/85f46538-ae70-498a-bfbc-b8ddafe96c7d	levels of software testing	knowledge
106f79e4-6264-45f1-9e7a-297435cd684b	software tester	essential	http://data.europa.eu/esco/skill/fb7aee4d-f6c6-4a87-8e9d-8e542b3771f8	software metrics	knowledge
106f79e4-6264-45f1-9e7a-297435cd684b	software tester	optional	http://data.europa.eu/esco/skill/0cd6dcf1-5778-42a5-b685-4d01ae4a4871	Common Lisp	knowledge
106f79e4-6264-45f1-9e7a-297435cd684b	software tester	optional	http://data.europa.eu/esco/skill/04f1b938-d4d4-4cb1-a863-982af76b9d93	SAS language	knowledge
106f79e4-6264-45f1-9e7a-297435cd684b	software tester	optional	http://data.europa.eu/esco/skill/5ef0c719-5bcb-49f8-b8eb-824388225333	use scripting programming	skill
106f79e4-6264-45f1-9e7a-297435cd684b	software tester	optional	http://data.europa.eu/esco/skill/0de61385-de6d-4146-ba32-1cc1bc102220	Lisp	knowledge
106f79e4-6264-45f1-9e7a-297435cd684b	software tester	optional	http://data.europa.eu/esco/skill/d5a59ca8-2e91-472e-8571-d12ce4478679	Process-based management	knowledge
106f79e4-6264-45f1-9e7a-297435cd684b	software tester	optional	http://data.europa.eu/esco/skill/ea412de3-9d7a-4943-8d8c-c6d3c7495d0e	execute integration testing	skill
106f79e4-6264-45f1-9e7a-297435cd684b	software tester	optional	http://data.europa.eu/esco/skill/ff25cbf0-6978-4c4c-887e-d4b185410d74	perform software recovery testing	skill
106f79e4-6264-45f1-9e7a-297435cd684b	software tester	optional	http://data.europa.eu/esco/skill/ba1b0441-a6b8-4e57-8ccc-871012f63e42	trading software	knowledge
106f79e4-6264-45f1-9e7a-297435cd684b	software tester	optional	http://data.europa.eu/esco/skill/e8b89eb6-51e8-4c3a-babb-88b2e110376b	Pascal (computer programming)	knowledge
106f79e4-6264-45f1-9e7a-297435cd684b	software tester	optional	http://data.europa.eu/esco/skill/4350c38d-0fe9-4ca7-bab9-40ed7f72b04f	PHP	knowledge
106f79e4-6264-45f1-9e7a-297435cd684b	software tester	optional	http://data.europa.eu/esco/skill/b633eb55-8f1f-4ae6-ab4c-2022ffe2cb7f	C++	knowledge
106f79e4-6264-45f1-9e7a-297435cd684b	software tester	optional	http://data.europa.eu/esco/skill/ccd0a1d9-afda-43d9-b901-96344886e14d	Python (computer programming)	knowledge
106f79e4-6264-45f1-9e7a-297435cd684b	software tester	optional	http://data.europa.eu/esco/skill/5d74614d-32c8-4ca4-9818-6980e52424b1	plan software testing	skill
106f79e4-6264-45f1-9e7a-297435cd684b	software tester	optional	http://data.europa.eu/esco/skill/9973a5a2-7822-4161-99e9-95c781eb63f8	Objective-C	knowledge
106f79e4-6264-45f1-9e7a-297435cd684b	software tester	optional	http://data.europa.eu/esco/skill/99207709-d076-4cce-ba38-e90d3bb28806	resource description framework query language	knowledge
106f79e4-6264-45f1-9e7a-297435cd684b	software tester	optional	http://data.europa.eu/esco/skill/993b1e23-f2de-4bd8-b33f-f86dde1c8e9d	CoffeeScript	knowledge
106f79e4-6264-45f1-9e7a-297435cd684b	software tester	optional	http://data.europa.eu/esco/skill/d56fc2b5-4b0a-4e7e-9bde-a33736f6ff18	Scratch (computer programming)	knowledge
106f79e4-6264-45f1-9e7a-297435cd684b	software tester	optional	http://data.europa.eu/esco/skill/000f1d3d-220f-4789-9c0a-cc742521fb02	Haskell	knowledge
106f79e4-6264-45f1-9e7a-297435cd684b	software tester	optional	http://data.europa.eu/esco/skill/034c29fa-c3ba-45ea-b8f3-bf8e3705e386	Erlang	knowledge
106f79e4-6264-45f1-9e7a-297435cd684b	software tester	optional	http://data.europa.eu/esco/skill/ed39edd3-44d0-4a16-9796-bfb99f92baf3	ICT performance analysis methods	knowledge
106f79e4-6264-45f1-9e7a-297435cd684b	software tester	optional	http://data.europa.eu/esco/skill/0ccdfe98-f845-4598-84a1-3dca66e9d9a3	Ruby (computer programming)	knowledge
106f79e4-6264-45f1-9e7a-297435cd684b	software tester	optional	http://data.europa.eu/esco/skill/21d2f96d-35f7-4e3f-9745-c533d2dd6e97	computer programming	knowledge
106f79e4-6264-45f1-9e7a-297435cd684b	software tester	optional	http://data.europa.eu/esco/skill/5da8018b-ae85-4cde-ad93-0394369018f3	SPARQL	knowledge
106f79e4-6264-45f1-9e7a-297435cd684b	software tester	optional	http://data.europa.eu/esco/skill/300d432b-f457-4cd3-9cb1-1858c7d14954	OpenEdge Advanced Business Language	knowledge
106f79e4-6264-45f1-9e7a-297435cd684b	software tester	optional	http://data.europa.eu/esco/skill/51586df8-1c46-4b47-8583-773cb63bf00b	R	knowledge
106f79e4-6264-45f1-9e7a-297435cd684b	software tester	optional	http://data.europa.eu/esco/skill/7557f0f4-b8bc-4ac0-b91e-222ab1ba744f	tools for ICT test automation	knowledge
106f79e4-6264-45f1-9e7a-297435cd684b	software tester	optional	http://data.europa.eu/esco/skill/8369ede5-4200-4a44-be2e-bc60ef959259	Microsoft Visual C++	knowledge
106f79e4-6264-45f1-9e7a-297435cd684b	software tester	optional	http://data.europa.eu/esco/skill/def007fa-5fed-4a5f-91a2-b0d7e3db1be1	COBOL	knowledge
106f79e4-6264-45f1-9e7a-297435cd684b	software tester	optional	http://data.europa.eu/esco/skill/47b9bbcf-356c-4782-83a4-7f5a1b2b51a3	Assembly (computer programming)	knowledge
106f79e4-6264-45f1-9e7a-297435cd684b	software tester	optional	http://data.europa.eu/esco/skill/6a536b36-c5c7-4d10-bf67-a4fb0f8549b2	audit techniques	knowledge
106f79e4-6264-45f1-9e7a-297435cd684b	software tester	optional	http://data.europa.eu/esco/skill/0a9acb6b-1139-4be9-b431-3a80a959f2f4	Agile project management	knowledge
106f79e4-6264-45f1-9e7a-297435cd684b	software tester	optional	http://data.europa.eu/esco/skill/eb0e5615-1575-4a86-a1a2-7d39595033c5	ABAP	knowledge
106f79e4-6264-45f1-9e7a-297435cd684b	software tester	optional	http://data.europa.eu/esco/skill/9cf681c7-89ec-470c-b651-7fe03786f586	query languages	knowledge
106f79e4-6264-45f1-9e7a-297435cd684b	software tester	optional	http://data.europa.eu/esco/skill/867137fb-ff1b-4ca3-99f3-cb6969aa2c68	TypeScript	knowledge
106f79e4-6264-45f1-9e7a-297435cd684b	software tester	optional	http://data.europa.eu/esco/skill/19a8293b-8e95-4de3-983f-77484079c389	Java (computer programming)	knowledge
106f79e4-6264-45f1-9e7a-297435cd684b	software tester	optional	http://data.europa.eu/esco/skill/c5e8abde-d2ba-4e8e-a65e-720b71180666	unstructured data	knowledge
106f79e4-6264-45f1-9e7a-297435cd684b	software tester	optional	http://data.europa.eu/esco/skill/6014921e-1d25-4039-adc2-04852d61880e	ICT debugging tools	knowledge
106f79e4-6264-45f1-9e7a-297435cd684b	software tester	optional	http://data.europa.eu/esco/skill/f597f772-24d3-4cec-813c-cf5a7027c794	N1QL	knowledge
106f79e4-6264-45f1-9e7a-297435cd684b	software tester	optional	http://data.europa.eu/esco/skill/401eb8d8-6daa-4f8b-90ad-60afc71eb4f8	Perl	knowledge
106f79e4-6264-45f1-9e7a-297435cd684b	software tester	optional	http://data.europa.eu/esco/skill/c3a03c5a-c260-4c26-9b9a-873abb396f4d	MATLAB	knowledge
106f79e4-6264-45f1-9e7a-297435cd684b	software tester	optional	http://data.europa.eu/esco/skill/dcdd5ddf-82a6-4ac3-8edc-d4b23cae9a88	VBScript	knowledge
106f79e4-6264-45f1-9e7a-297435cd684b	software tester	optional	http://data.europa.eu/esco/skill/4b51e76e-9e8a-455f-a289-5b48246345c4	hardware components	knowledge
106f79e4-6264-45f1-9e7a-297435cd684b	software tester	optional	http://data.europa.eu/esco/skill/b4dc6e4f-dc7d-445f-8ce2-d7b9d225e282	AJAX	knowledge
106f79e4-6264-45f1-9e7a-297435cd684b	software tester	optional	http://data.europa.eu/esco/skill/7253d98c-4a6d-4e37-8b6c-accca9f4b639	develop ICT test suite	skill
106f79e4-6264-45f1-9e7a-297435cd684b	software tester	optional	http://data.europa.eu/esco/skill/4c016b68-4116-468c-9dc6-42710c239e4a	C#	knowledge
106f79e4-6264-45f1-9e7a-297435cd684b	software tester	optional	http://data.europa.eu/esco/skill/bb99af26-71ff-4dca-bde7-1eb1f6194426	SAP R3	knowledge
106f79e4-6264-45f1-9e7a-297435cd684b	software tester	optional	http://data.europa.eu/esco/skill/a57a54b6-2f2e-43e4-9621-b52f4a63cb08	LDAP	knowledge
106f79e4-6264-45f1-9e7a-297435cd684b	software tester	optional	http://data.europa.eu/esco/skill/56a7f561-1d55-43c9-9cd7-36a0a9bc6c50	ASP.NET	knowledge
106f79e4-6264-45f1-9e7a-297435cd684b	software tester	optional	http://data.europa.eu/esco/skill/6a322874-e32f-4cd8-9683-badce67a7f73	develop automated software tests	skill
106f79e4-6264-45f1-9e7a-297435cd684b	software tester	optional	http://data.europa.eu/esco/skill/c4b626c1-e71c-44ec-9f88-042766f37fcc	application usability	knowledge
106f79e4-6264-45f1-9e7a-297435cd684b	software tester	optional	http://data.europa.eu/esco/skill/2522a6ce-3202-4ac8-9f5b-b9cb5a3a83a1	debug software	skill
106f79e4-6264-45f1-9e7a-297435cd684b	software tester	optional	http://data.europa.eu/esco/skill/1b7c716e-af95-4cda-a42f-6479c8b139f5	MDX	knowledge
106f79e4-6264-45f1-9e7a-297435cd684b	software tester	optional	http://data.europa.eu/esco/skill/42ed3bfb-1a01-4c8b-9758-fc6438865734	Smalltalk (computer programming)	knowledge
106f79e4-6264-45f1-9e7a-297435cd684b	software tester	optional	http://data.europa.eu/esco/skill/9d1b08b3-ba1e-41f6-a466-1ac1e62eb5f0	conduct ICT code review	skill
106f79e4-6264-45f1-9e7a-297435cd684b	software tester	optional	http://data.europa.eu/esco/skill/0e1fe34b-f4e7-4642-8c8b-5a05ac3438e5	manage schedule of tasks	skill
106f79e4-6264-45f1-9e7a-297435cd684b	software tester	optional	http://data.europa.eu/esco/skill/397da142-ab35-48fe-b154-7c38f447adfb	digital systems	knowledge
106f79e4-6264-45f1-9e7a-297435cd684b	software tester	optional	http://data.europa.eu/esco/skill/ffddfc7c-a9dd-449f-9e96-882dc447c8b6	Scala	knowledge
106f79e4-6264-45f1-9e7a-297435cd684b	software tester	optional	http://data.europa.eu/esco/skill/2bde42ae-e776-41c1-9ded-b07b30bfe985	Prolog (computer programming)	knowledge
106f79e4-6264-45f1-9e7a-297435cd684b	software tester	optional	http://data.europa.eu/esco/skill/3f4dab51-572b-4e2c-85ef-3b4c3f7094e1	XQuery	knowledge
106f79e4-6264-45f1-9e7a-297435cd684b	software tester	optional	http://data.europa.eu/esco/skill/bec4359e-cb92-468f-a997-8fb28e32fba9	ICT project management methodologies	knowledge
106f79e4-6264-45f1-9e7a-297435cd684b	software tester	optional	http://data.europa.eu/esco/skill/52cf3037-ab53-4806-85ed-7fd21ea7f6a1	Groovy	knowledge
106f79e4-6264-45f1-9e7a-297435cd684b	software tester	optional	http://data.europa.eu/esco/skill/484df271-bb52-49f1-8f50-f19624bf4df2	software components libraries	knowledge
106f79e4-6264-45f1-9e7a-297435cd684b	software tester	optional	http://data.europa.eu/esco/skill/c7d24594-0c11-4b27-9039-fe0bb903da8e	LINQ	knowledge
106f79e4-6264-45f1-9e7a-297435cd684b	software tester	optional	http://data.europa.eu/esco/skill/da6393d5-a53c-4863-abc7-51f36281d74e	lean project management	knowledge
106f79e4-6264-45f1-9e7a-297435cd684b	software tester	optional	http://data.europa.eu/esco/skill/3cd569a2-4f88-4c1e-9995-8dce8c5e51a7	JavaScript	knowledge
106f79e4-6264-45f1-9e7a-297435cd684b	software tester	optional	http://data.europa.eu/esco/skill/13bdd41a-2a18-441f-96db-41252c519413	Visual Basic	knowledge
106f79e4-6264-45f1-9e7a-297435cd684b	software tester	optional	http://data.europa.eu/esco/skill/58d7a289-dafd-4363-833f-d1dc4140885e	APL	knowledge
106f79e4-6264-45f1-9e7a-297435cd684b	software tester	optional	http://data.europa.eu/esco/skill/a4d336a6-9ffd-402a-91cc-f359716ba4e0	ML (computer programming)	knowledge
106f79e4-6264-45f1-9e7a-297435cd684b	software tester	optional	http://data.europa.eu/esco/skill/be0ff6d8-5e61-4021-9c89-e40cf0b75cc6	measure software usability	skill
106f79e4-6264-45f1-9e7a-297435cd684b	software tester	optional	http://data.europa.eu/esco/skill/be80acfc-b6f2-4411-9b8d-b19d9cd2556a	Swift (computer programming)	knowledge
a28dff76-74df-46ee-929f-d1fffbb63cd7	ICT quality assurance manager	essential	http://data.europa.eu/esco/skill/fafe0b9d-dbd9-46bd-b770-26299539ce66	ICT process quality models	knowledge
a28dff76-74df-46ee-929f-d1fffbb63cd7	ICT quality assurance manager	essential	http://data.europa.eu/esco/skill/8d4271ca-c9fd-40b3-875f-15f78332a49e	quality standards	knowledge
a28dff76-74df-46ee-929f-d1fffbb63cd7	ICT quality assurance manager	essential	http://data.europa.eu/esco/skill/438ff259-d086-4004-acda-1ec3e1631bc6	software anomalies	knowledge
a28dff76-74df-46ee-929f-d1fffbb63cd7	ICT quality assurance manager	essential	http://data.europa.eu/esco/skill/85f46538-ae70-498a-bfbc-b8ddafe96c7d	levels of software testing	knowledge
a28dff76-74df-46ee-929f-d1fffbb63cd7	ICT quality assurance manager	essential	http://data.europa.eu/esco/skill/3d3ee5c3-4286-457f-9f76-1704011f7e11	comply with legal regulations	skill
a28dff76-74df-46ee-929f-d1fffbb63cd7	ICT quality assurance manager	essential	http://data.europa.eu/esco/skill/26baf34d-6721-4bac-b7eb-add0bc566a82	attend to detail in preparation for audits	skill
a28dff76-74df-46ee-929f-d1fffbb63cd7	ICT quality assurance manager	essential	http://data.europa.eu/esco/skill/0daaf096-1639-461c-bf1a-bbeea77e6b67	internal risk management policy	knowledge
a28dff76-74df-46ee-929f-d1fffbb63cd7	ICT quality assurance manager	essential	http://data.europa.eu/esco/skill/22b8039c-c890-4610-9228-5527e3b98f12	set quality assurance objectives	skill
a28dff76-74df-46ee-929f-d1fffbb63cd7	ICT quality assurance manager	essential	http://data.europa.eu/esco/skill/d83cba15-8511-4d07-b89a-9fde0d1d8241	perform quality audits	skill
a28dff76-74df-46ee-929f-d1fffbb63cd7	ICT quality assurance manager	essential	http://data.europa.eu/esco/skill/913e7e83-b8f8-4574-b1ca-1b38f3fd974a	execute software tests	skill
a28dff76-74df-46ee-929f-d1fffbb63cd7	ICT quality assurance manager	essential	http://data.europa.eu/esco/skill/c7cc6dc5-d56b-4323-8e5c-47c4022f615f	quality assurance methodologies	knowledge
a28dff76-74df-46ee-929f-d1fffbb63cd7	ICT quality assurance manager	essential	http://data.europa.eu/esco/skill/78a74fd1-efc6-49dc-adb1-1b0fbe35c22c	provide software testing documentation	skill
a28dff76-74df-46ee-929f-d1fffbb63cd7	ICT quality assurance manager	essential	http://data.europa.eu/esco/skill/f7b5d916-52f0-4865-b6a6-e1a3b711cb5e	implement strategic planning	skill
a28dff76-74df-46ee-929f-d1fffbb63cd7	ICT quality assurance manager	essential	http://data.europa.eu/esco/skill/3be6b84a-fa78-42b9-a8df-150cdb40b9d7	ICT quality policy	knowledge
a28dff76-74df-46ee-929f-d1fffbb63cd7	ICT quality assurance manager	essential	http://data.europa.eu/esco/skill/5d34adde-0b78-42b4-9d3d-69e9388d8398	oversee quality control	skill
a28dff76-74df-46ee-929f-d1fffbb63cd7	ICT quality assurance manager	essential	http://data.europa.eu/esco/skill/7f0b1a66-ebaf-4c8a-b606-4c1844eb692e	attend to ICT systems quality	skill
a28dff76-74df-46ee-929f-d1fffbb63cd7	ICT quality assurance manager	optional	http://data.europa.eu/esco/skill/54c9c155-9293-4329-8ed2-2e76e8b519d4	define data quality criteria	skill
a28dff76-74df-46ee-929f-d1fffbb63cd7	ICT quality assurance manager	optional	http://data.europa.eu/esco/skill/86d2e2ea-1ba2-4aa6-b465-8a1f9abc81b8	apply information security policies	skill
a28dff76-74df-46ee-929f-d1fffbb63cd7	ICT quality assurance manager	optional	http://data.europa.eu/esco/skill/af607e5e-4ba1-4e5f-a2a6-dc05806567c7	coordinate technological activities	skill
a28dff76-74df-46ee-929f-d1fffbb63cd7	ICT quality assurance manager	optional	http://data.europa.eu/esco/skill/9ff9db9d-d14b-426e-83f3-e7449af6c79f	manage data	skill
a28dff76-74df-46ee-929f-d1fffbb63cd7	ICT quality assurance manager	optional	http://data.europa.eu/esco/skill/248894d1-42dc-474f-af6e-2da52ac0c679	define technology strategy	skill
a28dff76-74df-46ee-929f-d1fffbb63cd7	ICT quality assurance manager	optional	http://data.europa.eu/esco/skill/d5a59ca8-2e91-472e-8571-d12ce4478679	Process-based management	knowledge
a28dff76-74df-46ee-929f-d1fffbb63cd7	ICT quality assurance manager	optional	http://data.europa.eu/esco/skill/0e0c9c11-b39e-43cf-ba95-2fe646f5de64	identify customer requirements	skill
a28dff76-74df-46ee-929f-d1fffbb63cd7	ICT quality assurance manager	optional	http://data.europa.eu/esco/skill/1b3fc0e0-c6f9-45fc-9c6e-14bbba662979	develop information standards	skill
a28dff76-74df-46ee-929f-d1fffbb63cd7	ICT quality assurance manager	optional	http://data.europa.eu/esco/skill/95ee5e38-5c1e-4cd2-a21d-6921390025a9	usability engineering	knowledge
a28dff76-74df-46ee-929f-d1fffbb63cd7	ICT quality assurance manager	optional	http://data.europa.eu/esco/skill/09f2f811-a3fb-4de3-a70f-6420a6935575	systems development life-cycle	knowledge
a28dff76-74df-46ee-929f-d1fffbb63cd7	ICT quality assurance manager	optional	http://data.europa.eu/esco/skill/bec4359e-cb92-468f-a997-8fb28e32fba9	ICT project management methodologies	knowledge
a28dff76-74df-46ee-929f-d1fffbb63cd7	ICT quality assurance manager	optional	http://data.europa.eu/esco/skill/c4b626c1-e71c-44ec-9f88-042766f37fcc	application usability	knowledge
a28dff76-74df-46ee-929f-d1fffbb63cd7	ICT quality assurance manager	optional	http://data.europa.eu/esco/skill/d54a1355-05c8-45eb-9c42-267d2cfcdf44	provide technical training	skill
a28dff76-74df-46ee-929f-d1fffbb63cd7	ICT quality assurance manager	optional	http://data.europa.eu/esco/skill/b5c7e0dc-dda3-4790-a7d1-d6d8023b3089	database quality standards	knowledge
a28dff76-74df-46ee-929f-d1fffbb63cd7	ICT quality assurance manager	optional	http://data.europa.eu/esco/skill/8dcbcabe-09f7-4d11-940d-125af57bbc40	track key performance indicators	skill
a28dff76-74df-46ee-929f-d1fffbb63cd7	ICT quality assurance manager	optional	http://data.europa.eu/esco/skill/cc7370dd-69fa-4c67-a96f-d4d135d38700	data quality assessment	knowledge
a28dff76-74df-46ee-929f-d1fffbb63cd7	ICT quality assurance manager	optional	http://data.europa.eu/esco/skill/da6393d5-a53c-4863-abc7-51f36281d74e	lean project management	knowledge
a28dff76-74df-46ee-929f-d1fffbb63cd7	ICT quality assurance manager	optional	http://data.europa.eu/esco/skill/415abd43-e8e5-4643-b5da-5f11307af57a	use different communication channels	skill
a28dff76-74df-46ee-929f-d1fffbb63cd7	ICT quality assurance manager	optional	http://data.europa.eu/esco/skill/6a322874-e32f-4cd8-9683-badce67a7f73	develop automated software tests	skill
a28dff76-74df-46ee-929f-d1fffbb63cd7	ICT quality assurance manager	optional	http://data.europa.eu/esco/skill/0a9acb6b-1139-4be9-b431-3a80a959f2f4	Agile project management	knowledge
a28dff76-74df-46ee-929f-d1fffbb63cd7	ICT quality assurance manager	optional	http://data.europa.eu/esco/skill/14d1e367-3efe-4ec5-86ae-eca48710ee4e	implement ICT security policies	skill
a28dff76-74df-46ee-929f-d1fffbb63cd7	ICT quality assurance manager	optional	http://data.europa.eu/esco/skill/dad7e408-162f-46a4-8567-db560e19e2fc	identify ICT system weaknesses	skill
a28dff76-74df-46ee-929f-d1fffbb63cd7	ICT quality assurance manager	optional	http://data.europa.eu/esco/skill/7814e88f-c133-4c3b-b27f-857afa145d42	ICT security legislation	knowledge
ef909843-97c6-4c48-8038-2e7aefdfcad5	clinical informatics manager	essential	http://data.europa.eu/esco/skill/ecee574b-4332-4cb4-b81c-d7ac71a0e2e2	apply good clinical practices	skill
ef909843-97c6-4c48-8038-2e7aefdfcad5	clinical informatics manager	essential	http://data.europa.eu/esco/skill/d5e9b47e-580f-41e7-bc6c-e7345566fcb4	review patient's medical data	skill
ef909843-97c6-4c48-8038-2e7aefdfcad5	clinical informatics manager	essential	http://data.europa.eu/esco/skill/ad008df3-dcaf-45ee-8892-2319a3b66c98	oversee clinical information system activities	skill
ef909843-97c6-4c48-8038-2e7aefdfcad5	clinical informatics manager	essential	http://data.europa.eu/esco/skill/ad05c2bf-3905-4e4c-bd56-6fcfdebc994c	clinical science	knowledge
ef909843-97c6-4c48-8038-2e7aefdfcad5	clinical informatics manager	essential	http://data.europa.eu/esco/skill/d3eccb86-f02d-4950-bfbd-20b9510774a1	apply organisational techniques	skill
ef909843-97c6-4c48-8038-2e7aefdfcad5	clinical informatics manager	essential	http://data.europa.eu/esco/skill/557c86b8-a0bc-4545-bb30-d141b1d60bc1	conduct clinical software research	skill
ef909843-97c6-4c48-8038-2e7aefdfcad5	clinical informatics manager	essential	http://data.europa.eu/esco/skill/76395873-7fe2-4f9a-b4b6-9932f8cbd0b4	follow clinical guidelines	skill
ef909843-97c6-4c48-8038-2e7aefdfcad5	clinical informatics manager	essential	http://data.europa.eu/esco/skill/98eb1f3b-3480-416b-bd4b-811946f7e347	comply with quality standards related to healthcare practice	skill
ef909843-97c6-4c48-8038-2e7aefdfcad5	clinical informatics manager	essential	http://data.europa.eu/esco/skill/aa238394-8126-4ada-be2f-9dfe065cf314	adhere to organisational guidelines	skill
ef909843-97c6-4c48-8038-2e7aefdfcad5	clinical informatics manager	essential	http://data.europa.eu/esco/skill/13724e7d-b946-4773-915e-9621340237bc	contribute to continuity of health care	skill
ef909843-97c6-4c48-8038-2e7aefdfcad5	clinical informatics manager	essential	http://data.europa.eu/esco/skill/9fc400ac-8ed2-4aff-915f-aa4f2609ec7b	multidisciplinary research	knowledge
ef909843-97c6-4c48-8038-2e7aefdfcad5	clinical informatics manager	essential	http://data.europa.eu/esco/skill/d429b19a-132f-44d3-971b-bb0ccd94f979	nursing science	knowledge
ef909843-97c6-4c48-8038-2e7aefdfcad5	clinical informatics manager	essential	http://data.europa.eu/esco/skill/0f551181-e1af-47e2-b2d8-ff9f4e011ecd	use clinical assessment techniques	skill
ef909843-97c6-4c48-8038-2e7aefdfcad5	clinical informatics manager	essential	http://data.europa.eu/esco/skill/b77b7ac5-f25f-4baf-8e49-dcd4f31899f2	contribute to public health campaigns	skill
ef909843-97c6-4c48-8038-2e7aefdfcad5	clinical informatics manager	essential	http://data.europa.eu/esco/skill/7d08e3cd-3a68-4568-8273-5b53ac0cbc71	collect healthcare user's general data	skill
ef909843-97c6-4c48-8038-2e7aefdfcad5	clinical informatics manager	essential	http://data.europa.eu/esco/skill/68c5d392-22f4-4b2c-847b-d18a34c22fea	drug interaction management	knowledge
ef909843-97c6-4c48-8038-2e7aefdfcad5	clinical informatics manager	essential	http://data.europa.eu/esco/skill/a7f0fbe0-c546-4f30-8e41-34a58c64567e	data storage	knowledge
ef909843-97c6-4c48-8038-2e7aefdfcad5	clinical informatics manager	essential	http://data.europa.eu/esco/skill/ed3f3dba-3a35-4ed5-b113-67f4d10ef4c8	scientific research methodology	knowledge
ef909843-97c6-4c48-8038-2e7aefdfcad5	clinical informatics manager	essential	http://data.europa.eu/esco/skill/6c252ea9-e7df-4f82-8035-7d7ee742ff0e	multi-professional cooperation in health care	knowledge
ef909843-97c6-4c48-8038-2e7aefdfcad5	clinical informatics manager	essential	http://data.europa.eu/esco/skill/43ae58b9-5e56-4524-b45a-b422777a0576	database	knowledge
ef909843-97c6-4c48-8038-2e7aefdfcad5	clinical informatics manager	essential	http://data.europa.eu/esco/skill/f022b5ff-8496-4722-a7a3-ef3c072f01f6	perform clinical coding procedures	skill
ef909843-97c6-4c48-8038-2e7aefdfcad5	clinical informatics manager	essential	http://data.europa.eu/esco/skill/33c01497-8264-4773-81dd-6096ad512f02	health care occupation-specific ethics	knowledge
ef909843-97c6-4c48-8038-2e7aefdfcad5	clinical informatics manager	essential	http://data.europa.eu/esco/skill/08591546-e9bc-47fc-97b3-8663b3713a5f	clinical reports	knowledge
ef909843-97c6-4c48-8038-2e7aefdfcad5	clinical informatics manager	essential	http://data.europa.eu/esco/skill/cc69175e-c35d-4494-8844-e71385ccce4a	use foreign languages for health-related research	skill
ef909843-97c6-4c48-8038-2e7aefdfcad5	clinical informatics manager	essential	http://data.europa.eu/esco/skill/b21e2984-c6b2-4352-bbe8-8f3b03bd50f6	medical informatics	knowledge
ef909843-97c6-4c48-8038-2e7aefdfcad5	clinical informatics manager	essential	http://data.europa.eu/esco/skill/3e8e862d-2f1a-40c6-bb6d-d1d7eeb78854	analyse large-scale data in healthcare	skill
ef909843-97c6-4c48-8038-2e7aefdfcad5	clinical informatics manager	essential	http://data.europa.eu/esco/skill/7110bf9f-b245-4adc-9159-5081013fd64d	communicate in healthcare	skill
ef909843-97c6-4c48-8038-2e7aefdfcad5	clinical informatics manager	essential	http://data.europa.eu/esco/skill/7b5cce4d-c7fe-4119-b48f-70aa05391787	computer science	knowledge
ef909843-97c6-4c48-8038-2e7aefdfcad5	clinical informatics manager	optional	http://data.europa.eu/esco/skill/3af687cb-8c7a-46ea-a730-32dbaed040c6	Oracle Data Integrator	knowledge
ef909843-97c6-4c48-8038-2e7aefdfcad5	clinical informatics manager	optional	http://data.europa.eu/esco/skill/9d0d89be-bffa-4393-b6f6-8d05bea49051	data extraction, transformation and loading tools	knowledge
ef909843-97c6-4c48-8038-2e7aefdfcad5	clinical informatics manager	optional	http://data.europa.eu/esco/skill/a1eef0f4-133f-464a-a8f1-68fe3e8cc1b4	healthcare analytics	knowledge
ef909843-97c6-4c48-8038-2e7aefdfcad5	clinical informatics manager	optional	http://data.europa.eu/esco/skill/0b5aaee4-c948-4853-bf8d-b9cd6c4917ee	inform policy makers on health-related challenges	skill
ef909843-97c6-4c48-8038-2e7aefdfcad5	clinical informatics manager	optional	http://data.europa.eu/esco/skill/cd5efa8c-e44d-4cbc-91c6-796018dbed68	perform project management	skill
ef909843-97c6-4c48-8038-2e7aefdfcad5	clinical informatics manager	optional	http://data.europa.eu/esco/skill/add39442-b8ca-4412-8156-391db53b0c5d	manage healthcare staff	knowledge
ef909843-97c6-4c48-8038-2e7aefdfcad5	clinical informatics manager	optional	http://data.europa.eu/esco/skill/e54ff029-1ce9-447d-a5b2-eb7283a23e6e	train employees	skill
ef909843-97c6-4c48-8038-2e7aefdfcad5	clinical informatics manager	optional	http://data.europa.eu/esco/skill/23900e3d-06fa-424c-a5dc-c0ea42edde1e	Oracle Warehouse Builder	knowledge
ef909843-97c6-4c48-8038-2e7aefdfcad5	clinical informatics manager	optional	http://data.europa.eu/esco/skill/9fcf9918-fdef-49c3-aedc-518eb1e7e1f5	comply with legislation related to health care	skill
ef909843-97c6-4c48-8038-2e7aefdfcad5	clinical informatics manager	optional	http://data.europa.eu/esco/skill/21c5790c-0930-4d74-b3b0-84caf5af12ea	manage budgets	skill
ef909843-97c6-4c48-8038-2e7aefdfcad5	clinical informatics manager	optional	http://data.europa.eu/esco/skill/97bdd757-29d4-4126-92a6-07608825aa3b	QlikView Expressor	knowledge
ef909843-97c6-4c48-8038-2e7aefdfcad5	clinical informatics manager	optional	http://data.europa.eu/esco/skill/14fdac88-6d4a-4e47-9df5-02c6d1e86fdd	IBM InfoSphere DataStage	knowledge
ef909843-97c6-4c48-8038-2e7aefdfcad5	clinical informatics manager	optional	http://data.europa.eu/esco/skill/42c3287f-5e50-4559-a2d1-2000c70e0aab	Pentaho Data Integration	knowledge
ef909843-97c6-4c48-8038-2e7aefdfcad5	clinical informatics manager	optional	http://data.europa.eu/esco/skill/6a536b36-c5c7-4d10-bf67-a4fb0f8549b2	audit techniques	knowledge
ef909843-97c6-4c48-8038-2e7aefdfcad5	clinical informatics manager	optional	http://data.europa.eu/esco/skill/c6c0ceda-a2b6-4f8f-8d31-e259933300dc	communicate in foreign languages with health service providers	skill
ef909843-97c6-4c48-8038-2e7aefdfcad5	clinical informatics manager	optional	http://data.europa.eu/esco/skill/c5a135be-218d-48e6-a422-5225a576dcd8	manage project metrics	skill
ef909843-97c6-4c48-8038-2e7aefdfcad5	clinical informatics manager	optional	http://data.europa.eu/esco/skill/1bfd3bf6-a289-4c30-b0b0-16aae3434c39	creation of clinical psychological opinions	knowledge
ef909843-97c6-4c48-8038-2e7aefdfcad5	clinical informatics manager	optional	http://data.europa.eu/esco/skill/7add3681-17b6-4027-8a9d-ee92d2b96a42	manage workflow processes	skill
ef909843-97c6-4c48-8038-2e7aefdfcad5	clinical informatics manager	optional	http://data.europa.eu/esco/skill/9601b2a8-68e4-4906-9306-a23679b8f0b0	supervise staff	skill
ef909843-97c6-4c48-8038-2e7aefdfcad5	clinical informatics manager	optional	http://data.europa.eu/esco/skill/6f7512ab-d46d-402a-8c30-a8878d7c1f88	SQL Server Integration Services	knowledge
ef909843-97c6-4c48-8038-2e7aefdfcad5	clinical informatics manager	optional	http://data.europa.eu/esco/skill/fb15ca73-68fb-41db-a235-0b61d7d9021e	participate in medical records' auditing activities	skill
ef909843-97c6-4c48-8038-2e7aefdfcad5	clinical informatics manager	optional	http://data.europa.eu/esco/skill/90267570-aad1-4c54-9c9c-5a1a5847a819	advise on training courses	skill
ef909843-97c6-4c48-8038-2e7aefdfcad5	clinical informatics manager	optional	http://data.europa.eu/esco/skill/f8e3425c-fe44-4ffb-bafe-0e20d91dadf4	SAP Data Services	knowledge
ef909843-97c6-4c48-8038-2e7aefdfcad5	clinical informatics manager	optional	http://data.europa.eu/esco/skill/7aff2d0c-790a-47e2-a1c3-206eb0fc74d9	health psychology	knowledge
ef909843-97c6-4c48-8038-2e7aefdfcad5	clinical informatics manager	optional	http://data.europa.eu/esco/skill/0f00f63f-3ab4-4057-b92f-500584b51757	Informatica PowerCenter	knowledge
ef909843-97c6-4c48-8038-2e7aefdfcad5	clinical informatics manager	optional	http://data.europa.eu/esco/skill/f7b5d916-52f0-4865-b6a6-e1a3b711cb5e	implement strategic planning	skill
ef909843-97c6-4c48-8038-2e7aefdfcad5	clinical informatics manager	optional	http://data.europa.eu/esco/skill/91abe492-18be-4cce-93c7-0dca07072363	meet deadlines	skill
ef909843-97c6-4c48-8038-2e7aefdfcad5	clinical informatics manager	optional	http://data.europa.eu/esco/skill/1d58c862-1100-438a-bea7-34e0c2a36055	analytical methods in biomedical sciences	knowledge
ef909843-97c6-4c48-8038-2e7aefdfcad5	clinical informatics manager	optional	http://data.europa.eu/esco/skill/1493ddb4-9a46-4e00-b9c8-d8e1c64e8f34	conditions for professional practice of clinical psychology	knowledge
ef909843-97c6-4c48-8038-2e7aefdfcad5	clinical informatics manager	optional	http://data.europa.eu/esco/skill/81b082fb-9a00-4660-976a-10c985979100	IBM InfoSphere Information Server	knowledge
ef909843-97c6-4c48-8038-2e7aefdfcad5	clinical informatics manager	optional	http://data.europa.eu/esco/skill/496932f1-0b6b-4f73-9432-d95c7ddcd43b	recruit employees	skill
779d13be-60b4-48f3-a339-fe483be96c7f	regulatory affairs manager	essential	http://data.europa.eu/esco/skill/6fce8d3f-a15f-4f26-943a-d200b32f6949	monitor company policy	skill
779d13be-60b4-48f3-a339-fe483be96c7f	regulatory affairs manager	essential	http://data.europa.eu/esco/skill/b7dbaaab-ea76-4f23-b45c-69d715b52f43	develop licensing agreements	skill
779d13be-60b4-48f3-a339-fe483be96c7f	regulatory affairs manager	essential	http://data.europa.eu/esco/skill/b9bf9e17-ae47-417b-bbb1-e8b7c263ccac	identify legal requirements	skill
779d13be-60b4-48f3-a339-fe483be96c7f	regulatory affairs manager	essential	http://data.europa.eu/esco/skill/4cb51222-3e2e-417c-9a5c-e9ccf262721d	ensure compliance with company regulations	skill
779d13be-60b4-48f3-a339-fe483be96c7f	regulatory affairs manager	essential	http://data.europa.eu/esco/skill/1dae8445-12e5-423a-bb26-824010e299b9	ensure compliance with legal requirements	skill
779d13be-60b4-48f3-a339-fe483be96c7f	regulatory affairs manager	essential	http://data.europa.eu/esco/skill/f75b740c-b36c-495e-bc67-efe347bbc6b5	company policies	knowledge
779d13be-60b4-48f3-a339-fe483be96c7f	regulatory affairs manager	essential	http://data.europa.eu/esco/skill/949ced5f-7536-4614-ac60-563ffc91a2f2	strategic planning	knowledge
779d13be-60b4-48f3-a339-fe483be96c7f	regulatory affairs manager	essential	http://data.europa.eu/esco/skill/2313b15d-a9a7-4830-9bcc-fd7df79d842b	enforce financial policies	skill
779d13be-60b4-48f3-a339-fe483be96c7f	regulatory affairs manager	essential	http://data.europa.eu/esco/skill/3a5231a0-8c30-48ee-b671-08e2debd4441	organisational policies	knowledge
779d13be-60b4-48f3-a339-fe483be96c7f	regulatory affairs manager	essential	http://data.europa.eu/esco/skill/8bc75dce-beba-40f9-93fc-66c9708ed74b	advise on efficiency improvements	skill
779d13be-60b4-48f3-a339-fe483be96c7f	regulatory affairs manager	essential	http://data.europa.eu/esco/skill/be48353d-25c7-4f86-bea9-7b9e248fbc6e	interpret technical requirements	skill
779d13be-60b4-48f3-a339-fe483be96c7f	regulatory affairs manager	essential	http://data.europa.eu/esco/skill/1af2db15-2af9-44dd-9639-bf1fc69d4c34	manage relationships with stakeholders	skill
779d13be-60b4-48f3-a339-fe483be96c7f	regulatory affairs manager	essential	http://data.europa.eu/esco/skill/3e04e39d-9eb6-4167-ad2d-e3413f647e4e	organise business documents	skill
779d13be-60b4-48f3-a339-fe483be96c7f	regulatory affairs manager	essential	http://data.europa.eu/esco/skill/4cc2ede9-6ad7-44fa-9709-3ec4d3116e48	meet the requirements of legal bodies	skill
779d13be-60b4-48f3-a339-fe483be96c7f	regulatory affairs manager	essential	http://data.europa.eu/esco/skill/633a3637-2c6b-40ae-ac38-289eb2a62aa6	business analysis	knowledge
779d13be-60b4-48f3-a339-fe483be96c7f	regulatory affairs manager	essential	http://data.europa.eu/esco/skill/6ecf7113-c7bb-4747-85a4-9606c74dbe5e	monitor compliance with licensing agreements	skill
779d13be-60b4-48f3-a339-fe483be96c7f	regulatory affairs manager	essential	http://data.europa.eu/esco/skill/0d4471ae-3820-4c23-8566-f44a7bd159b2	prepare licence agreements	skill
779d13be-60b4-48f3-a339-fe483be96c7f	regulatory affairs manager	essential	http://data.europa.eu/esco/skill/6e5b66f0-ff0b-4d18-bce5-ffcd2e7de127	analyse legislation	skill
779d13be-60b4-48f3-a339-fe483be96c7f	regulatory affairs manager	essential	http://data.europa.eu/esco/skill/3d3ee5c3-4286-457f-9f76-1704011f7e11	comply with legal regulations	skill
779d13be-60b4-48f3-a339-fe483be96c7f	regulatory affairs manager	essential	http://data.europa.eu/esco/skill/ba2c6181-b036-40b4-8f6d-51499463ccbb	develop company strategies	skill
779d13be-60b4-48f3-a339-fe483be96c7f	regulatory affairs manager	essential	http://data.europa.eu/esco/skill/f453b1a6-c7db-4d9d-9ba3-47c45159bfe3	ensure products meet regulatory requirements	skill
779d13be-60b4-48f3-a339-fe483be96c7f	regulatory affairs manager	essential	http://data.europa.eu/esco/skill/089bab26-a854-40fb-8c04-5be4f693315a	integrate strategic foundation in daily performance	skill
779d13be-60b4-48f3-a339-fe483be96c7f	regulatory affairs manager	essential	http://data.europa.eu/esco/skill/f7b5d916-52f0-4865-b6a6-e1a3b711cb5e	implement strategic planning	skill
779d13be-60b4-48f3-a339-fe483be96c7f	regulatory affairs manager	essential	http://data.europa.eu/esco/skill/bda0d115-f315-453e-99dc-f8b0e5862db3	ensure compliance with policies	skill
779d13be-60b4-48f3-a339-fe483be96c7f	regulatory affairs manager	essential	http://data.europa.eu/esco/skill/f5bf985b-ac78-4d23-881a-18a359234528	corporate sustainability	knowledge
779d13be-60b4-48f3-a339-fe483be96c7f	regulatory affairs manager	essential	http://data.europa.eu/esco/skill/3254275d-a1b5-4640-9481-02f38780ac35	develop organisational policies	skill
779d13be-60b4-48f3-a339-fe483be96c7f	regulatory affairs manager	optional	http://data.europa.eu/esco/skill/8d4271ca-c9fd-40b3-875f-15f78332a49e	quality standards	knowledge
779d13be-60b4-48f3-a339-fe483be96c7f	regulatory affairs manager	optional	http://data.europa.eu/esco/skill/2d7bf28a-2487-4443-9115-47478080b1a4	hazard analysis and critical control points	knowledge
779d13be-60b4-48f3-a339-fe483be96c7f	regulatory affairs manager	optional	http://data.europa.eu/esco/skill/eaece6b2-97f1-49df-b6b9-1691fb3bf797	analyse legal enforceability	skill
779d13be-60b4-48f3-a339-fe483be96c7f	regulatory affairs manager	optional	http://data.europa.eu/esco/skill/11cbcf7f-8dc3-4c9a-9ec1-37f51b5cbc19	international trade	knowledge
779d13be-60b4-48f3-a339-fe483be96c7f	regulatory affairs manager	optional	http://data.europa.eu/esco/skill/d669af41-756c-48d9-a286-1443253f54b1	tax legislation	knowledge
779d13be-60b4-48f3-a339-fe483be96c7f	regulatory affairs manager	optional	http://data.europa.eu/esco/skill/734d2bf1-c905-46ff-8dba-91a113872033	nuclear legislation	knowledge
779d13be-60b4-48f3-a339-fe483be96c7f	regulatory affairs manager	optional	http://data.europa.eu/esco/skill/2ad081e6-0a3f-4612-ac15-7ace75d39e26	intellectual property law	knowledge
779d13be-60b4-48f3-a339-fe483be96c7f	regulatory affairs manager	optional	http://data.europa.eu/esco/skill/3c6cd54b-e206-47a4-90c8-d19ff4523f34	contact scientists	skill
779d13be-60b4-48f3-a339-fe483be96c7f	regulatory affairs manager	optional	http://data.europa.eu/esco/skill/0bd4c62a-c309-467e-be76-8403b3f3a1a8	financial products	knowledge
779d13be-60b4-48f3-a339-fe483be96c7f	regulatory affairs manager	optional	http://data.europa.eu/esco/skill/7f70572d-f0c1-4039-9954-b57dc69981f6	keep updated on innovations in various business fields	skill
779d13be-60b4-48f3-a339-fe483be96c7f	regulatory affairs manager	optional	http://data.europa.eu/esco/skill/9b862976-aa05-4bde-8ed6-8f39790edd0f	procurement legislation	knowledge
779d13be-60b4-48f3-a339-fe483be96c7f	regulatory affairs manager	optional	http://data.europa.eu/esco/skill/66db424f-2abe-420d-8e5b-186607266b61	corporate social responsibility	knowledge
779d13be-60b4-48f3-a339-fe483be96c7f	regulatory affairs manager	optional	http://data.europa.eu/esco/skill/33a82b83-c838-4889-ae62-fae1317481eb	protect personal data and privacy	skill
779d13be-60b4-48f3-a339-fe483be96c7f	regulatory affairs manager	optional	http://data.europa.eu/esco/skill/36ff57b0-637d-4a83-a0e8-d14f86f9f078	analyse scientific data	skill
779d13be-60b4-48f3-a339-fe483be96c7f	regulatory affairs manager	optional	http://data.europa.eu/esco/skill/66baba7d-178e-4c51-935f-03a9049ff2f6	communicate with banking professionals	skill
779d13be-60b4-48f3-a339-fe483be96c7f	regulatory affairs manager	optional	http://data.europa.eu/esco/skill/e2103a1d-4a84-47a9-b4f7-774787573449	copyright legislation	knowledge
779d13be-60b4-48f3-a339-fe483be96c7f	regulatory affairs manager	optional	http://data.europa.eu/esco/skill/3c209873-c757-47bb-91b5-9b6dc05df116	banking activities	knowledge
779d13be-60b4-48f3-a339-fe483be96c7f	regulatory affairs manager	optional	http://data.europa.eu/esco/skill/d77d7685-04fb-43a4-a1ac-09a10811f646	corporate law	knowledge
779d13be-60b4-48f3-a339-fe483be96c7f	regulatory affairs manager	optional	http://data.europa.eu/esco/skill/5f97fac8-2001-4b81-ae8b-22f9062d921a	identify hazards in the workplace	skill
779d13be-60b4-48f3-a339-fe483be96c7f	regulatory affairs manager	optional	http://data.europa.eu/esco/skill/1349751e-dfb5-492e-89af-e7d9bd2546ac	patents	knowledge
779d13be-60b4-48f3-a339-fe483be96c7f	regulatory affairs manager	optional	http://data.europa.eu/esco/skill/9bb92e10-a5a9-437e-8101-8be2d7f631ff	advise on legal decisions	skill
779d13be-60b4-48f3-a339-fe483be96c7f	regulatory affairs manager	optional	http://data.europa.eu/esco/skill/415f816c-07ae-4ac1-9ddb-ecaa9957a249	law enforcement	knowledge
779d13be-60b4-48f3-a339-fe483be96c7f	regulatory affairs manager	optional	http://data.europa.eu/esco/skill/e4c205f6-55ba-4bed-9c5d-2032058300c0	financial jurisdiction	knowledge
779d13be-60b4-48f3-a339-fe483be96c7f	regulatory affairs manager	optional	http://data.europa.eu/esco/skill/4bd6e2ad-bf69-4198-b3ac-3baabd9da46e	support managers	skill
779d13be-60b4-48f3-a339-fe483be96c7f	regulatory affairs manager	optional	http://data.europa.eu/esco/skill/ea451251-71ab-4f89-8c0d-53344ef7004f	provide legal advice	skill
82f90e87-de92-4678-adae-61d3e5f7e1e4	chief information officer	essential	http://data.europa.eu/esco/skill/415abd43-e8e5-4643-b5da-5f11307af57a	use different communication channels	skill
82f90e87-de92-4678-adae-61d3e5f7e1e4	chief information officer	essential	http://data.europa.eu/esco/skill/0aa02c52-077d-45f8-8c2d-7132c11ac16e	carry out strategic research	skill
82f90e87-de92-4678-adae-61d3e5f7e1e4	chief information officer	essential	http://data.europa.eu/esco/skill/2450c3b3-e78e-435b-b84d-e05d984e71dc	software architecture models	knowledge
82f90e87-de92-4678-adae-61d3e5f7e1e4	chief information officer	essential	http://data.europa.eu/esco/skill/df0612db-366c-4ff5-b106-40b9e385195c	utilise decision support system	skill
82f90e87-de92-4678-adae-61d3e5f7e1e4	chief information officer	essential	http://data.europa.eu/esco/skill/3cfa46e9-b7da-44ac-b09e-9596dffe0425	optimise choice of ICT solution	skill
82f90e87-de92-4678-adae-61d3e5f7e1e4	chief information officer	essential	http://data.europa.eu/esco/skill/501537a7-9d63-491d-ae02-09f04767ff1e	attack vectors	knowledge
82f90e87-de92-4678-adae-61d3e5f7e1e4	chief information officer	essential	http://data.europa.eu/esco/skill/1bba98a7-92b9-450b-9235-e0c905f8f3c4	information architecture	knowledge
82f90e87-de92-4678-adae-61d3e5f7e1e4	chief information officer	essential	http://data.europa.eu/esco/skill/bec4359e-cb92-468f-a997-8fb28e32fba9	ICT project management methodologies	knowledge
82f90e87-de92-4678-adae-61d3e5f7e1e4	chief information officer	essential	http://data.europa.eu/esco/skill/978db6a1-7297-4c89-819a-47605f2c3ba8	manage software releases	skill
82f90e87-de92-4678-adae-61d3e5f7e1e4	chief information officer	essential	http://data.europa.eu/esco/skill/3ce1fe19-7f9e-4070-941d-651673a5693b	decision support systems	knowledge
82f90e87-de92-4678-adae-61d3e5f7e1e4	chief information officer	essential	http://data.europa.eu/esco/skill/7a17d7ce-01a2-4746-bbcc-22ffe22fa16e	monitor technology trends	skill
82f90e87-de92-4678-adae-61d3e5f7e1e4	chief information officer	essential	http://data.europa.eu/esco/skill/69cfc5ed-6569-4aca-a4cc-fd782ba51d9c	implement ICT risk management	skill
82f90e87-de92-4678-adae-61d3e5f7e1e4	chief information officer	essential	http://data.europa.eu/esco/skill/b8271c8a-cba6-4baa-80f5-6361af3f07e3	ensure adherence to organisational ICT standards	skill
82f90e87-de92-4678-adae-61d3e5f7e1e4	chief information officer	essential	http://data.europa.eu/esco/skill/cb1b0777-0388-4b01-a0cf-7c6bbfbbd61d	review development process of an organisation	skill
82f90e87-de92-4678-adae-61d3e5f7e1e4	chief information officer	essential	http://data.europa.eu/esco/skill/909a28ce-d4b6-4567-9b74-d111f1ed9633	maintain plan for continuity of operations	skill
82f90e87-de92-4678-adae-61d3e5f7e1e4	chief information officer	essential	http://data.europa.eu/esco/skill/03ff0d53-573a-47a0-a0ad-1995815a4339	information structure	knowledge
82f90e87-de92-4678-adae-61d3e5f7e1e4	chief information officer	essential	http://data.europa.eu/esco/skill/248894d1-42dc-474f-af6e-2da52ac0c679	define technology strategy	skill
82f90e87-de92-4678-adae-61d3e5f7e1e4	chief information officer	essential	http://data.europa.eu/esco/skill/f2c63b7a-ed6c-4890-9f8c-7685d172624c	implement corporate governance	skill
82f90e87-de92-4678-adae-61d3e5f7e1e4	chief information officer	essential	http://data.europa.eu/esco/skill/8fa840f7-e66a-4370-8e6d-7d554260c31c	forecast future ICT network needs	skill
82f90e87-de92-4678-adae-61d3e5f7e1e4	chief information officer	essential	http://data.europa.eu/esco/skill/b011c8b4-76e1-4bbc-8bb9-1d205e7b618a	market analysis	knowledge
82f90e87-de92-4678-adae-61d3e5f7e1e4	chief information officer	essential	http://data.europa.eu/esco/skill/8ff015a0-98ea-4d80-a23e-1f68110a919e	software design methodologies	knowledge
82f90e87-de92-4678-adae-61d3e5f7e1e4	chief information officer	essential	http://data.europa.eu/esco/skill/09f2f811-a3fb-4de3-a70f-6420a6935575	systems development life-cycle	knowledge
82f90e87-de92-4678-adae-61d3e5f7e1e4	chief information officer	essential	http://data.europa.eu/esco/skill/af607e5e-4ba1-4e5f-a2a6-dc05806567c7	coordinate technological activities	skill
82f90e87-de92-4678-adae-61d3e5f7e1e4	chief information officer	optional	http://data.europa.eu/esco/skill/034c29fa-c3ba-45ea-b8f3-bf8e3705e386	Erlang	knowledge
82f90e87-de92-4678-adae-61d3e5f7e1e4	chief information officer	optional	http://data.europa.eu/esco/skill/401eb8d8-6daa-4f8b-90ad-60afc71eb4f8	Perl	knowledge
82f90e87-de92-4678-adae-61d3e5f7e1e4	chief information officer	optional	http://data.europa.eu/esco/skill/da6393d5-a53c-4863-abc7-51f36281d74e	lean project management	knowledge
82f90e87-de92-4678-adae-61d3e5f7e1e4	chief information officer	optional	http://data.europa.eu/esco/skill/8369ede5-4200-4a44-be2e-bc60ef959259	Microsoft Visual C++	knowledge
82f90e87-de92-4678-adae-61d3e5f7e1e4	chief information officer	optional	http://data.europa.eu/esco/skill/19a8293b-8e95-4de3-983f-77484079c389	Java (computer programming)	knowledge
82f90e87-de92-4678-adae-61d3e5f7e1e4	chief information officer	optional	http://data.europa.eu/esco/skill/00c04e40-35ea-4ed1-824c-82f936c8f876	incremental development	knowledge
82f90e87-de92-4678-adae-61d3e5f7e1e4	chief information officer	optional	http://data.europa.eu/esco/skill/33a82b83-c838-4889-ae62-fae1317481eb	protect personal data and privacy	skill
82f90e87-de92-4678-adae-61d3e5f7e1e4	chief information officer	optional	http://data.europa.eu/esco/skill/d56fc2b5-4b0a-4e7e-9bde-a33736f6ff18	Scratch (computer programming)	knowledge
82f90e87-de92-4678-adae-61d3e5f7e1e4	chief information officer	optional	http://data.europa.eu/esco/skill/4350c38d-0fe9-4ca7-bab9-40ed7f72b04f	PHP	knowledge
82f90e87-de92-4678-adae-61d3e5f7e1e4	chief information officer	optional	http://data.europa.eu/esco/skill/a4d336a6-9ffd-402a-91cc-f359716ba4e0	ML (computer programming)	knowledge
82f90e87-de92-4678-adae-61d3e5f7e1e4	chief information officer	optional	http://data.europa.eu/esco/skill/ccd0a1d9-afda-43d9-b901-96344886e14d	Python (computer programming)	knowledge
82f90e87-de92-4678-adae-61d3e5f7e1e4	chief information officer	optional	http://data.europa.eu/esco/skill/bb99af26-71ff-4dca-bde7-1eb1f6194426	SAP R3	knowledge
82f90e87-de92-4678-adae-61d3e5f7e1e4	chief information officer	optional	http://data.europa.eu/esco/skill/72a74f69-5cf1-43c5-99b9-62a444578919	engineering processes	knowledge
82f90e87-de92-4678-adae-61d3e5f7e1e4	chief information officer	optional	http://data.europa.eu/esco/skill/cc716f65-a0d0-4fba-95d9-64c358f697c0	monitor ICT research	skill
82f90e87-de92-4678-adae-61d3e5f7e1e4	chief information officer	optional	http://data.europa.eu/esco/skill/be727774-46d7-43d7-aee9-1a51b5cd8c71	carry out statistical forecasts	skill
82f90e87-de92-4678-adae-61d3e5f7e1e4	chief information officer	optional	http://data.europa.eu/esco/skill/3cd569a2-4f88-4c1e-9995-8dce8c5e51a7	JavaScript	knowledge
82f90e87-de92-4678-adae-61d3e5f7e1e4	chief information officer	optional	http://data.europa.eu/esco/skill/33d49d4f-31ec-473f-9b8a-b555aa5116bb	iterative development	knowledge
82f90e87-de92-4678-adae-61d3e5f7e1e4	chief information officer	optional	http://data.europa.eu/esco/skill/9973a5a2-7822-4161-99e9-95c781eb63f8	Objective-C	knowledge
82f90e87-de92-4678-adae-61d3e5f7e1e4	chief information officer	optional	http://data.europa.eu/esco/skill/2bde42ae-e776-41c1-9ded-b07b30bfe985	Prolog (computer programming)	knowledge
82f90e87-de92-4678-adae-61d3e5f7e1e4	chief information officer	optional	http://data.europa.eu/esco/skill/dcdd5ddf-82a6-4ac3-8edc-d4b23cae9a88	VBScript	knowledge
82f90e87-de92-4678-adae-61d3e5f7e1e4	chief information officer	optional	http://data.europa.eu/esco/skill/04f1b938-d4d4-4cb1-a863-982af76b9d93	SAS language	knowledge
82f90e87-de92-4678-adae-61d3e5f7e1e4	chief information officer	optional	http://data.europa.eu/esco/skill/ed1d8bd4-cd2a-4c64-b665-56d70651026c	Prototyping development	knowledge
82f90e87-de92-4678-adae-61d3e5f7e1e4	chief information officer	optional	http://data.europa.eu/esco/skill/4c016b68-4116-468c-9dc6-42710c239e4a	C#	knowledge
82f90e87-de92-4678-adae-61d3e5f7e1e4	chief information officer	optional	http://data.europa.eu/esco/skill/42ed3bfb-1a01-4c8b-9758-fc6438865734	Smalltalk (computer programming)	knowledge
82f90e87-de92-4678-adae-61d3e5f7e1e4	chief information officer	optional	http://data.europa.eu/esco/skill/e1e99428-b91b-45e1-8ede-ed0cbf161930	establish an ICT customer support process	skill
82f90e87-de92-4678-adae-61d3e5f7e1e4	chief information officer	optional	http://data.europa.eu/esco/skill/8696aff0-18c0-4ba6-a4d0-9a21861b3e5e	World Wide Web Consortium standards	knowledge
82f90e87-de92-4678-adae-61d3e5f7e1e4	chief information officer	optional	http://data.europa.eu/esco/skill/def007fa-5fed-4a5f-91a2-b0d7e3db1be1	COBOL	knowledge
82f90e87-de92-4678-adae-61d3e5f7e1e4	chief information officer	optional	http://data.europa.eu/esco/skill/6a876489-7ad8-4a13-b09c-c9b8e97a302e	Waterfall development	knowledge
82f90e87-de92-4678-adae-61d3e5f7e1e4	chief information officer	optional	http://data.europa.eu/esco/skill/0ccdfe98-f845-4598-84a1-3dca66e9d9a3	Ruby (computer programming)	knowledge
82f90e87-de92-4678-adae-61d3e5f7e1e4	chief information officer	optional	http://data.europa.eu/esco/skill/0de61385-de6d-4146-ba32-1cc1bc102220	Lisp	knowledge
82f90e87-de92-4678-adae-61d3e5f7e1e4	chief information officer	optional	http://data.europa.eu/esco/skill/339ac029-066a-4985-9f9d-b3d7c8fea0bb	manage staff	skill
82f90e87-de92-4678-adae-61d3e5f7e1e4	chief information officer	optional	http://data.europa.eu/esco/skill/c453cf81-6197-428e-84c6-70c773b63f27	ICT architectural frameworks	knowledge
82f90e87-de92-4678-adae-61d3e5f7e1e4	chief information officer	optional	http://data.europa.eu/esco/skill/000f1d3d-220f-4789-9c0a-cc742521fb02	Haskell	knowledge
82f90e87-de92-4678-adae-61d3e5f7e1e4	chief information officer	optional	http://data.europa.eu/esco/skill/867137fb-ff1b-4ca3-99f3-cb6969aa2c68	TypeScript	knowledge
82f90e87-de92-4678-adae-61d3e5f7e1e4	chief information officer	optional	http://data.europa.eu/esco/skill/51586df8-1c46-4b47-8583-773cb63bf00b	R	knowledge
82f90e87-de92-4678-adae-61d3e5f7e1e4	chief information officer	optional	http://data.europa.eu/esco/skill/b4dc6e4f-dc7d-445f-8ce2-d7b9d225e282	AJAX	knowledge
82f90e87-de92-4678-adae-61d3e5f7e1e4	chief information officer	optional	http://data.europa.eu/esco/skill/13bdd41a-2a18-441f-96db-41252c519413	Visual Basic	knowledge
82f90e87-de92-4678-adae-61d3e5f7e1e4	chief information officer	optional	http://data.europa.eu/esco/skill/21d2f96d-35f7-4e3f-9745-c533d2dd6e97	computer programming	knowledge
82f90e87-de92-4678-adae-61d3e5f7e1e4	chief information officer	optional	http://data.europa.eu/esco/skill/71c2f41e-14de-4b23-82ad-5dbcd54ba5b0	deploy ICT systems	skill
82f90e87-de92-4678-adae-61d3e5f7e1e4	chief information officer	optional	http://data.europa.eu/esco/skill/e8b89eb6-51e8-4c3a-babb-88b2e110376b	Pascal (computer programming)	knowledge
82f90e87-de92-4678-adae-61d3e5f7e1e4	chief information officer	optional	http://data.europa.eu/esco/skill/300d432b-f457-4cd3-9cb1-1858c7d14954	OpenEdge Advanced Business Language	knowledge
82f90e87-de92-4678-adae-61d3e5f7e1e4	chief information officer	optional	http://data.europa.eu/esco/skill/d5a59ca8-2e91-472e-8571-d12ce4478679	Process-based management	knowledge
82f90e87-de92-4678-adae-61d3e5f7e1e4	chief information officer	optional	http://data.europa.eu/esco/skill/993b1e23-f2de-4bd8-b33f-f86dde1c8e9d	CoffeeScript	knowledge
82f90e87-de92-4678-adae-61d3e5f7e1e4	chief information officer	optional	http://data.europa.eu/esco/skill/be80acfc-b6f2-4411-9b8d-b19d9cd2556a	Swift (computer programming)	knowledge
82f90e87-de92-4678-adae-61d3e5f7e1e4	chief information officer	optional	http://data.europa.eu/esco/skill/58d7a289-dafd-4363-833f-d1dc4140885e	APL	knowledge
82f90e87-de92-4678-adae-61d3e5f7e1e4	chief information officer	optional	http://data.europa.eu/esco/skill/83b33952-3872-46ec-9a2e-b28f91303a7e	oversee development of software	skill
82f90e87-de92-4678-adae-61d3e5f7e1e4	chief information officer	optional	http://data.europa.eu/esco/skill/14d1e367-3efe-4ec5-86ae-eca48710ee4e	implement ICT security policies	skill
82f90e87-de92-4678-adae-61d3e5f7e1e4	chief information officer	optional	http://data.europa.eu/esco/skill/eb0e5615-1575-4a86-a1a2-7d39595033c5	ABAP	knowledge
82f90e87-de92-4678-adae-61d3e5f7e1e4	chief information officer	optional	http://data.europa.eu/esco/skill/47b9bbcf-356c-4782-83a4-7f5a1b2b51a3	Assembly (computer programming)	knowledge
82f90e87-de92-4678-adae-61d3e5f7e1e4	chief information officer	optional	http://data.europa.eu/esco/skill/dba46f87-0831-49cd-a1c7-340a653c0221	Agile development	knowledge
82f90e87-de92-4678-adae-61d3e5f7e1e4	chief information officer	optional	http://data.europa.eu/esco/skill/0cd6dcf1-5778-42a5-b685-4d01ae4a4871	Common Lisp	knowledge
82f90e87-de92-4678-adae-61d3e5f7e1e4	chief information officer	optional	http://data.europa.eu/esco/skill/f0de4973-0a70-4644-8fd4-3a97080476f4	DevOps	knowledge
82f90e87-de92-4678-adae-61d3e5f7e1e4	chief information officer	optional	http://data.europa.eu/esco/skill/4840338b-ac6c-486a-be1d-9ddfe00b8bdf	Spiral development	knowledge
82f90e87-de92-4678-adae-61d3e5f7e1e4	chief information officer	optional	http://data.europa.eu/esco/skill/5063a99f-975b-4a7c-85e3-69ecb375b4d3	internet governance	knowledge
82f90e87-de92-4678-adae-61d3e5f7e1e4	chief information officer	optional	http://data.europa.eu/esco/skill/ffddfc7c-a9dd-449f-9e96-882dc447c8b6	Scala	knowledge
82f90e87-de92-4678-adae-61d3e5f7e1e4	chief information officer	optional	http://data.europa.eu/esco/skill/0868eef3-2213-4572-9343-74931345a7d3	administer ICT system	skill
82f90e87-de92-4678-adae-61d3e5f7e1e4	chief information officer	optional	http://data.europa.eu/esco/skill/71717c33-dd63-4acf-b052-a5fd5d9fc490	ensure information privacy	skill
82f90e87-de92-4678-adae-61d3e5f7e1e4	chief information officer	optional	http://data.europa.eu/esco/skill/21c5790c-0930-4d74-b3b0-84caf5af12ea	manage budgets	skill
82f90e87-de92-4678-adae-61d3e5f7e1e4	chief information officer	optional	http://data.europa.eu/esco/skill/96eb286a-58b7-45ff-a916-5578d0b79b8c	Rapid application development	knowledge
82f90e87-de92-4678-adae-61d3e5f7e1e4	chief information officer	optional	http://data.europa.eu/esco/skill/397da142-ab35-48fe-b154-7c38f447adfb	digital systems	knowledge
82f90e87-de92-4678-adae-61d3e5f7e1e4	chief information officer	optional	http://data.europa.eu/esco/skill/b91535d7-1265-455d-a565-901e2eafa883	lead technology development of an organisation	skill
82f90e87-de92-4678-adae-61d3e5f7e1e4	chief information officer	optional	http://data.europa.eu/esco/skill/52cf3037-ab53-4806-85ed-7fd21ea7f6a1	Groovy	knowledge
82f90e87-de92-4678-adae-61d3e5f7e1e4	chief information officer	optional	http://data.europa.eu/esco/skill/56a7f561-1d55-43c9-9cd7-36a0a9bc6c50	ASP.NET	knowledge
82f90e87-de92-4678-adae-61d3e5f7e1e4	chief information officer	optional	http://data.europa.eu/esco/skill/0a9acb6b-1139-4be9-b431-3a80a959f2f4	Agile project management	knowledge
82f90e87-de92-4678-adae-61d3e5f7e1e4	chief information officer	optional	http://data.europa.eu/esco/skill/b633eb55-8f1f-4ae6-ab4c-2022ffe2cb7f	C++	knowledge
82f90e87-de92-4678-adae-61d3e5f7e1e4	chief information officer	optional	http://data.europa.eu/esco/skill/c3a03c5a-c260-4c26-9b9a-873abb396f4d	MATLAB	knowledge
14eb2c85-fce5-40b6-bcd0-46ac99994b0d	medical records clerk	essential	http://data.europa.eu/esco/skill/76395873-7fe2-4f9a-b4b6-9932f8cbd0b4	follow clinical guidelines	skill
14eb2c85-fce5-40b6-bcd0-46ac99994b0d	medical records clerk	essential	http://data.europa.eu/esco/skill/98eb1f3b-3480-416b-bd4b-811946f7e347	comply with quality standards related to healthcare practice	skill
14eb2c85-fce5-40b6-bcd0-46ac99994b0d	medical records clerk	essential	http://data.europa.eu/esco/skill/cf0b92de-4bd0-46ee-b383-7765b4cbcac9	clinical coding	knowledge
14eb2c85-fce5-40b6-bcd0-46ac99994b0d	medical records clerk	essential	http://data.europa.eu/esco/skill/51ece34f-c24e-4183-9bf4-9b6f28748aec	maintain healthcare user data confidentiality	skill
14eb2c85-fce5-40b6-bcd0-46ac99994b0d	medical records clerk	essential	http://data.europa.eu/esco/skill/cf3e976d-2c3e-495c-a874-f9e8a66d3b48	perform backups	skill
14eb2c85-fce5-40b6-bcd0-46ac99994b0d	medical records clerk	essential	http://data.europa.eu/esco/skill/2e040fb0-66b9-4529-bec6-466472b60773	archive healthcare users' records	skill
14eb2c85-fce5-40b6-bcd0-46ac99994b0d	medical records clerk	essential	http://data.europa.eu/esco/skill/d181042e-c531-4461-af7c-4071c53418fe	type on electronic devices	skill
14eb2c85-fce5-40b6-bcd0-46ac99994b0d	medical records clerk	essential	http://data.europa.eu/esco/skill/a7f0fbe0-c546-4f30-8e41-34a58c64567e	data storage	knowledge
14eb2c85-fce5-40b6-bcd0-46ac99994b0d	medical records clerk	essential	http://data.europa.eu/esco/skill/ea1bf5e5-e7f0-4d2c-a415-1c39c00512b1	document management	knowledge
14eb2c85-fce5-40b6-bcd0-46ac99994b0d	medical records clerk	essential	http://data.europa.eu/esco/skill/aa238394-8126-4ada-be2f-9dfe065cf314	adhere to organisational guidelines	skill
14eb2c85-fce5-40b6-bcd0-46ac99994b0d	medical records clerk	essential	http://data.europa.eu/esco/skill/d3eccb86-f02d-4950-bfbd-20b9510774a1	apply organisational techniques	skill
14eb2c85-fce5-40b6-bcd0-46ac99994b0d	medical records clerk	essential	http://data.europa.eu/esco/skill/fa3e5cec-703e-4d46-b3bb-e8a89540ab54	manage digital archives	skill
14eb2c85-fce5-40b6-bcd0-46ac99994b0d	medical records clerk	essential	http://data.europa.eu/esco/skill/4d614c92-0c48-4a11-a5ed-416b34fd50d2	manage healthcare users' data	skill
14eb2c85-fce5-40b6-bcd0-46ac99994b0d	medical records clerk	essential	http://data.europa.eu/esco/skill/53141450-2fa9-4890-a64e-7ffd4e1144be	use electronic health records management system	skill
14eb2c85-fce5-40b6-bcd0-46ac99994b0d	medical records clerk	essential	http://data.europa.eu/esco/skill/9ec07ba9-f876-4dce-92b1-9e0cd68aa969	identify patients' medical records	skill
14eb2c85-fce5-40b6-bcd0-46ac99994b0d	medical records clerk	essential	http://data.europa.eu/esco/skill/9a7cc3c2-b529-44a4-ab8e-f04fc91362e2	professional documentation in health care	knowledge
14eb2c85-fce5-40b6-bcd0-46ac99994b0d	medical records clerk	essential	http://data.europa.eu/esco/skill/7d08e3cd-3a68-4568-8273-5b53ac0cbc71	collect healthcare user's general data	skill
14eb2c85-fce5-40b6-bcd0-46ac99994b0d	medical records clerk	essential	http://data.europa.eu/esco/skill/2806260f-6399-4add-8f11-070141423f9d	medical terminology	knowledge
14eb2c85-fce5-40b6-bcd0-46ac99994b0d	medical records clerk	essential	http://data.europa.eu/esco/skill/eba85523-6ad2-4cd9-9b27-a0b6a39b8cfa	work in multidisciplinary health teams	skill
14eb2c85-fce5-40b6-bcd0-46ac99994b0d	medical records clerk	essential	http://data.europa.eu/esco/skill/1fe4c04b-30b6-4d6e-8588-458a145145a3	display medical problems	skill
14eb2c85-fce5-40b6-bcd0-46ac99994b0d	medical records clerk	essential	http://data.europa.eu/esco/skill/9b63d92b-5a3a-46b0-b2ba-c98b39ea5aaf	health care system	knowledge
14eb2c85-fce5-40b6-bcd0-46ac99994b0d	medical records clerk	essential	http://data.europa.eu/esco/skill/43ae58b9-5e56-4524-b45a-b422777a0576	database	knowledge
14eb2c85-fce5-40b6-bcd0-46ac99994b0d	medical records clerk	essential	http://data.europa.eu/esco/skill/5d7890d5-d229-4b79-a5da-6819e38a52b6	health records management	knowledge
14eb2c85-fce5-40b6-bcd0-46ac99994b0d	medical records clerk	essential	http://data.europa.eu/esco/skill/49ef9f4c-3577-4780-ba2f-d068d1cde7bb	administrative tasks in a medical environment	knowledge
14eb2c85-fce5-40b6-bcd0-46ac99994b0d	medical records clerk	essential	http://data.europa.eu/esco/skill/f2d57f41-43b4-4f5b-8100-3df5c21eda50	process data	skill
14eb2c85-fce5-40b6-bcd0-46ac99994b0d	medical records clerk	essential	http://data.europa.eu/esco/skill/b22828a8-18e7-4639-8fbd-f2b33594382d	collect statistics on medical records	skill
14eb2c85-fce5-40b6-bcd0-46ac99994b0d	medical records clerk	essential	http://data.europa.eu/esco/skill/f022b5ff-8496-4722-a7a3-ef3c072f01f6	perform clinical coding procedures	skill
14eb2c85-fce5-40b6-bcd0-46ac99994b0d	medical records clerk	essential	http://data.europa.eu/esco/skill/048f04c9-83b1-48cd-9ac9-16a433695a61	deliver case notes	skill
14eb2c85-fce5-40b6-bcd0-46ac99994b0d	medical records clerk	essential	http://data.europa.eu/esco/skill/1709f408-9965-489b-9805-8e1e5d9e483b	health care legislation	knowledge
14eb2c85-fce5-40b6-bcd0-46ac99994b0d	medical records clerk	essential	http://data.europa.eu/esco/skill/b21e2984-c6b2-4352-bbe8-8f3b03bd50f6	medical informatics	knowledge
14eb2c85-fce5-40b6-bcd0-46ac99994b0d	medical records clerk	optional	http://data.europa.eu/esco/skill/7ff2c668-0e86-418a-a962-4958262ee337	use communication techniques	skill
14eb2c85-fce5-40b6-bcd0-46ac99994b0d	medical records clerk	optional	http://data.europa.eu/esco/skill/d70701ca-d3be-44cb-963e-8e7142555144	transfer medical information	skill
14eb2c85-fce5-40b6-bcd0-46ac99994b0d	medical records clerk	optional	http://data.europa.eu/esco/skill/0da516ee-e70e-4384-be13-f5ff80be8127	communicate with customers	skill
14eb2c85-fce5-40b6-bcd0-46ac99994b0d	medical records clerk	optional	http://data.europa.eu/esco/skill/7110bf9f-b245-4adc-9159-5081013fd64d	communicate in healthcare	skill
14eb2c85-fce5-40b6-bcd0-46ac99994b0d	medical records clerk	optional	http://data.europa.eu/esco/skill/4463a721-69f3-413d-8321-43e3af13a4f1	use databases	skill
14eb2c85-fce5-40b6-bcd0-46ac99994b0d	medical records clerk	optional	http://data.europa.eu/esco/skill/60c544c9-0815-479c-bcec-93c7891815ea	pharmacology	knowledge
14eb2c85-fce5-40b6-bcd0-46ac99994b0d	medical records clerk	optional	http://data.europa.eu/esco/skill/15a33d76-4640-438d-ae64-fdc0c1d3eebc	customer service	knowledge
14eb2c85-fce5-40b6-bcd0-46ac99994b0d	medical records clerk	optional	http://data.europa.eu/esco/skill/30b1f3e1-1586-4d41-aa02-e2ab021b5164	handle paperwork	skill
14eb2c85-fce5-40b6-bcd0-46ac99994b0d	medical records clerk	optional	http://data.europa.eu/esco/skill/d5e9b47e-580f-41e7-bc6c-e7345566fcb4	review patient's medical data	skill
14eb2c85-fce5-40b6-bcd0-46ac99994b0d	medical records clerk	optional	http://data.europa.eu/esco/skill/fb15ca73-68fb-41db-a235-0b61d7d9021e	participate in medical records' auditing activities	skill
14eb2c85-fce5-40b6-bcd0-46ac99994b0d	medical records clerk	optional	http://data.europa.eu/esco/skill/38cd93b5-af8a-4528-a0f0-f8439ccb4b09	answer patients' questions	skill
14eb2c85-fce5-40b6-bcd0-46ac99994b0d	medical records clerk	optional	http://data.europa.eu/esco/skill/b55f61a4-5f9e-4741-ba95-9ac04b64119b	work in a multicultural environment in health care	skill
14eb2c85-fce5-40b6-bcd0-46ac99994b0d	medical records clerk	optional	http://data.europa.eu/esco/skill/c6c0ceda-a2b6-4f8f-8d31-e259933300dc	communicate in foreign languages with health service providers	skill
14eb2c85-fce5-40b6-bcd0-46ac99994b0d	medical records clerk	optional	http://data.europa.eu/esco/skill/819c55a7-8bc7-423a-9b3b-7adf5a6e6a5b	send samples to laboratory	skill
14eb2c85-fce5-40b6-bcd0-46ac99994b0d	medical records clerk	optional	http://data.europa.eu/esco/skill/53d45a18-6c15-4c50-821c-d116ae0611ec	medical studies	knowledge
14eb2c85-fce5-40b6-bcd0-46ac99994b0d	medical records clerk	optional	http://data.europa.eu/esco/skill/b769f524-0f25-44d7-8538-5c46710a040e	manage digital documents	skill
983c2816-a339-4817-97f4-151a9ff3e64d	medical records manager	essential	http://data.europa.eu/esco/skill/5d7890d5-d229-4b79-a5da-6819e38a52b6	health records management	knowledge
983c2816-a339-4817-97f4-151a9ff3e64d	medical records manager	essential	http://data.europa.eu/esco/skill/f022b5ff-8496-4722-a7a3-ef3c072f01f6	perform clinical coding procedures	skill
983c2816-a339-4817-97f4-151a9ff3e64d	medical records manager	essential	http://data.europa.eu/esco/skill/d3eccb86-f02d-4950-bfbd-20b9510774a1	apply organisational techniques	skill
983c2816-a339-4817-97f4-151a9ff3e64d	medical records manager	essential	http://data.europa.eu/esco/skill/6c3e28d6-e3cc-4b25-a5da-a0dce043cf17	manage information in health care	skill
983c2816-a339-4817-97f4-151a9ff3e64d	medical records manager	essential	http://data.europa.eu/esco/skill/ea1bf5e5-e7f0-4d2c-a415-1c39c00512b1	document management	knowledge
983c2816-a339-4817-97f4-151a9ff3e64d	medical records manager	essential	http://data.europa.eu/esco/skill/9ec07ba9-f876-4dce-92b1-9e0cd68aa969	identify patients' medical records	skill
983c2816-a339-4817-97f4-151a9ff3e64d	medical records manager	essential	http://data.europa.eu/esco/skill/b22828a8-18e7-4639-8fbd-f2b33594382d	collect statistics on medical records	skill
983c2816-a339-4817-97f4-151a9ff3e64d	medical records manager	essential	http://data.europa.eu/esco/skill/b21e2984-c6b2-4352-bbe8-8f3b03bd50f6	medical informatics	knowledge
983c2816-a339-4817-97f4-151a9ff3e64d	medical records manager	essential	http://data.europa.eu/esco/skill/a7f0fbe0-c546-4f30-8e41-34a58c64567e	data storage	knowledge
983c2816-a339-4817-97f4-151a9ff3e64d	medical records manager	essential	http://data.europa.eu/esco/skill/9a7cc3c2-b529-44a4-ab8e-f04fc91362e2	professional documentation in health care	knowledge
983c2816-a339-4817-97f4-151a9ff3e64d	medical records manager	essential	http://data.europa.eu/esco/skill/4d614c92-0c48-4a11-a5ed-416b34fd50d2	manage healthcare users' data	skill
983c2816-a339-4817-97f4-151a9ff3e64d	medical records manager	essential	http://data.europa.eu/esco/skill/fb15ca73-68fb-41db-a235-0b61d7d9021e	participate in medical records' auditing activities	skill
983c2816-a339-4817-97f4-151a9ff3e64d	medical records manager	essential	http://data.europa.eu/esco/skill/43ae58b9-5e56-4524-b45a-b422777a0576	database	knowledge
983c2816-a339-4817-97f4-151a9ff3e64d	medical records manager	essential	http://data.europa.eu/esco/skill/7110bf9f-b245-4adc-9159-5081013fd64d	communicate in healthcare	skill
983c2816-a339-4817-97f4-151a9ff3e64d	medical records manager	essential	http://data.europa.eu/esco/skill/9fcf9918-fdef-49c3-aedc-518eb1e7e1f5	comply with legislation related to health care	skill
983c2816-a339-4817-97f4-151a9ff3e64d	medical records manager	essential	http://data.europa.eu/esco/skill/496932f1-0b6b-4f73-9432-d95c7ddcd43b	recruit employees	skill
983c2816-a339-4817-97f4-151a9ff3e64d	medical records manager	essential	http://data.europa.eu/esco/skill/9601b2a8-68e4-4906-9306-a23679b8f0b0	supervise staff	skill
983c2816-a339-4817-97f4-151a9ff3e64d	medical records manager	essential	http://data.europa.eu/esco/skill/fa3e5cec-703e-4d46-b3bb-e8a89540ab54	manage digital archives	skill
983c2816-a339-4817-97f4-151a9ff3e64d	medical records manager	essential	http://data.europa.eu/esco/skill/16636767-c215-4cf0-b126-e144fea20926	use e-health and mobile health technologies	skill
983c2816-a339-4817-97f4-151a9ff3e64d	medical records manager	essential	http://data.europa.eu/esco/skill/b55f61a4-5f9e-4741-ba95-9ac04b64119b	work in a multicultural environment in health care	skill
983c2816-a339-4817-97f4-151a9ff3e64d	medical records manager	essential	http://data.europa.eu/esco/skill/2e040fb0-66b9-4529-bec6-466472b60773	archive healthcare users' records	skill
983c2816-a339-4817-97f4-151a9ff3e64d	medical records manager	essential	http://data.europa.eu/esco/skill/1709f408-9965-489b-9805-8e1e5d9e483b	health care legislation	knowledge
983c2816-a339-4817-97f4-151a9ff3e64d	medical records manager	essential	http://data.europa.eu/esco/skill/eba85523-6ad2-4cd9-9b27-a0b6a39b8cfa	work in multidisciplinary health teams	skill
983c2816-a339-4817-97f4-151a9ff3e64d	medical records manager	essential	http://data.europa.eu/esco/skill/6ec33857-420a-411b-a313-e8946de36357	healthcare administration	knowledge
983c2816-a339-4817-97f4-151a9ff3e64d	medical records manager	essential	http://data.europa.eu/esco/skill/76395873-7fe2-4f9a-b4b6-9932f8cbd0b4	follow clinical guidelines	skill
983c2816-a339-4817-97f4-151a9ff3e64d	medical records manager	essential	http://data.europa.eu/esco/skill/d4f9906e-3b22-4c27-9b32-1c1f457ced44	oversee record management	skill
983c2816-a339-4817-97f4-151a9ff3e64d	medical records manager	essential	http://data.europa.eu/esco/skill/add39442-b8ca-4412-8156-391db53b0c5d	manage healthcare staff	knowledge
983c2816-a339-4817-97f4-151a9ff3e64d	medical records manager	essential	http://data.europa.eu/esco/skill/cf0b92de-4bd0-46ee-b383-7765b4cbcac9	clinical coding	knowledge
983c2816-a339-4817-97f4-151a9ff3e64d	medical records manager	essential	http://data.europa.eu/esco/skill/0c8c1e58-1c48-4efc-9359-9a28f803c52d	undertake clinical audit	skill
983c2816-a339-4817-97f4-151a9ff3e64d	medical records manager	essential	http://data.europa.eu/esco/skill/53141450-2fa9-4890-a64e-7ffd4e1144be	use electronic health records management system	skill
983c2816-a339-4817-97f4-151a9ff3e64d	medical records manager	optional	http://data.europa.eu/esco/skill/9013b46e-5a9b-4929-8918-fcadfdfd37ce	supervise daily information operations	skill
983c2816-a339-4817-97f4-151a9ff3e64d	medical records manager	optional	http://data.europa.eu/esco/skill/38cd93b5-af8a-4528-a0f0-f8439ccb4b09	answer patients' questions	skill
983c2816-a339-4817-97f4-151a9ff3e64d	medical records manager	optional	http://data.europa.eu/esco/skill/2ff405ec-f59c-4a7b-84b6-9776a49582c4	bookkeeping regulations	knowledge
983c2816-a339-4817-97f4-151a9ff3e64d	medical records manager	optional	http://data.europa.eu/esco/skill/d5e9b47e-580f-41e7-bc6c-e7345566fcb4	review patient's medical data	skill
983c2816-a339-4817-97f4-151a9ff3e64d	medical records manager	optional	http://data.europa.eu/esco/skill/3adb8e1f-ea24-4d8a-ba91-a78bf97ab87e	record treated patient's information	skill
983c2816-a339-4817-97f4-151a9ff3e64d	medical records manager	optional	http://data.europa.eu/esco/skill/b394396b-fa83-4e35-b51c-789349f8c3d1	patient record storage	knowledge
983c2816-a339-4817-97f4-151a9ff3e64d	medical records manager	optional	http://data.europa.eu/esco/skill/cf3e976d-2c3e-495c-a874-f9e8a66d3b48	perform backups	skill
983c2816-a339-4817-97f4-151a9ff3e64d	medical records manager	optional	http://data.europa.eu/esco/skill/d0d3c335-5a7b-4856-a940-2057ea2c9e7b	maintain treatment records	skill
983c2816-a339-4817-97f4-151a9ff3e64d	medical records manager	optional	http://data.europa.eu/esco/skill/6eff134b-e34f-4d6e-a6e8-5e47cf2228d0	risk management	knowledge
983c2816-a339-4817-97f4-151a9ff3e64d	medical records manager	optional	http://data.europa.eu/esco/skill/51ece34f-c24e-4183-9bf4-9b6f28748aec	maintain healthcare user data confidentiality	skill
983c2816-a339-4817-97f4-151a9ff3e64d	medical records manager	optional	http://data.europa.eu/esco/skill/7d08e3cd-3a68-4568-8273-5b53ac0cbc71	collect healthcare user's general data	skill
983c2816-a339-4817-97f4-151a9ff3e64d	medical records manager	optional	http://data.europa.eu/esco/skill/1b7d5366-516a-4e3a-8ff0-e3f7973c00a7	monitor regulations in social services	skill
983c2816-a339-4817-97f4-151a9ff3e64d	medical records manager	optional	http://data.europa.eu/esco/skill/9b9c1749-786a-42d5-a904-a1bcd9865d86	meet the requirements of social security reimbursement bodies	skill
983c2816-a339-4817-97f4-151a9ff3e64d	medical records manager	optional	http://data.europa.eu/esco/skill/66d47084-9437-48b2-819b-c4c8214ed650	interview people	skill
983c2816-a339-4817-97f4-151a9ff3e64d	medical records manager	optional	http://data.europa.eu/esco/skill/fd02e17b-05ea-4449-963d-95273199159d	formulate a treatment plan	skill
983c2816-a339-4817-97f4-151a9ff3e64d	medical records manager	optional	http://data.europa.eu/esco/skill/d70701ca-d3be-44cb-963e-8e7142555144	transfer medical information	skill
983c2816-a339-4817-97f4-151a9ff3e64d	medical records manager	optional	http://data.europa.eu/esco/skill/21c5790c-0930-4d74-b3b0-84caf5af12ea	manage budgets	skill
983c2816-a339-4817-97f4-151a9ff3e64d	medical records manager	optional	http://data.europa.eu/esco/skill/7d0da710-7fb9-4291-abbe-5e359c8339d0	record healthcare users' billing information	skill
983c2816-a339-4817-97f4-151a9ff3e64d	medical records manager	optional	http://data.europa.eu/esco/skill/2806260f-6399-4add-8f11-070141423f9d	medical terminology	knowledge
983c2816-a339-4817-97f4-151a9ff3e64d	medical records manager	optional	http://data.europa.eu/esco/skill/12428071-1ec8-4d52-a0ce-3eee78e1e1be	perform records management	skill
983c2816-a339-4817-97f4-151a9ff3e64d	medical records manager	optional	http://data.europa.eu/esco/skill/8b9332c7-2551-4527-9a64-a615713d8b02	evaluate employees	skill
983c2816-a339-4817-97f4-151a9ff3e64d	medical records manager	optional	http://data.europa.eu/esco/skill/f2d57f41-43b4-4f5b-8100-3df5c21eda50	process data	skill
983c2816-a339-4817-97f4-151a9ff3e64d	medical records manager	optional	http://data.europa.eu/esco/skill/51e53aff-6f8a-42ca-9cb9-47335130f4d7	human physiology	knowledge
983c2816-a339-4817-97f4-151a9ff3e64d	medical records manager	optional	http://data.europa.eu/esco/skill/9ec4252d-cbe8-4134-88fa-549dee1883f3	human anatomy	knowledge
983c2816-a339-4817-97f4-151a9ff3e64d	medical records manager	optional	http://data.europa.eu/esco/skill/5c5dae25-f511-4bdd-bbd4-572ab3e6e962	advise on medical records	skill
983c2816-a339-4817-97f4-151a9ff3e64d	medical records manager	optional	http://data.europa.eu/esco/skill/15a33d76-4640-438d-ae64-fdc0c1d3eebc	customer service	knowledge
983c2816-a339-4817-97f4-151a9ff3e64d	medical records manager	optional	http://data.europa.eu/esco/skill/9b63d92b-5a3a-46b0-b2ba-c98b39ea5aaf	health care system	knowledge
983c2816-a339-4817-97f4-151a9ff3e64d	medical records manager	optional	http://data.europa.eu/esco/skill/7add3681-17b6-4027-8a9d-ee92d2b96a42	manage workflow processes	skill
1619d7f3-7d95-407c-a20e-47745bfcde73	data protection officer	essential	http://data.europa.eu/esco/skill/c362f415-9cdf-4328-9cf0-651443857a48	advise on government policy compliance	skill
1619d7f3-7d95-407c-a20e-47745bfcde73	data protection officer	essential	http://data.europa.eu/esco/skill/c7e686a1-d03e-4641-a229-68247fdc5887	legal terminology	knowledge
1619d7f3-7d95-407c-a20e-47745bfcde73	data protection officer	essential	http://data.europa.eu/esco/skill/7814e88f-c133-4c3b-b27f-857afa145d42	ICT security legislation	knowledge
1619d7f3-7d95-407c-a20e-47745bfcde73	data protection officer	essential	http://data.europa.eu/esco/skill/11eebd42-44ab-401d-8a2c-bdb9fc9beb50	information security strategy	knowledge
1619d7f3-7d95-407c-a20e-47745bfcde73	data protection officer	essential	http://data.europa.eu/esco/skill/097c6a36-f031-4d3e-b5c1-62d6ffcb430b	respect data protection principles	skill
1619d7f3-7d95-407c-a20e-47745bfcde73	data protection officer	essential	http://data.europa.eu/esco/skill/0daaf096-1639-461c-bf1a-bbeea77e6b67	internal risk management policy	knowledge
1619d7f3-7d95-407c-a20e-47745bfcde73	data protection officer	essential	http://data.europa.eu/esco/skill/a89a94fb-c417-49b4-a9a9-9a22e0f12697	manage data for legal matters	skill
1619d7f3-7d95-407c-a20e-47745bfcde73	data protection officer	essential	http://data.europa.eu/esco/skill/86d2e2ea-1ba2-4aa6-b465-8a1f9abc81b8	apply information security policies	skill
1619d7f3-7d95-407c-a20e-47745bfcde73	data protection officer	essential	http://data.europa.eu/esco/skill/8088750d-8388-4170-a76f-48354c469c44	cyber security	knowledge
1619d7f3-7d95-407c-a20e-47745bfcde73	data protection officer	essential	http://data.europa.eu/esco/skill/14d1e367-3efe-4ec5-86ae-eca48710ee4e	implement ICT security policies	skill
1619d7f3-7d95-407c-a20e-47745bfcde73	data protection officer	essential	http://data.europa.eu/esco/skill/a56dec32-05ef-45de-a256-ee6741f356db	information confidentiality	knowledge
1619d7f3-7d95-407c-a20e-47745bfcde73	data protection officer	essential	http://data.europa.eu/esco/skill/082967d4-b94c-4305-aa13-35a6aa8c5c7c	cooperate with colleagues	skill
1619d7f3-7d95-407c-a20e-47745bfcde73	data protection officer	essential	http://data.europa.eu/esco/skill/33a82b83-c838-4889-ae62-fae1317481eb	protect personal data and privacy	skill
1619d7f3-7d95-407c-a20e-47745bfcde73	data protection officer	essential	http://data.europa.eu/esco/skill/71717c33-dd63-4acf-b052-a5fd5d9fc490	ensure information privacy	skill
1619d7f3-7d95-407c-a20e-47745bfcde73	data protection officer	essential	http://data.europa.eu/esco/skill/e9575f7f-053a-439e-8074-f93df3334e92	data ethics	knowledge
1619d7f3-7d95-407c-a20e-47745bfcde73	data protection officer	essential	http://data.europa.eu/esco/skill/b9bf9e17-ae47-417b-bbb1-e8b7c263ccac	identify legal requirements	skill
1619d7f3-7d95-407c-a20e-47745bfcde73	data protection officer	essential	http://data.europa.eu/esco/skill/414332e4-8347-4771-b947-65bd3801a620	use consulting techniques	skill
1619d7f3-7d95-407c-a20e-47745bfcde73	data protection officer	essential	http://data.europa.eu/esco/skill/517f678e-001b-4985-acb4-9edc3500d74c	develop training programmes	skill
1619d7f3-7d95-407c-a20e-47745bfcde73	data protection officer	essential	http://data.europa.eu/esco/skill/87cadd76-4e3a-47e5-b66d-559fbc1e8993	respond to enquiries	skill
1619d7f3-7d95-407c-a20e-47745bfcde73	data protection officer	essential	http://data.europa.eu/esco/skill/ea451251-71ab-4f89-8c0d-53344ef7004f	provide legal advice	skill
1619d7f3-7d95-407c-a20e-47745bfcde73	data protection officer	essential	http://data.europa.eu/esco/skill/9a0d0abc-010d-440b-8242-7e31510471ba	information governance compliance	knowledge
1619d7f3-7d95-407c-a20e-47745bfcde73	data protection officer	essential	http://data.europa.eu/esco/skill/d53b04fb-1bbb-4a25-92f8-8ceb308d276f	define organisational standards	skill
1619d7f3-7d95-407c-a20e-47745bfcde73	data protection officer	essential	http://data.europa.eu/esco/skill/3579208e-49b3-4ce4-98e7-20e41b1ce8d4	develop information security strategy	skill
1619d7f3-7d95-407c-a20e-47745bfcde73	data protection officer	essential	http://data.europa.eu/esco/skill/d3e9b00a-0891-4fa8-836d-8240ec3d2758	GDPR	knowledge
1619d7f3-7d95-407c-a20e-47745bfcde73	data protection officer	essential	http://data.europa.eu/esco/skill/8804d963-5a31-4609-b5df-f741b7199fb7	internal auditing	knowledge
1619d7f3-7d95-407c-a20e-47745bfcde73	data protection officer	essential	http://data.europa.eu/esco/skill/a4346013-a967-4a58-a533-6b32ad1364c5	data protection	knowledge
1619d7f3-7d95-407c-a20e-47745bfcde73	data protection officer	essential	http://data.europa.eu/esco/skill/3254275d-a1b5-4640-9481-02f38780ac35	develop organisational policies	skill
1619d7f3-7d95-407c-a20e-47745bfcde73	data protection officer	essential	http://data.europa.eu/esco/skill/e54ff029-1ce9-447d-a5b2-eb7283a23e6e	train employees	skill
1619d7f3-7d95-407c-a20e-47745bfcde73	data protection officer	essential	http://data.europa.eu/esco/skill/3ff589b7-68df-4ea5-ae41-b395bdb2378f	ICT security standards	knowledge
1619d7f3-7d95-407c-a20e-47745bfcde73	data protection officer	essential	http://data.europa.eu/esco/skill/1dae8445-12e5-423a-bb26-824010e299b9	ensure compliance with legal requirements	skill
1619d7f3-7d95-407c-a20e-47745bfcde73	data protection officer	essential	http://data.europa.eu/esco/skill/8bdc520c-6293-4e99-bf6f-a44d5da3ebcb	monitor legislation developments	skill
1619d7f3-7d95-407c-a20e-47745bfcde73	data protection officer	essential	http://data.europa.eu/esco/skill/a8585efe-4011-47b2-9aed-cd01bd3652c0	legal research	knowledge
1619d7f3-7d95-407c-a20e-47745bfcde73	data protection officer	essential	http://data.europa.eu/esco/skill/f698f8df-b473-40aa-a5c9-033cd892467a	keep up-to-date with regulations	skill
1619d7f3-7d95-407c-a20e-47745bfcde73	data protection officer	optional	http://data.europa.eu/esco/skill/3838a64c-78dc-4f3f-a0c0-9f604e33eefd	maintain internal communication systems	skill
1619d7f3-7d95-407c-a20e-47745bfcde73	data protection officer	optional	http://data.europa.eu/esco/skill/cd5efa8c-e44d-4cbc-91c6-796018dbed68	perform project management	skill
1619d7f3-7d95-407c-a20e-47745bfcde73	data protection officer	optional	http://data.europa.eu/esco/skill/918f5211-b99f-4b29-9a34-6e475583ef55	write work-related reports	skill
1619d7f3-7d95-407c-a20e-47745bfcde73	data protection officer	optional	http://data.europa.eu/esco/skill/eaece6b2-97f1-49df-b6b9-1691fb3bf797	analyse legal enforceability	skill
1619d7f3-7d95-407c-a20e-47745bfcde73	data protection officer	optional	http://data.europa.eu/esco/skill/3a7c95ef-0adc-4dff-a1a3-1e56f1e9ea03	assist with litigation matters	skill
1619d7f3-7d95-407c-a20e-47745bfcde73	data protection officer	optional	http://data.europa.eu/esco/skill/66aad490-1c20-4e25-b189-634a218ee53e	legal case management	knowledge
1619d7f3-7d95-407c-a20e-47745bfcde73	data protection officer	optional	http://data.europa.eu/esco/skill/bc0b0b5d-f6be-405a-b224-b6902a4dbe97	manage digital identity	skill
1619d7f3-7d95-407c-a20e-47745bfcde73	data protection officer	optional	http://data.europa.eu/esco/skill/6eff134b-e34f-4d6e-a6e8-5e47cf2228d0	risk management	knowledge
1619d7f3-7d95-407c-a20e-47745bfcde73	data protection officer	optional	http://data.europa.eu/esco/skill/64bd4157-5df0-4166-8259-ede237dd7cdf	estimate impact of risks	skill
1619d7f3-7d95-407c-a20e-47745bfcde73	data protection officer	optional	http://data.europa.eu/esco/skill/50b100ea-74fd-4706-99db-3e4ca55e51b8	perform data cleansing	skill
1619d7f3-7d95-407c-a20e-47745bfcde73	data protection officer	optional	http://data.europa.eu/esco/skill/4d38b095-6730-4157-9807-8049dd7b43b8	document project progress	skill
1619d7f3-7d95-407c-a20e-47745bfcde73	data protection officer	optional	http://data.europa.eu/esco/skill/e5beeff8-7c98-490a-ae2c-16fbb6a87305	manage keys for data protection	skill
1619d7f3-7d95-407c-a20e-47745bfcde73	data protection officer	optional	http://data.europa.eu/esco/skill/17c9a790-5664-4673-8237-c4cf3c5a8da5	conduct impact evaluation of ICT processes on business	skill
1619d7f3-7d95-407c-a20e-47745bfcde73	data protection officer	optional	http://data.europa.eu/esco/skill/4bd6e2ad-bf69-4198-b3ac-3baabd9da46e	support managers	skill
1619d7f3-7d95-407c-a20e-47745bfcde73	data protection officer	optional	http://data.europa.eu/esco/skill/07e47d58-dd0e-4302-9e68-70a188e89065	apply system organisational policies	skill
1619d7f3-7d95-407c-a20e-47745bfcde73	data protection officer	optional	http://data.europa.eu/esco/skill/873f205a-05f8-45f8-b544-fe963a3edc1e	address identified risks	skill
ef5b17a5-3ca8-4965-bd3d-61c4aca490d1	document management officer	essential	http://data.europa.eu/esco/skill/5865c47c-cf1a-4dcb-8871-d4a1ea4b047b	set up documentation control system	skill
ef5b17a5-3ca8-4965-bd3d-61c4aca490d1	document management officer	essential	http://data.europa.eu/esco/skill/ab1e97ed-2319-4293-a8b7-072d2648822f	database management systems	knowledge
ef5b17a5-3ca8-4965-bd3d-61c4aca490d1	document management officer	essential	http://data.europa.eu/esco/skill/fa3e5cec-703e-4d46-b3bb-e8a89540ab54	manage digital archives	skill
ef5b17a5-3ca8-4965-bd3d-61c4aca490d1	document management officer	essential	http://data.europa.eu/esco/skill/097c6a36-f031-4d3e-b5c1-62d6ffcb430b	respect data protection principles	skill
ef5b17a5-3ca8-4965-bd3d-61c4aca490d1	document management officer	essential	http://data.europa.eu/esco/skill/0daaf096-1639-461c-bf1a-bbeea77e6b67	internal risk management policy	knowledge
ef5b17a5-3ca8-4965-bd3d-61c4aca490d1	document management officer	essential	http://data.europa.eu/esco/skill/d0c6d77e-cb25-4770-bf77-2073fc5f7523	ICT infrastructure	knowledge
ef5b17a5-3ca8-4965-bd3d-61c4aca490d1	document management officer	essential	http://data.europa.eu/esco/skill/23ac233d-84ad-4517-b0f5-8ca19ba2614e	monitor developments in field of expertise	skill
ef5b17a5-3ca8-4965-bd3d-61c4aca490d1	document management officer	essential	http://data.europa.eu/esco/skill/f2fdd2db-8755-4540-8af8-b46f2c0de95f	facilitate access to information	skill
ef5b17a5-3ca8-4965-bd3d-61c4aca490d1	document management officer	essential	http://data.europa.eu/esco/skill/e54ff029-1ce9-447d-a5b2-eb7283a23e6e	train employees	skill
ef5b17a5-3ca8-4965-bd3d-61c4aca490d1	document management officer	essential	http://data.europa.eu/esco/skill/ea1bf5e5-e7f0-4d2c-a415-1c39c00512b1	document management	knowledge
ef5b17a5-3ca8-4965-bd3d-61c4aca490d1	document management officer	essential	http://data.europa.eu/esco/skill/49812c2d-3a36-4be8-bd41-8c0be3db7c6d	develop classification systems	skill
ef5b17a5-3ca8-4965-bd3d-61c4aca490d1	document management officer	essential	http://data.europa.eu/esco/skill/86d2e2ea-1ba2-4aa6-b465-8a1f9abc81b8	apply information security policies	skill
ef5b17a5-3ca8-4965-bd3d-61c4aca490d1	document management officer	essential	http://data.europa.eu/esco/skill/98301d4a-2cc3-439d-8d7f-0b6ac76302bb	business process modelling	knowledge
ef5b17a5-3ca8-4965-bd3d-61c4aca490d1	document management officer	essential	http://data.europa.eu/esco/skill/56042303-972b-41be-9310-58467599ff7e	analyse business processes	skill
ef5b17a5-3ca8-4965-bd3d-61c4aca490d1	document management officer	essential	http://data.europa.eu/esco/skill/a80fb090-63f4-4b05-83a5-2f090deb7757	manage data collection systems	skill
ef5b17a5-3ca8-4965-bd3d-61c4aca490d1	document management officer	essential	http://data.europa.eu/esco/skill/aa0d8201-5a8e-417f-81f4-c04601139582	digitization	knowledge
ef5b17a5-3ca8-4965-bd3d-61c4aca490d1	document management officer	essential	http://data.europa.eu/esco/skill/93aaf65c-5aad-4e6f-a7ba-ce9bf7c0e6e6	information categorisation	knowledge
ef5b17a5-3ca8-4965-bd3d-61c4aca490d1	document management officer	essential	http://data.europa.eu/esco/skill/b4548845-dc4c-43fb-a55c-b9b7c6c1defd	document sharing procedures	knowledge
ef5b17a5-3ca8-4965-bd3d-61c4aca490d1	document management officer	essential	http://data.europa.eu/esco/skill/3254275d-a1b5-4640-9481-02f38780ac35	develop organisational policies	skill
ef5b17a5-3ca8-4965-bd3d-61c4aca490d1	document management officer	essential	http://data.europa.eu/esco/skill/caea6ac9-3972-42c4-9be6-042fe3e426f5	manage archive	skill
ef5b17a5-3ca8-4965-bd3d-61c4aca490d1	document management officer	essential	http://data.europa.eu/esco/skill/3c4c3fa1-d638-42df-8e98-2a38021da6f9	use software for data preservation	skill
ef5b17a5-3ca8-4965-bd3d-61c4aca490d1	document management officer	essential	http://data.europa.eu/esco/skill/d4f9906e-3b22-4c27-9b32-1c1f457ced44	oversee record management	skill
ef5b17a5-3ca8-4965-bd3d-61c4aca490d1	document management officer	essential	http://data.europa.eu/esco/skill/eccf3b4f-881f-4ae6-b96a-666be929d780	access to documents regulations	knowledge
ef5b17a5-3ca8-4965-bd3d-61c4aca490d1	document management officer	essential	http://data.europa.eu/esco/skill/a4346013-a967-4a58-a533-6b32ad1364c5	data protection	knowledge
ef5b17a5-3ca8-4965-bd3d-61c4aca490d1	document management officer	essential	http://data.europa.eu/esco/skill/c241f5a5-e23f-47bf-ad24-d83ea0010166	ensure proper document management	skill
ef5b17a5-3ca8-4965-bd3d-61c4aca490d1	document management officer	essential	http://data.europa.eu/esco/skill/07ba491f-2fd4-4bab-bf52-32934c6f0b9f	work in an international environment	skill
ef5b17a5-3ca8-4965-bd3d-61c4aca490d1	document management officer	essential	http://data.europa.eu/esco/skill/a56dec32-05ef-45de-a256-ee6741f356db	information confidentiality	knowledge
ef5b17a5-3ca8-4965-bd3d-61c4aca490d1	document management officer	essential	http://data.europa.eu/esco/skill/9710092c-f174-4e84-95bf-2064d39ad7a0	manage content metadata	skill
ef5b17a5-3ca8-4965-bd3d-61c4aca490d1	document management officer	essential	http://data.europa.eu/esco/skill/2be699a7-416a-4f32-967c-4edc65027b71	government policy implementation	knowledge
ef5b17a5-3ca8-4965-bd3d-61c4aca490d1	document management officer	essential	http://data.europa.eu/esco/skill/bf05da8d-772a-4423-adb2-df79672f46f7	organise information	skill
ef5b17a5-3ca8-4965-bd3d-61c4aca490d1	document management officer	essential	http://data.europa.eu/esco/skill/2ad081e6-0a3f-4612-ac15-7ace75d39e26	intellectual property law	knowledge
ef5b17a5-3ca8-4965-bd3d-61c4aca490d1	document management officer	essential	http://data.europa.eu/esco/skill/d3eccb86-f02d-4950-bfbd-20b9510774a1	apply organisational techniques	skill
ef5b17a5-3ca8-4965-bd3d-61c4aca490d1	document management officer	essential	http://data.europa.eu/esco/skill/1bba98a7-92b9-450b-9235-e0c905f8f3c4	information architecture	knowledge
ef5b17a5-3ca8-4965-bd3d-61c4aca490d1	document management officer	essential	http://data.europa.eu/esco/skill/327d15c8-29ff-4ad4-a4fe-6536d777a45f	documentation types	knowledge
ef5b17a5-3ca8-4965-bd3d-61c4aca490d1	document management officer	optional	http://data.europa.eu/esco/skill/27b913f0-3c52-448b-ad27-fc6ef08fb326	Adobe Illustrator	knowledge
ef5b17a5-3ca8-4965-bd3d-61c4aca490d1	document management officer	optional	http://data.europa.eu/esco/skill/8faefbc1-4745-4b3f-9889-81cd1d40b67c	evaluate tender	skill
ef5b17a5-3ca8-4965-bd3d-61c4aca490d1	document management officer	optional	http://data.europa.eu/esco/skill/fac4775a-39d0-4bc4-a014-26ea1461bd8a	appraise historical documents	skill
ef5b17a5-3ca8-4965-bd3d-61c4aca490d1	document management officer	optional	http://data.europa.eu/esco/skill/3ff589b7-68df-4ea5-ae41-b395bdb2378f	ICT security standards	knowledge
ef5b17a5-3ca8-4965-bd3d-61c4aca490d1	document management officer	optional	http://data.europa.eu/esco/skill/3d03c40c-1b83-4793-8902-2523f40af59e	Microsoft Access	knowledge
ef5b17a5-3ca8-4965-bd3d-61c4aca490d1	document management officer	optional	http://data.europa.eu/esco/skill/a7f0fbe0-c546-4f30-8e41-34a58c64567e	data storage	knowledge
ef5b17a5-3ca8-4965-bd3d-61c4aca490d1	document management officer	optional	http://data.europa.eu/esco/skill/2b92a5b2-6758-4ee3-9fb4-b6387a55cc8f	perform data analysis	skill
ef5b17a5-3ca8-4965-bd3d-61c4aca490d1	document management officer	optional	http://data.europa.eu/esco/skill/c77db25e-bb51-4a10-b2ad-99b48b1b4a37	maintain computer hardware	skill
ef5b17a5-3ca8-4965-bd3d-61c4aca490d1	document management officer	optional	http://data.europa.eu/esco/skill/1b3fc0e0-c6f9-45fc-9c6e-14bbba662979	develop information standards	skill
ef5b17a5-3ca8-4965-bd3d-61c4aca490d1	document management officer	optional	http://data.europa.eu/esco/skill/8369c2d6-c100-4cf6-bd83-9668d8678433	utilise machine learning	skill
ef5b17a5-3ca8-4965-bd3d-61c4aca490d1	document management officer	optional	http://data.europa.eu/esco/skill/07e51c60-763a-4335-b4ec-70a15f66d328	propose ICT solutions to business problems	skill
ef5b17a5-3ca8-4965-bd3d-61c4aca490d1	document management officer	optional	http://data.europa.eu/esco/skill/efb523d0-c998-440d-8639-cd14ba841c4c	public law	knowledge
ef5b17a5-3ca8-4965-bd3d-61c4aca490d1	document management officer	optional	http://data.europa.eu/esco/skill/3d427a49-4f85-42cd-8a92-62d4a34f41a1	file documents	skill
ef5b17a5-3ca8-4965-bd3d-61c4aca490d1	document management officer	optional	http://data.europa.eu/esco/skill/477173ca-5fc2-406b-9122-95d92811f284	communicate with stakeholders	skill
ef5b17a5-3ca8-4965-bd3d-61c4aca490d1	document management officer	optional	http://data.europa.eu/esco/skill/9b862976-aa05-4bde-8ed6-8f39790edd0f	procurement legislation	knowledge
ef5b17a5-3ca8-4965-bd3d-61c4aca490d1	document management officer	optional	http://data.europa.eu/esco/skill/b74fd765-e1ae-4f56-a188-45cd782bca01	assess reliability of data	skill
ef5b17a5-3ca8-4965-bd3d-61c4aca490d1	document management officer	optional	http://data.europa.eu/esco/skill/1dae8445-12e5-423a-bb26-824010e299b9	ensure compliance with legal requirements	skill
ef5b17a5-3ca8-4965-bd3d-61c4aca490d1	document management officer	optional	http://data.europa.eu/esco/skill/7369f779-4b71-4aab-8836-48b69c676eec	operate relational database management system	skill
ef5b17a5-3ca8-4965-bd3d-61c4aca490d1	document management officer	optional	http://data.europa.eu/esco/skill/6789d5a3-34ca-4417-bb93-331319b01da3	draft tender documentation	skill
ef5b17a5-3ca8-4965-bd3d-61c4aca490d1	document management officer	optional	http://data.europa.eu/esco/skill/367c240d-5f34-423a-86b1-866ad27206ea	digitise documents	skill
ef5b17a5-3ca8-4965-bd3d-61c4aca490d1	document management officer	optional	http://data.europa.eu/esco/skill/48b68726-0fd6-4e03-a5eb-82236516ee7a	provide cost benefit analysis reports	skill
ef5b17a5-3ca8-4965-bd3d-61c4aca490d1	document management officer	optional	http://data.europa.eu/esco/skill/e465a154-93f7-4973-9ce1-31659fe16dd2	principles of artificial intelligence	knowledge
ef5b17a5-3ca8-4965-bd3d-61c4aca490d1	document management officer	optional	http://data.europa.eu/esco/skill/8bdc520c-6293-4e99-bf6f-a44d5da3ebcb	monitor legislation developments	skill
ef5b17a5-3ca8-4965-bd3d-61c4aca490d1	document management officer	optional	http://data.europa.eu/esco/skill/c4272323-cce6-4535-ac71-4f6841f4f89a	organisational structure	knowledge
ef5b17a5-3ca8-4965-bd3d-61c4aca490d1	document management officer	optional	http://data.europa.eu/esco/skill/3a876d1c-3dd5-45ed-9a27-47cdbee46ce7	ensure information transparency	skill
ef5b17a5-3ca8-4965-bd3d-61c4aca490d1	document management officer	optional	http://data.europa.eu/esco/skill/94dd823c-148e-4614-a6e8-99249b16357d	ICT project management	knowledge
bfe142b9-a049-4d41-89c4-fd2f34ac56b6	accounting assistant	essential	http://data.europa.eu/esco/skill/658a38bd-6954-4a2a-945c-42330c5d13b9	manage corporate bank accounts	skill
bfe142b9-a049-4d41-89c4-fd2f34ac56b6	accounting assistant	essential	http://data.europa.eu/esco/skill/faf8943c-72ff-4736-a587-25508695d6f0	maintain financial records	skill
bfe142b9-a049-4d41-89c4-fd2f34ac56b6	accounting assistant	essential	http://data.europa.eu/esco/skill/d669af41-756c-48d9-a286-1443253f54b1	tax legislation	knowledge
bfe142b9-a049-4d41-89c4-fd2f34ac56b6	accounting assistant	essential	http://data.europa.eu/esco/skill/68b51538-b056-4cb3-bb15-ab8c3e576cc9	follow up accounts receivables	skill
bfe142b9-a049-4d41-89c4-fd2f34ac56b6	accounting assistant	essential	http://data.europa.eu/esco/skill/64be6a06-52e8-4f5c-b64d-caa516cfa291	depreciation	knowledge
bfe142b9-a049-4d41-89c4-fd2f34ac56b6	accounting assistant	essential	http://data.europa.eu/esco/skill/a0d79341-8398-4019-ad1b-27888ec35aaa	use accounting systems	skill
bfe142b9-a049-4d41-89c4-fd2f34ac56b6	accounting assistant	essential	http://data.europa.eu/esco/skill/8a326ee1-169c-4c44-b38b-8f1bb20ec79b	identify accounting errors	skill
bfe142b9-a049-4d41-89c4-fd2f34ac56b6	accounting assistant	essential	http://data.europa.eu/esco/skill/28a2ff4b-5f99-448e-8bd7-fb836166e95f	allocate bills	skill
bfe142b9-a049-4d41-89c4-fd2f34ac56b6	accounting assistant	essential	http://data.europa.eu/esco/skill/880c54f9-866e-4f37-b5fa-25ef8a7d49b6	accounting techniques	knowledge
bfe142b9-a049-4d41-89c4-fd2f34ac56b6	accounting assistant	essential	http://data.europa.eu/esco/skill/83e97138-899a-4af8-9187-47823e875841	follow the statutory obligations	skill
bfe142b9-a049-4d41-89c4-fd2f34ac56b6	accounting assistant	essential	http://data.europa.eu/esco/skill/71dde84c-0058-4c52-a556-523369333db8	use office systems	skill
bfe142b9-a049-4d41-89c4-fd2f34ac56b6	accounting assistant	essential	http://data.europa.eu/esco/skill/e717b036-2c0c-4c11-99e9-0cb4ce084fed	perform account allocation	skill
bfe142b9-a049-4d41-89c4-fd2f34ac56b6	accounting assistant	essential	http://data.europa.eu/esco/skill/99b163e8-7815-43e2-83f3-a47f3076354c	accounting entries	knowledge
bfe142b9-a049-4d41-89c4-fd2f34ac56b6	accounting assistant	essential	http://data.europa.eu/esco/skill/2ff405ec-f59c-4a7b-84b6-9776a49582c4	bookkeeping regulations	knowledge
bfe142b9-a049-4d41-89c4-fd2f34ac56b6	accounting assistant	essential	http://data.europa.eu/esco/skill/eaa9727c-df1e-407a-85d3-48cc71508bc2	prepare trial accounting balances	skill
bfe142b9-a049-4d41-89c4-fd2f34ac56b6	accounting assistant	essential	http://data.europa.eu/esco/skill/e3e42d54-78bd-4337-aa87-bb31a7670c9a	issue sales invoices	skill
bfe142b9-a049-4d41-89c4-fd2f34ac56b6	accounting assistant	essential	http://data.europa.eu/esco/skill/5f1ebff6-98ec-411f-a1d4-0bf04bd03bdf	check accounting records	skill
bfe142b9-a049-4d41-89c4-fd2f34ac56b6	accounting assistant	essential	http://data.europa.eu/esco/skill/08371fe9-c658-4f6a-966f-71dbb0ab683d	accounting department processes	knowledge
bfe142b9-a049-4d41-89c4-fd2f34ac56b6	accounting assistant	essential	http://data.europa.eu/esco/skill/e9030465-13c5-46d2-bdae-c2c1a9dbec86	attach accounting certificates to accounting transactions	skill
bfe142b9-a049-4d41-89c4-fd2f34ac56b6	accounting assistant	essential	http://data.europa.eu/esco/skill/0839eea4-c57b-4c14-b19b-923fbedb5d88	perform business research	skill
bfe142b9-a049-4d41-89c4-fd2f34ac56b6	accounting assistant	optional	http://data.europa.eu/esco/skill/08fe5910-8c4c-4679-a988-eb2ded3c4909	labour legislation	knowledge
bfe142b9-a049-4d41-89c4-fd2f34ac56b6	accounting assistant	optional	http://data.europa.eu/esco/skill/047fcf0a-2936-49fb-b4eb-97cdd8d09d0b	maintain statutory books	skill
bfe142b9-a049-4d41-89c4-fd2f34ac56b6	accounting assistant	optional	http://data.europa.eu/esco/skill/4a460161-eaea-4fe2-bd0e-164ccc635be1	financial statements	knowledge
bfe142b9-a049-4d41-89c4-fd2f34ac56b6	accounting assistant	optional	http://data.europa.eu/esco/skill/5f1d1319-7954-4a9b-90c7-57668e3a0d4b	interpret financial statements	skill
bfe142b9-a049-4d41-89c4-fd2f34ac56b6	accounting assistant	optional	http://data.europa.eu/esco/skill/2ecf90f1-c511-464b-b26f-598d69182c70	calculate tax	skill
bfe142b9-a049-4d41-89c4-fd2f34ac56b6	accounting assistant	optional	http://data.europa.eu/esco/skill/7ee4c2ea-b349-4bd2-81a3-ec31475d4833	statistics	knowledge
bfe142b9-a049-4d41-89c4-fd2f34ac56b6	accounting assistant	optional	http://data.europa.eu/esco/skill/f7e7ccb6-fadc-4c35-935d-e1040be40dfe	handle financial transactions	skill
bfe142b9-a049-4d41-89c4-fd2f34ac56b6	accounting assistant	optional	http://data.europa.eu/esco/skill/0dd4d328-f015-463d-9a7e-06b7041f0b26	consumer goods industry	knowledge
bfe142b9-a049-4d41-89c4-fd2f34ac56b6	accounting assistant	optional	http://data.europa.eu/esco/skill/3982571a-e9ce-442a-a4a0-fdfc97727091	manage cash desk	skill
bfe142b9-a049-4d41-89c4-fd2f34ac56b6	accounting assistant	optional	http://data.europa.eu/esco/skill/e2e15494-65b9-4af5-8b86-53fb51e7e022	manage accounts	skill
bfe142b9-a049-4d41-89c4-fd2f34ac56b6	accounting assistant	optional	http://data.europa.eu/esco/skill/e345cf05-bc6b-43a6-aca3-2f9c1ec0e772	maintain register of shareholders	skill
bfe142b9-a049-4d41-89c4-fd2f34ac56b6	accounting assistant	optional	http://data.europa.eu/esco/skill/f75b740c-b36c-495e-bc67-efe347bbc6b5	company policies	knowledge
bfe142b9-a049-4d41-89c4-fd2f34ac56b6	accounting assistant	optional	http://data.europa.eu/esco/skill/b8656b5c-e3f0-4418-82ff-87b5f677f9e8	disseminate information on tax legislation	skill
bfe142b9-a049-4d41-89c4-fd2f34ac56b6	accounting assistant	optional	http://data.europa.eu/esco/skill/7e305865-5b6d-4225-a4f7-ee5c10aaa134	perform dunning activities	skill
bfe142b9-a049-4d41-89c4-fd2f34ac56b6	accounting assistant	optional	http://data.europa.eu/esco/skill/3c209873-c757-47bb-91b5-9b6dc05df116	banking activities	knowledge
bfe142b9-a049-4d41-89c4-fd2f34ac56b6	accounting assistant	optional	http://data.europa.eu/esco/skill/dc417e19-edb4-4401-883a-2375f67a162f	manage the general ledger	skill
bfe142b9-a049-4d41-89c4-fd2f34ac56b6	accounting assistant	optional	http://data.europa.eu/esco/skill/3ee090a1-9d1c-44ed-bd93-f6b7c9b68a97	manage payroll reports	skill
bfe142b9-a049-4d41-89c4-fd2f34ac56b6	accounting assistant	optional	http://data.europa.eu/esco/skill/60f51172-37c0-4933-a27a-cbf55dcd7580	prepare financial statements	skill
bfe142b9-a049-4d41-89c4-fd2f34ac56b6	accounting assistant	optional	http://data.europa.eu/esco/skill/22a173f5-868c-4d82-87e6-beed500ce070	prepare tax returns forms	skill
bfe142b9-a049-4d41-89c4-fd2f34ac56b6	accounting assistant	optional	http://data.europa.eu/esco/skill/c5b90c0c-3af0-4c8c-a06c-cc3ced02242c	perform cost accounting activities	skill
ade351da-7bda-424e-8682-bbdcab2a25be	payroll clerk	essential	http://data.europa.eu/esco/skill/4e756773-ae14-4981-838b-9fe27e81c0af	carry out financial transactions	skill
ade351da-7bda-424e-8682-bbdcab2a25be	payroll clerk	essential	http://data.europa.eu/esco/skill/16f61a5b-23ba-4268-8517-82c77c4041a1	examine budgets	skill
ade351da-7bda-424e-8682-bbdcab2a25be	payroll clerk	essential	http://data.europa.eu/esco/skill/207f87c4-ac68-4987-990c-636ca19c2626	calculate wages	skill
ade351da-7bda-424e-8682-bbdcab2a25be	payroll clerk	essential	http://data.europa.eu/esco/skill/0295b2a4-fb86-495f-9547-d479532fc4c2	trace financial transactions	skill
ade351da-7bda-424e-8682-bbdcab2a25be	payroll clerk	essential	http://data.europa.eu/esco/skill/734187e4-650e-4a0a-a7f8-826cd4757229	check payrolls	skill
ade351da-7bda-424e-8682-bbdcab2a25be	payroll clerk	essential	http://data.europa.eu/esco/skill/ff5e9b54-d141-4f5a-ad04-ddefd7d8843f	procure time sheet approval	skill
ade351da-7bda-424e-8682-bbdcab2a25be	payroll clerk	essential	http://data.europa.eu/esco/skill/9d916d7c-89b3-4084-a6d9-e2b0b3091404	manage payroll	skill
ade351da-7bda-424e-8682-bbdcab2a25be	payroll clerk	essential	http://data.europa.eu/esco/skill/af0f7625-b9fc-4f97-a71d-d7c7648bfc35	prepare paychecks	skill
ade351da-7bda-424e-8682-bbdcab2a25be	payroll clerk	essential	http://data.europa.eu/esco/skill/4339176e-3acd-4f7f-a5d9-445bee3d23f2	mathematics	knowledge
ade351da-7bda-424e-8682-bbdcab2a25be	payroll clerk	optional	http://data.europa.eu/esco/skill/88564d2d-2dc9-4789-864a-f9cb73f389ec	maintain data entry requirements	skill
ade351da-7bda-424e-8682-bbdcab2a25be	payroll clerk	optional	http://data.europa.eu/esco/skill/ee6a9d20-0132-4f31-9da3-32fdc5749a9b	allocate paychecks	skill
ade351da-7bda-424e-8682-bbdcab2a25be	payroll clerk	optional	http://data.europa.eu/esco/skill/3e4776e7-dd79-4a18-b334-6e8f9e989a49	liaise with union officials	skill
ade351da-7bda-424e-8682-bbdcab2a25be	payroll clerk	optional	http://data.europa.eu/esco/skill/3dfa5c1e-a2cc-4c09-9e60-d21b28072c37	trade union regulations	knowledge
ade351da-7bda-424e-8682-bbdcab2a25be	payroll clerk	optional	http://data.europa.eu/esco/skill/3ee090a1-9d1c-44ed-bd93-f6b7c9b68a97	manage payroll reports	skill
ade351da-7bda-424e-8682-bbdcab2a25be	payroll clerk	optional	http://data.europa.eu/esco/skill/faf8943c-72ff-4736-a587-25508695d6f0	maintain financial records	skill
ade351da-7bda-424e-8682-bbdcab2a25be	payroll clerk	optional	http://data.europa.eu/esco/skill/a4e50b95-8962-4408-81f9-f5de71461276	calculate employee benefits	skill
ade351da-7bda-424e-8682-bbdcab2a25be	payroll clerk	optional	http://data.europa.eu/esco/skill/7849ac25-1166-4b96-955e-a754e72fdd4c	calculate sales commission	skill
ade351da-7bda-424e-8682-bbdcab2a25be	payroll clerk	optional	http://data.europa.eu/esco/skill/ecc18804-a466-40d9-98b4-fba5cd67dd4b	accounting	knowledge
ade351da-7bda-424e-8682-bbdcab2a25be	payroll clerk	optional	http://data.europa.eu/esco/skill/60f51172-37c0-4933-a27a-cbf55dcd7580	prepare financial statements	skill
ade351da-7bda-424e-8682-bbdcab2a25be	payroll clerk	optional	http://data.europa.eu/esco/skill/e207163b-7963-4c3e-9494-7a4bb000211b	estimate duration of work	skill
ade351da-7bda-424e-8682-bbdcab2a25be	payroll clerk	optional	http://data.europa.eu/esco/skill/2ecf90f1-c511-464b-b26f-598d69182c70	calculate tax	skill
eda0d957-3c3c-4139-b89a-a18bc9e18897	accountant	essential	http://data.europa.eu/esco/skill/5f1ebff6-98ec-411f-a1d4-0bf04bd03bdf	check accounting records	skill
eda0d957-3c3c-4139-b89a-a18bc9e18897	accountant	essential	http://data.europa.eu/esco/skill/60f51172-37c0-4933-a27a-cbf55dcd7580	prepare financial statements	skill
eda0d957-3c3c-4139-b89a-a18bc9e18897	accountant	essential	http://data.europa.eu/esco/skill/880c54f9-866e-4f37-b5fa-25ef8a7d49b6	accounting techniques	knowledge
eda0d957-3c3c-4139-b89a-a18bc9e18897	accountant	essential	http://data.europa.eu/esco/skill/d6e78d9a-deca-4bcb-b08d-011b2616758d	ensure compliance with accounting conventions	skill
eda0d957-3c3c-4139-b89a-a18bc9e18897	accountant	essential	http://data.europa.eu/esco/skill/585ed991-fdab-4f3c-9187-a32bfb7ab822	perform balance sheet operations	skill
eda0d957-3c3c-4139-b89a-a18bc9e18897	accountant	essential	http://data.europa.eu/esco/skill/08371fe9-c658-4f6a-966f-71dbb0ab683d	accounting department processes	knowledge
eda0d957-3c3c-4139-b89a-a18bc9e18897	accountant	essential	http://data.europa.eu/esco/skill/39e43f7c-a95e-4583-be76-bb134ccce1ae	financial department processes	knowledge
eda0d957-3c3c-4139-b89a-a18bc9e18897	accountant	essential	http://data.europa.eu/esco/skill/4a460161-eaea-4fe2-bd0e-164ccc635be1	financial statements	knowledge
eda0d957-3c3c-4139-b89a-a18bc9e18897	accountant	essential	http://data.europa.eu/esco/skill/2ecf90f1-c511-464b-b26f-598d69182c70	calculate tax	skill
eda0d957-3c3c-4139-b89a-a18bc9e18897	accountant	essential	http://data.europa.eu/esco/skill/d63c2bad-817d-4116-b4d8-b927cb01212d	commercial law	knowledge
eda0d957-3c3c-4139-b89a-a18bc9e18897	accountant	essential	http://data.europa.eu/esco/skill/5f1d1319-7954-4a9b-90c7-57668e3a0d4b	interpret financial statements	skill
eda0d957-3c3c-4139-b89a-a18bc9e18897	accountant	essential	http://data.europa.eu/esco/skill/2ff405ec-f59c-4a7b-84b6-9776a49582c4	bookkeeping regulations	knowledge
eda0d957-3c3c-4139-b89a-a18bc9e18897	accountant	essential	http://data.europa.eu/esco/skill/d669af41-756c-48d9-a286-1443253f54b1	tax legislation	knowledge
eda0d957-3c3c-4139-b89a-a18bc9e18897	accountant	essential	http://data.europa.eu/esco/skill/64be6a06-52e8-4f5c-b64d-caa516cfa291	depreciation	knowledge
eda0d957-3c3c-4139-b89a-a18bc9e18897	accountant	essential	http://data.europa.eu/esco/skill/8a326ee1-169c-4c44-b38b-8f1bb20ec79b	identify accounting errors	skill
eda0d957-3c3c-4139-b89a-a18bc9e18897	accountant	essential	http://data.europa.eu/esco/skill/541cdc23-1eec-4520-81fc-3392eaf538ed	fraud detection	knowledge
eda0d957-3c3c-4139-b89a-a18bc9e18897	accountant	essential	http://data.europa.eu/esco/skill/22a173f5-868c-4d82-87e6-beed500ce070	prepare tax returns forms	skill
eda0d957-3c3c-4139-b89a-a18bc9e18897	accountant	essential	http://data.europa.eu/esco/skill/83e97138-899a-4af8-9187-47823e875841	follow the statutory obligations	skill
eda0d957-3c3c-4139-b89a-a18bc9e18897	accountant	essential	http://data.europa.eu/esco/skill/99b163e8-7815-43e2-83f3-a47f3076354c	accounting entries	knowledge
eda0d957-3c3c-4139-b89a-a18bc9e18897	accountant	essential	http://data.europa.eu/esco/skill/b5cb259e-83e7-48f5-950e-245d5b5fd6d0	draft accounting procedures	skill
eda0d957-3c3c-4139-b89a-a18bc9e18897	accountant	essential	http://data.europa.eu/esco/skill/8a43795b-bb38-4f29-91df-a6c92ad4643c	analyse financial performance of a company	skill
eda0d957-3c3c-4139-b89a-a18bc9e18897	accountant	essential	http://data.europa.eu/esco/skill/7ee4c2ea-b349-4bd2-81a3-ec31475d4833	statistics	knowledge
eda0d957-3c3c-4139-b89a-a18bc9e18897	accountant	essential	http://data.europa.eu/esco/skill/eaa9727c-df1e-407a-85d3-48cc71508bc2	prepare trial accounting balances	skill
eda0d957-3c3c-4139-b89a-a18bc9e18897	accountant	essential	http://data.europa.eu/esco/skill/e9030465-13c5-46d2-bdae-c2c1a9dbec86	attach accounting certificates to accounting transactions	skill
eda0d957-3c3c-4139-b89a-a18bc9e18897	accountant	essential	http://data.europa.eu/esco/skill/e2e15494-65b9-4af5-8b86-53fb51e7e022	manage accounts	skill
eda0d957-3c3c-4139-b89a-a18bc9e18897	accountant	essential	http://data.europa.eu/esco/skill/cb059032-dd34-4761-a786-98cfb9d0efe3	explain accounting records	skill
eda0d957-3c3c-4139-b89a-a18bc9e18897	accountant	optional	http://data.europa.eu/esco/skill/3ee090a1-9d1c-44ed-bd93-f6b7c9b68a97	manage payroll reports	skill
eda0d957-3c3c-4139-b89a-a18bc9e18897	accountant	optional	http://data.europa.eu/esco/skill/7e305865-5b6d-4225-a4f7-ee5c10aaa134	perform dunning activities	skill
eda0d957-3c3c-4139-b89a-a18bc9e18897	accountant	optional	http://data.europa.eu/esco/skill/89ff28d6-342c-435d-83aa-83e71dbbbc96	conduct financial audits	skill
eda0d957-3c3c-4139-b89a-a18bc9e18897	accountant	optional	http://data.europa.eu/esco/skill/24e67151-ff7e-43e2-99c0-424a758278a4	liaise with auditors	skill
eda0d957-3c3c-4139-b89a-a18bc9e18897	accountant	optional	http://data.europa.eu/esco/skill/781797f4-c2c3-49a4-a80d-eb81eb4f818c	liquidity management	knowledge
eda0d957-3c3c-4139-b89a-a18bc9e18897	accountant	optional	http://data.europa.eu/esco/skill/21c5790c-0930-4d74-b3b0-84caf5af12ea	manage budgets	skill
eda0d957-3c3c-4139-b89a-a18bc9e18897	accountant	optional	http://data.europa.eu/esco/skill/d52487b0-cb03-4f41-a269-40c718018c2c	monitor after sales records	skill
eda0d957-3c3c-4139-b89a-a18bc9e18897	accountant	optional	http://data.europa.eu/esco/skill/493b20c2-c435-449a-896e-0af057c41fef	film production process	knowledge
eda0d957-3c3c-4139-b89a-a18bc9e18897	accountant	optional	http://data.europa.eu/esco/skill/1dd23dba-dd00-45ab-abf4-642902538317	perform risk analysis	skill
eda0d957-3c3c-4139-b89a-a18bc9e18897	accountant	optional	http://data.europa.eu/esco/skill/91003b4a-f2aa-4472-a9c1-4597abb518f2	insolvency law	knowledge
eda0d957-3c3c-4139-b89a-a18bc9e18897	accountant	optional	http://data.europa.eu/esco/skill/d0c425c6-e3de-465e-923d-d4d30ec4be9b	national generally accepted accounting principles	knowledge
eda0d957-3c3c-4139-b89a-a18bc9e18897	accountant	optional	http://data.europa.eu/esco/skill/4a855abe-ac5b-4e95-ac10-3c1adceeee28	international financial reporting standards	knowledge
eda0d957-3c3c-4139-b89a-a18bc9e18897	accountant	optional	http://data.europa.eu/esco/skill/b8656b5c-e3f0-4418-82ff-87b5f677f9e8	disseminate information on tax legislation	skill
eda0d957-3c3c-4139-b89a-a18bc9e18897	accountant	optional	http://data.europa.eu/esco/skill/1d0c2220-6855-4689-aeea-16c9c615b284	consult with motion picture producer	skill
eda0d957-3c3c-4139-b89a-a18bc9e18897	accountant	optional	http://data.europa.eu/esco/skill/6f8f86f8-0ef9-4dd6-8e29-7d790e65706b	calculate production costs	skill
eda0d957-3c3c-4139-b89a-a18bc9e18897	accountant	optional	http://data.europa.eu/esco/skill/ab6265f2-a9bf-49e8-a9a5-67cbab4de38b	manage inventory	skill
eda0d957-3c3c-4139-b89a-a18bc9e18897	accountant	optional	http://data.europa.eu/esco/skill/0efbe2dc-2770-47ec-b8f4-d1bdff6ac0a4	advise on risk management	skill
eda0d957-3c3c-4139-b89a-a18bc9e18897	accountant	optional	http://data.europa.eu/esco/skill/147170ba-0141-4337-89af-b4513d745afe	support development of annual budget	skill
eda0d957-3c3c-4139-b89a-a18bc9e18897	accountant	optional	http://data.europa.eu/esco/skill/3e28860e-f520-461d-8282-a32264c4f4a1	manage revenue	skill
eda0d957-3c3c-4139-b89a-a18bc9e18897	accountant	optional	http://data.europa.eu/esco/skill/6556cbf1-d5c0-4f53-89a9-8707066069a6	evaluate budgets	skill
eda0d957-3c3c-4139-b89a-a18bc9e18897	accountant	optional	http://data.europa.eu/esco/skill/c5b90c0c-3af0-4c8c-a06c-cc3ced02242c	perform cost accounting activities	skill
eda0d957-3c3c-4139-b89a-a18bc9e18897	accountant	optional	http://data.europa.eu/esco/skill/72c02483-714c-47de-a3ff-870c5eb634d0	resolve difficult account allocation cases	skill
eda0d957-3c3c-4139-b89a-a18bc9e18897	accountant	optional	http://data.europa.eu/esco/skill/79c36c91-28a5-44b7-ab9b-7093b2d4b21e	advise on financial matters	skill
eda0d957-3c3c-4139-b89a-a18bc9e18897	accountant	optional	http://data.europa.eu/esco/skill/e2161b42-46f4-4b62-8136-c190edce56fc	keep track of expenses	skill
eda0d957-3c3c-4139-b89a-a18bc9e18897	accountant	optional	http://data.europa.eu/esco/skill/4b2db903-cd8e-48ce-97fb-a92db4def54e	financial forecasting	knowledge
eda0d957-3c3c-4139-b89a-a18bc9e18897	accountant	optional	http://data.europa.eu/esco/skill/658a38bd-6954-4a2a-945c-42330c5d13b9	manage corporate bank accounts	skill
eda0d957-3c3c-4139-b89a-a18bc9e18897	accountant	optional	http://data.europa.eu/esco/skill/153517bb-84ef-45f1-a185-1d427792026d	check the production schedule	skill
eda0d957-3c3c-4139-b89a-a18bc9e18897	accountant	optional	http://data.europa.eu/esco/skill/3e9b580d-811b-48df-a5d1-a7bdd26f901f	prepare financial auditing reports	skill
eda0d957-3c3c-4139-b89a-a18bc9e18897	accountant	optional	http://data.europa.eu/esco/skill/b08ec8ff-1a3e-4cc3-8016-9520b21666a6	exert expenditure control	skill
eda0d957-3c3c-4139-b89a-a18bc9e18897	accountant	optional	http://data.europa.eu/esco/skill/f7e7ccb6-fadc-4c35-935d-e1040be40dfe	handle financial transactions	skill
eda0d957-3c3c-4139-b89a-a18bc9e18897	accountant	optional	http://data.europa.eu/esco/skill/24229e89-9e1d-4c1a-ae23-c64777b152ce	consult with production director	skill
4e4a291d-1d38-4c5a-812a-5827d0691b11	budget analyst	essential	http://data.europa.eu/esco/skill/71dde84c-0058-4c52-a556-523369333db8	use office systems	skill
4e4a291d-1d38-4c5a-812a-5827d0691b11	budget analyst	essential	http://data.europa.eu/esco/skill/958b8802-ec3e-4813-97f7-6c8f48610dbd	identify process improvements	skill
4e4a291d-1d38-4c5a-812a-5827d0691b11	budget analyst	essential	http://data.europa.eu/esco/skill/147170ba-0141-4337-89af-b4513d745afe	support development of annual budget	skill
4e4a291d-1d38-4c5a-812a-5827d0691b11	budget analyst	essential	http://data.europa.eu/esco/skill/74688c5d-2af1-4f7a-9d1c-00e808eaa1e6	budgetary principles	knowledge
4e4a291d-1d38-4c5a-812a-5827d0691b11	budget analyst	essential	http://data.europa.eu/esco/skill/b08ec8ff-1a3e-4cc3-8016-9520b21666a6	exert expenditure control	skill
4e4a291d-1d38-4c5a-812a-5827d0691b11	budget analyst	essential	http://data.europa.eu/esco/skill/8a43795b-bb38-4f29-91df-a6c92ad4643c	analyse financial performance of a company	skill
4e4a291d-1d38-4c5a-812a-5827d0691b11	budget analyst	essential	http://data.europa.eu/esco/skill/e95058a6-e139-42e7-a470-72038a606649	assess financial viability	skill
4e4a291d-1d38-4c5a-812a-5827d0691b11	budget analyst	essential	http://data.europa.eu/esco/skill/39e43f7c-a95e-4583-be76-bb134ccce1ae	financial department processes	knowledge
4e4a291d-1d38-4c5a-812a-5827d0691b11	budget analyst	essential	http://data.europa.eu/esco/skill/f75b740c-b36c-495e-bc67-efe347bbc6b5	company policies	knowledge
4e4a291d-1d38-4c5a-812a-5827d0691b11	budget analyst	essential	http://data.europa.eu/esco/skill/4f060129-8b75-4d58-a8dd-515bd8fef349	develop financial statistics reports	skill
4e4a291d-1d38-4c5a-812a-5827d0691b11	budget analyst	essential	http://data.europa.eu/esco/skill/6556cbf1-d5c0-4f53-89a9-8707066069a6	evaluate budgets	skill
4e4a291d-1d38-4c5a-812a-5827d0691b11	budget analyst	optional	http://data.europa.eu/esco/skill/5c99d21a-9d02-4638-9b52-a6ba840dcb0a	synthesise financial information	skill
4e4a291d-1d38-4c5a-812a-5827d0691b11	budget analyst	optional	http://data.europa.eu/esco/skill/cb059032-dd34-4761-a786-98cfb9d0efe3	explain accounting records	skill
4e4a291d-1d38-4c5a-812a-5827d0691b11	budget analyst	optional	http://data.europa.eu/esco/skill/dccbdbb8-7266-4fb4-a4cf-29056f102f12	budget for financial needs	skill
4e4a291d-1d38-4c5a-812a-5827d0691b11	budget analyst	optional	http://data.europa.eu/esco/skill/660060e4-c418-4049-836b-beade5f8a4a8	create annual marketing budget	skill
4e4a291d-1d38-4c5a-812a-5827d0691b11	budget analyst	optional	http://data.europa.eu/esco/skill/387ee646-0aaa-4161-ab3b-cde87ec09fdf	public finance	knowledge
4e4a291d-1d38-4c5a-812a-5827d0691b11	budget analyst	optional	http://data.europa.eu/esco/skill/d41262ae-eca1-4ede-89a8-46d2d99a7a31	consider economic criteria in decision making	skill
4e4a291d-1d38-4c5a-812a-5827d0691b11	budget analyst	optional	http://data.europa.eu/esco/skill/21c5790c-0930-4d74-b3b0-84caf5af12ea	manage budgets	skill
4e4a291d-1d38-4c5a-812a-5827d0691b11	budget analyst	optional	http://data.europa.eu/esco/skill/a9640376-8d72-4a70-a4a3-7a18e2e8f3c0	advise on public finance	skill
4e4a291d-1d38-4c5a-812a-5827d0691b11	budget analyst	optional	http://data.europa.eu/esco/skill/1951e126-6c66-46cf-9345-d4941c85bc2a	inspect government expenditures	skill
4e4a291d-1d38-4c5a-812a-5827d0691b11	budget analyst	optional	http://data.europa.eu/esco/skill/3556c075-eee0-4549-b730-48ae70cb5af9	funding methods	knowledge
4e4a291d-1d38-4c5a-812a-5827d0691b11	budget analyst	optional	http://data.europa.eu/esco/skill/56426cfa-6e92-4ed9-a632-f08849864588	review investment portfolios	skill
4e4a291d-1d38-4c5a-812a-5827d0691b11	budget analyst	optional	http://data.europa.eu/esco/skill/f241fbf8-08a2-4c05-b9c1-3438d3e648dd	revise drafts made by managers	skill
78db356f-a96a-4456-ab29-2de62e52f830	public finance accountant	essential	http://data.europa.eu/esco/skill/b0b453d0-c5d2-4799-ab26-8d90b17d0e67	develop account strategy	skill
78db356f-a96a-4456-ab29-2de62e52f830	public finance accountant	essential	http://data.europa.eu/esco/skill/1951e126-6c66-46cf-9345-d4941c85bc2a	inspect government expenditures	skill
78db356f-a96a-4456-ab29-2de62e52f830	public finance accountant	essential	http://data.europa.eu/esco/skill/880c54f9-866e-4f37-b5fa-25ef8a7d49b6	accounting techniques	knowledge
78db356f-a96a-4456-ab29-2de62e52f830	public finance accountant	essential	http://data.europa.eu/esco/skill/89ff28d6-342c-435d-83aa-83e71dbbbc96	conduct financial audits	skill
78db356f-a96a-4456-ab29-2de62e52f830	public finance accountant	essential	http://data.europa.eu/esco/skill/2ada2f9d-77f7-4ba0-9096-89ae285a65c5	monitor financial accounts	skill
78db356f-a96a-4456-ab29-2de62e52f830	public finance accountant	essential	http://data.europa.eu/esco/skill/61c25570-ca90-45ed-ac1c-f7d0fc21b32d	inspect government incomes	skill
78db356f-a96a-4456-ab29-2de62e52f830	public finance accountant	essential	http://data.europa.eu/esco/skill/dd7c9dfd-6e2c-46fd-aefc-369402d0200c	create a financial report	skill
78db356f-a96a-4456-ab29-2de62e52f830	public finance accountant	essential	http://data.europa.eu/esco/skill/2d008d5a-b7bd-46f7-bbb1-5d70a0af9c84	control financial resources	skill
78db356f-a96a-4456-ab29-2de62e52f830	public finance accountant	essential	http://data.europa.eu/esco/skill/4b2db903-cd8e-48ce-97fb-a92db4def54e	financial forecasting	knowledge
78db356f-a96a-4456-ab29-2de62e52f830	public finance accountant	essential	http://data.europa.eu/esco/skill/387ee646-0aaa-4161-ab3b-cde87ec09fdf	public finance	knowledge
78db356f-a96a-4456-ab29-2de62e52f830	public finance accountant	essential	http://data.europa.eu/esco/skill/74688c5d-2af1-4f7a-9d1c-00e808eaa1e6	budgetary principles	knowledge
78db356f-a96a-4456-ab29-2de62e52f830	public finance accountant	essential	http://data.europa.eu/esco/skill/d669af41-756c-48d9-a286-1443253f54b1	tax legislation	knowledge
78db356f-a96a-4456-ab29-2de62e52f830	public finance accountant	optional	http://data.europa.eu/esco/skill/21c5790c-0930-4d74-b3b0-84caf5af12ea	manage budgets	skill
78db356f-a96a-4456-ab29-2de62e52f830	public finance accountant	optional	http://data.europa.eu/esco/skill/5c2a951c-9eb3-45a7-af45-39f3bf3a095d	debt classification	knowledge
78db356f-a96a-4456-ab29-2de62e52f830	public finance accountant	optional	http://data.europa.eu/esco/skill/339ac029-066a-4985-9f9d-b3d7c8fea0bb	manage staff	skill
78db356f-a96a-4456-ab29-2de62e52f830	public finance accountant	optional	http://data.europa.eu/esco/skill/a9640376-8d72-4a70-a4a3-7a18e2e8f3c0	advise on public finance	skill
78db356f-a96a-4456-ab29-2de62e52f830	public finance accountant	optional	http://data.europa.eu/esco/skill/3d3ee5c3-4286-457f-9f76-1704011f7e11	comply with legal regulations	skill
78db356f-a96a-4456-ab29-2de62e52f830	public finance accountant	optional	http://data.europa.eu/esco/skill/2ecf90f1-c511-464b-b26f-598d69182c70	calculate tax	skill
78db356f-a96a-4456-ab29-2de62e52f830	public finance accountant	optional	http://data.europa.eu/esco/skill/7f7756fc-d89d-41d5-93ef-85991603f4ad	manage financial risk	skill
78db356f-a96a-4456-ab29-2de62e52f830	public finance accountant	optional	http://data.europa.eu/esco/skill/f7e7ccb6-fadc-4c35-935d-e1040be40dfe	handle financial transactions	skill
78db356f-a96a-4456-ab29-2de62e52f830	public finance accountant	optional	http://data.europa.eu/esco/skill/b216d9a2-7d4e-4312-8d05-e375f4ab44d8	ensure cross-department cooperation	skill
78db356f-a96a-4456-ab29-2de62e52f830	public finance accountant	optional	http://data.europa.eu/esco/skill/efb523d0-c998-440d-8639-cd14ba841c4c	public law	knowledge
78db356f-a96a-4456-ab29-2de62e52f830	public finance accountant	optional	http://data.europa.eu/esco/skill/77e7cb08-2c6f-42ab-881b-b34b2318acbe	manage administrative systems	skill
78db356f-a96a-4456-ab29-2de62e52f830	public finance accountant	optional	http://data.europa.eu/esco/skill/b497a163-daf4-4f1b-a6ba-8c640d803979	debt systems	knowledge
78db356f-a96a-4456-ab29-2de62e52f830	public finance accountant	optional	http://data.europa.eu/esco/skill/e2e15494-65b9-4af5-8b86-53fb51e7e022	manage accounts	skill
78db356f-a96a-4456-ab29-2de62e52f830	public finance accountant	optional	http://data.europa.eu/esco/skill/2ff405ec-f59c-4a7b-84b6-9776a49582c4	bookkeeping regulations	knowledge
78db356f-a96a-4456-ab29-2de62e52f830	public finance accountant	optional	http://data.europa.eu/esco/skill/c33dd5ae-ae72-49d7-8dcf-8bc72e59fe78	civil law	knowledge
78db356f-a96a-4456-ab29-2de62e52f830	public finance accountant	optional	http://data.europa.eu/esco/skill/d39022ab-d102-4720-b689-540d6f056b17	public administration	knowledge
5e5b1b61-1351-4d3b-a293-deb3661715dd	financial controller	essential	http://data.europa.eu/esco/skill/8a43795b-bb38-4f29-91df-a6c92ad4643c	analyse financial performance of a company	skill
5e5b1b61-1351-4d3b-a293-deb3661715dd	financial controller	essential	http://data.europa.eu/esco/skill/4a460161-eaea-4fe2-bd0e-164ccc635be1	financial statements	knowledge
5e5b1b61-1351-4d3b-a293-deb3661715dd	financial controller	essential	http://data.europa.eu/esco/skill/5c99d21a-9d02-4638-9b52-a6ba840dcb0a	synthesise financial information	skill
5e5b1b61-1351-4d3b-a293-deb3661715dd	financial controller	essential	http://data.europa.eu/esco/skill/08371fe9-c658-4f6a-966f-71dbb0ab683d	accounting department processes	knowledge
5e5b1b61-1351-4d3b-a293-deb3661715dd	financial controller	essential	http://data.europa.eu/esco/skill/cb059032-dd34-4761-a786-98cfb9d0efe3	explain accounting records	skill
5e5b1b61-1351-4d3b-a293-deb3661715dd	financial controller	essential	http://data.europa.eu/esco/skill/5f1d1319-7954-4a9b-90c7-57668e3a0d4b	interpret financial statements	skill
5e5b1b61-1351-4d3b-a293-deb3661715dd	financial controller	essential	http://data.europa.eu/esco/skill/60f51172-37c0-4933-a27a-cbf55dcd7580	prepare financial statements	skill
5e5b1b61-1351-4d3b-a293-deb3661715dd	financial controller	essential	http://data.europa.eu/esco/skill/6556cbf1-d5c0-4f53-89a9-8707066069a6	evaluate budgets	skill
5e5b1b61-1351-4d3b-a293-deb3661715dd	financial controller	essential	http://data.europa.eu/esco/skill/8dcbcabe-09f7-4d11-940d-125af57bbc40	track key performance indicators	skill
5e5b1b61-1351-4d3b-a293-deb3661715dd	financial controller	essential	http://data.europa.eu/esco/skill/39e43f7c-a95e-4583-be76-bb134ccce1ae	financial department processes	knowledge
5e5b1b61-1351-4d3b-a293-deb3661715dd	financial controller	essential	http://data.europa.eu/esco/skill/4f060129-8b75-4d58-a8dd-515bd8fef349	develop financial statistics reports	skill
5e5b1b61-1351-4d3b-a293-deb3661715dd	financial controller	essential	http://data.europa.eu/esco/skill/56ff27ef-2565-45bf-a70c-f06d78d2a480	create a financial plan	skill
5e5b1b61-1351-4d3b-a293-deb3661715dd	financial controller	essential	http://data.europa.eu/esco/skill/83e97138-899a-4af8-9187-47823e875841	follow the statutory obligations	skill
5e5b1b61-1351-4d3b-a293-deb3661715dd	financial controller	essential	http://data.europa.eu/esco/skill/d6e78d9a-deca-4bcb-b08d-011b2616758d	ensure compliance with accounting conventions	skill
5e5b1b61-1351-4d3b-a293-deb3661715dd	financial controller	essential	http://data.europa.eu/esco/skill/b08ec8ff-1a3e-4cc3-8016-9520b21666a6	exert expenditure control	skill
5e5b1b61-1351-4d3b-a293-deb3661715dd	financial controller	essential	http://data.europa.eu/esco/skill/d669af41-756c-48d9-a286-1443253f54b1	tax legislation	knowledge
5e5b1b61-1351-4d3b-a293-deb3661715dd	financial controller	essential	http://data.europa.eu/esco/skill/2313b15d-a9a7-4830-9bcc-fd7df79d842b	enforce financial policies	skill
5e5b1b61-1351-4d3b-a293-deb3661715dd	financial controller	optional	http://data.europa.eu/esco/skill/79c36c91-28a5-44b7-ab9b-7093b2d4b21e	advise on financial matters	skill
5e5b1b61-1351-4d3b-a293-deb3661715dd	financial controller	optional	http://data.europa.eu/esco/skill/401d8d12-b56d-4c71-ac58-f791e8c085b4	liaise with financiers	skill
5e5b1b61-1351-4d3b-a293-deb3661715dd	financial controller	optional	http://data.europa.eu/esco/skill/91003b4a-f2aa-4472-a9c1-4597abb518f2	insolvency law	knowledge
5e5b1b61-1351-4d3b-a293-deb3661715dd	financial controller	optional	http://data.europa.eu/esco/skill/5f1ebff6-98ec-411f-a1d4-0bf04bd03bdf	check accounting records	skill
5e5b1b61-1351-4d3b-a293-deb3661715dd	financial controller	optional	http://data.europa.eu/esco/skill/22a173f5-868c-4d82-87e6-beed500ce070	prepare tax returns forms	skill
5e5b1b61-1351-4d3b-a293-deb3661715dd	financial controller	optional	http://data.europa.eu/esco/skill/b5cb259e-83e7-48f5-950e-245d5b5fd6d0	draft accounting procedures	skill
5e5b1b61-1351-4d3b-a293-deb3661715dd	financial controller	optional	http://data.europa.eu/esco/skill/dc417e19-edb4-4401-883a-2375f67a162f	manage the general ledger	skill
5e5b1b61-1351-4d3b-a293-deb3661715dd	financial controller	optional	http://data.europa.eu/esco/skill/eb8babfb-ab91-4937-a032-6a79f82e9b7f	analyse financial risk	skill
5e5b1b61-1351-4d3b-a293-deb3661715dd	financial controller	optional	http://data.europa.eu/esco/skill/147170ba-0141-4337-89af-b4513d745afe	support development of annual budget	skill
5e5b1b61-1351-4d3b-a293-deb3661715dd	financial controller	optional	http://data.europa.eu/esco/skill/161a6c5a-593a-4977-b7b7-49c6a2a2f2a3	advise on tax planning	skill
5e5b1b61-1351-4d3b-a293-deb3661715dd	financial controller	optional	http://data.europa.eu/esco/skill/3e9b580d-811b-48df-a5d1-a7bdd26f901f	prepare financial auditing reports	skill
5e5b1b61-1351-4d3b-a293-deb3661715dd	financial controller	optional	http://data.europa.eu/esco/skill/7ee4c2ea-b349-4bd2-81a3-ec31475d4833	statistics	knowledge
5e5b1b61-1351-4d3b-a293-deb3661715dd	financial controller	optional	http://data.europa.eu/esco/skill/4b2db903-cd8e-48ce-97fb-a92db4def54e	financial forecasting	knowledge
5e5b1b61-1351-4d3b-a293-deb3661715dd	financial controller	optional	http://data.europa.eu/esco/skill/f5652e8e-7e25-4f3a-bd31-509c8406213f	supervise accounting operations	skill
5e5b1b61-1351-4d3b-a293-deb3661715dd	financial controller	optional	http://data.europa.eu/esco/skill/8f9e8842-94f3-48d5-8d09-c43829bcabc5	liaise with shareholders	skill
5e5b1b61-1351-4d3b-a293-deb3661715dd	financial controller	optional	http://data.europa.eu/esco/skill/1951e126-6c66-46cf-9345-d4941c85bc2a	inspect government expenditures	skill
5e5b1b61-1351-4d3b-a293-deb3661715dd	financial controller	optional	http://data.europa.eu/esco/skill/b8656b5c-e3f0-4418-82ff-87b5f677f9e8	disseminate information on tax legislation	skill
5e5b1b61-1351-4d3b-a293-deb3661715dd	financial controller	optional	http://data.europa.eu/esco/skill/24e67151-ff7e-43e2-99c0-424a758278a4	liaise with auditors	skill
5e5b1b61-1351-4d3b-a293-deb3661715dd	financial controller	optional	http://data.europa.eu/esco/skill/4cfc7ef6-e251-4c93-bd5e-fd6936dee11c	manage profitability	skill
5e5b1b61-1351-4d3b-a293-deb3661715dd	financial controller	optional	http://data.europa.eu/esco/skill/21c5790c-0930-4d74-b3b0-84caf5af12ea	manage budgets	skill
30f3ea93-882a-4525-841c-1d5b4b64076f	financial manager	essential	http://data.europa.eu/esco/skill/22a173f5-868c-4d82-87e6-beed500ce070	prepare tax returns forms	skill
30f3ea93-882a-4525-841c-1d5b4b64076f	financial manager	essential	http://data.europa.eu/esco/skill/99571e68-801f-49af-a897-5f75996642e1	financial analysis	knowledge
30f3ea93-882a-4525-841c-1d5b4b64076f	financial manager	essential	http://data.europa.eu/esco/skill/292549e6-08ec-456c-b008-eba7a0a68428	analyse market financial trends	skill
30f3ea93-882a-4525-841c-1d5b4b64076f	financial manager	essential	http://data.europa.eu/esco/skill/e2e15494-65b9-4af5-8b86-53fb51e7e022	manage accounts	skill
30f3ea93-882a-4525-841c-1d5b4b64076f	financial manager	essential	http://data.europa.eu/esco/skill/dd7c9dfd-6e2c-46fd-aefc-369402d0200c	create a financial report	skill
30f3ea93-882a-4525-841c-1d5b4b64076f	financial manager	essential	http://data.europa.eu/esco/skill/3556c075-eee0-4549-b730-48ae70cb5af9	funding methods	knowledge
30f3ea93-882a-4525-841c-1d5b4b64076f	financial manager	essential	http://data.europa.eu/esco/skill/f5f5b244-6cea-4fbc-8a50-8f712791bc09	follow company standards	skill
30f3ea93-882a-4525-841c-1d5b4b64076f	financial manager	essential	http://data.europa.eu/esco/skill/2a2fa8e8-aaf3-4abf-a60b-af6415f1c6d4	strive for company growth	skill
30f3ea93-882a-4525-841c-1d5b4b64076f	financial manager	essential	http://data.europa.eu/esco/skill/f14ff4b7-be1e-4b55-b39b-520005f8a97e	liaise with managers	skill
30f3ea93-882a-4525-841c-1d5b4b64076f	financial manager	essential	http://data.europa.eu/esco/skill/2ada2f9d-77f7-4ba0-9096-89ae285a65c5	monitor financial accounts	skill
30f3ea93-882a-4525-841c-1d5b4b64076f	financial manager	essential	http://data.europa.eu/esco/skill/7d35602d-bc94-4975-aa7c-f4e8e05ce8e0	cost management	knowledge
30f3ea93-882a-4525-841c-1d5b4b64076f	financial manager	essential	http://data.europa.eu/esco/skill/d669af41-756c-48d9-a286-1443253f54b1	tax legislation	knowledge
30f3ea93-882a-4525-841c-1d5b4b64076f	financial manager	essential	http://data.europa.eu/esco/skill/6556cbf1-d5c0-4f53-89a9-8707066069a6	evaluate budgets	skill
30f3ea93-882a-4525-841c-1d5b4b64076f	financial manager	essential	http://data.europa.eu/esco/skill/880c54f9-866e-4f37-b5fa-25ef8a7d49b6	accounting techniques	knowledge
30f3ea93-882a-4525-841c-1d5b4b64076f	financial manager	essential	http://data.europa.eu/esco/skill/4a460161-eaea-4fe2-bd0e-164ccc635be1	financial statements	knowledge
30f3ea93-882a-4525-841c-1d5b4b64076f	financial manager	essential	http://data.europa.eu/esco/skill/3c209873-c757-47bb-91b5-9b6dc05df116	banking activities	knowledge
30f3ea93-882a-4525-841c-1d5b4b64076f	financial manager	essential	http://data.europa.eu/esco/skill/76eeb2ff-8df6-4b04-afbb-c5813da826c2	monitor charity's budget	skill
30f3ea93-882a-4525-841c-1d5b4b64076f	financial manager	essential	http://data.europa.eu/esco/skill/781797f4-c2c3-49a4-a80d-eb81eb4f818c	liquidity management	knowledge
30f3ea93-882a-4525-841c-1d5b4b64076f	financial manager	essential	http://data.europa.eu/esco/skill/79c36c91-28a5-44b7-ab9b-7093b2d4b21e	advise on financial matters	skill
30f3ea93-882a-4525-841c-1d5b4b64076f	financial manager	essential	http://data.europa.eu/esco/skill/749ce4c2-4dfd-461a-a8f3-0f6914814d3e	securities	knowledge
30f3ea93-882a-4525-841c-1d5b4b64076f	financial manager	essential	http://data.europa.eu/esco/skill/88af9294-b697-4687-ae19-aefbb6234dfa	economics	knowledge
30f3ea93-882a-4525-841c-1d5b4b64076f	financial manager	essential	http://data.europa.eu/esco/skill/4b2db903-cd8e-48ce-97fb-a92db4def54e	financial forecasting	knowledge
30f3ea93-882a-4525-841c-1d5b4b64076f	financial manager	essential	http://data.europa.eu/esco/skill/21c5790c-0930-4d74-b3b0-84caf5af12ea	manage budgets	skill
30f3ea93-882a-4525-841c-1d5b4b64076f	financial manager	essential	http://data.europa.eu/esco/skill/307ffd2d-8fb3-43ff-8ad8-4052382f8f83	report on overall management of a business	skill
30f3ea93-882a-4525-841c-1d5b4b64076f	financial manager	essential	http://data.europa.eu/esco/skill/60f51172-37c0-4933-a27a-cbf55dcd7580	prepare financial statements	skill
30f3ea93-882a-4525-841c-1d5b4b64076f	financial manager	essential	http://data.europa.eu/esco/skill/08371fe9-c658-4f6a-966f-71dbb0ab683d	accounting department processes	knowledge
30f3ea93-882a-4525-841c-1d5b4b64076f	financial manager	essential	http://data.europa.eu/esco/skill/2313b15d-a9a7-4830-9bcc-fd7df79d842b	enforce financial policies	skill
30f3ea93-882a-4525-841c-1d5b4b64076f	financial manager	essential	http://data.europa.eu/esco/skill/24e67151-ff7e-43e2-99c0-424a758278a4	liaise with auditors	skill
30f3ea93-882a-4525-841c-1d5b4b64076f	financial manager	essential	http://data.europa.eu/esco/skill/56ff27ef-2565-45bf-a70c-f06d78d2a480	create a financial plan	skill
30f3ea93-882a-4525-841c-1d5b4b64076f	financial manager	essential	http://data.europa.eu/esco/skill/52e53619-fa77-4f72-b237-5e4aae784dc2	financial management	knowledge
30f3ea93-882a-4525-841c-1d5b4b64076f	financial manager	essential	http://data.europa.eu/esco/skill/ecc18804-a466-40d9-98b4-fba5cd67dd4b	accounting	knowledge
30f3ea93-882a-4525-841c-1d5b4b64076f	financial manager	essential	http://data.europa.eu/esco/skill/8a43795b-bb38-4f29-91df-a6c92ad4643c	analyse financial performance of a company	skill
30f3ea93-882a-4525-841c-1d5b4b64076f	financial manager	essential	http://data.europa.eu/esco/skill/99b163e8-7815-43e2-83f3-a47f3076354c	accounting entries	knowledge
30f3ea93-882a-4525-841c-1d5b4b64076f	financial manager	essential	http://data.europa.eu/esco/skill/2d008d5a-b7bd-46f7-bbb1-5d70a0af9c84	control financial resources	skill
30f3ea93-882a-4525-841c-1d5b4b64076f	financial manager	essential	http://data.europa.eu/esco/skill/147170ba-0141-4337-89af-b4513d745afe	support development of annual budget	skill
30f3ea93-882a-4525-841c-1d5b4b64076f	financial manager	essential	http://data.europa.eu/esco/skill/5da3c765-10a3-49eb-934c-ec401ceb1a34	analyse business plans	skill
30f3ea93-882a-4525-841c-1d5b4b64076f	financial manager	essential	http://data.europa.eu/esco/skill/f5652e8e-7e25-4f3a-bd31-509c8406213f	supervise accounting operations	skill
30f3ea93-882a-4525-841c-1d5b4b64076f	financial manager	essential	http://data.europa.eu/esco/skill/39e43f7c-a95e-4583-be76-bb134ccce1ae	financial department processes	knowledge
30f3ea93-882a-4525-841c-1d5b4b64076f	financial manager	optional	http://data.europa.eu/esco/skill/658a38bd-6954-4a2a-945c-42330c5d13b9	manage corporate bank accounts	skill
30f3ea93-882a-4525-841c-1d5b4b64076f	financial manager	optional	http://data.europa.eu/esco/skill/6f6163dc-a801-416c-86e9-ce857d71c24d	real estate market	knowledge
30f3ea93-882a-4525-841c-1d5b4b64076f	financial manager	optional	http://data.europa.eu/esco/skill/0bd4c62a-c309-467e-be76-8403b3f3a1a8	financial products	knowledge
30f3ea93-882a-4525-841c-1d5b4b64076f	financial manager	optional	http://data.europa.eu/esco/skill/648782e0-b5e5-4e59-bed0-627aa8ac29f0	maintain records of financial transactions	skill
30f3ea93-882a-4525-841c-1d5b4b64076f	financial manager	optional	http://data.europa.eu/esco/skill/74688c5d-2af1-4f7a-9d1c-00e808eaa1e6	budgetary principles	knowledge
30f3ea93-882a-4525-841c-1d5b4b64076f	financial manager	optional	http://data.europa.eu/esco/skill/d77d7685-04fb-43a4-a1ac-09a10811f646	corporate law	knowledge
30f3ea93-882a-4525-841c-1d5b4b64076f	financial manager	optional	http://data.europa.eu/esco/skill/d74df140-eb69-43e2-bac9-1cafc824d702	execute feasibility study	skill
30f3ea93-882a-4525-841c-1d5b4b64076f	financial manager	optional	http://data.europa.eu/esco/skill/3a876d1c-3dd5-45ed-9a27-47cdbee46ce7	ensure information transparency	skill
30f3ea93-882a-4525-841c-1d5b4b64076f	financial manager	optional	http://data.europa.eu/esco/skill/5f1ebff6-98ec-411f-a1d4-0bf04bd03bdf	check accounting records	skill
30f3ea93-882a-4525-841c-1d5b4b64076f	financial manager	optional	http://data.europa.eu/esco/skill/2ff405ec-f59c-4a7b-84b6-9776a49582c4	bookkeeping regulations	knowledge
30f3ea93-882a-4525-841c-1d5b4b64076f	financial manager	optional	http://data.europa.eu/esco/skill/ee7f90cc-922e-4da7-a7ae-83c2688fed10	align efforts towards business development	skill
30f3ea93-882a-4525-841c-1d5b4b64076f	financial manager	optional	http://data.europa.eu/esco/skill/161a6c5a-593a-4977-b7b7-49c6a2a2f2a3	advise on tax planning	skill
30f3ea93-882a-4525-841c-1d5b4b64076f	financial manager	optional	http://data.europa.eu/esco/skill/7ee4c2ea-b349-4bd2-81a3-ec31475d4833	statistics	knowledge
30f3ea93-882a-4525-841c-1d5b4b64076f	financial manager	optional	http://data.europa.eu/esco/skill/d0c425c6-e3de-465e-923d-d4d30ec4be9b	national generally accepted accounting principles	knowledge
30f3ea93-882a-4525-841c-1d5b4b64076f	financial manager	optional	http://data.europa.eu/esco/skill/3e9b580d-811b-48df-a5d1-a7bdd26f901f	prepare financial auditing reports	skill
30f3ea93-882a-4525-841c-1d5b4b64076f	financial manager	optional	http://data.europa.eu/esco/skill/e92f4673-1dec-41ec-b6ec-36fef226359c	provide financial product information	skill
30f3ea93-882a-4525-841c-1d5b4b64076f	financial manager	optional	http://data.europa.eu/esco/skill/cd5efa8c-e44d-4cbc-91c6-796018dbed68	perform project management	skill
30f3ea93-882a-4525-841c-1d5b4b64076f	financial manager	optional	http://data.europa.eu/esco/skill/f7e7ccb6-fadc-4c35-935d-e1040be40dfe	handle financial transactions	skill
30f3ea93-882a-4525-841c-1d5b4b64076f	financial manager	optional	http://data.europa.eu/esco/skill/541cdc23-1eec-4520-81fc-3392eaf538ed	fraud detection	knowledge
30f3ea93-882a-4525-841c-1d5b4b64076f	financial manager	optional	http://data.europa.eu/esco/skill/dccbdbb8-7266-4fb4-a4cf-29056f102f12	budget for financial needs	skill
30f3ea93-882a-4525-841c-1d5b4b64076f	financial manager	optional	http://data.europa.eu/esco/skill/d0f2f8a7-d935-4a6d-8e54-dcc3e5e2cbeb	present reports	skill
30f3ea93-882a-4525-841c-1d5b4b64076f	financial manager	optional	http://data.europa.eu/esco/skill/0efbe2dc-2770-47ec-b8f4-d1bdff6ac0a4	advise on risk management	skill
30f3ea93-882a-4525-841c-1d5b4b64076f	financial manager	optional	http://data.europa.eu/esco/skill/f60c9e52-95fc-4ca1-a73c-18a491153b63	make strategic business decisions	skill
30f3ea93-882a-4525-841c-1d5b4b64076f	financial manager	optional	http://data.europa.eu/esco/skill/4cfc7ef6-e251-4c93-bd5e-fd6936dee11c	manage profitability	skill
30f3ea93-882a-4525-841c-1d5b4b64076f	financial manager	optional	http://data.europa.eu/esco/skill/dc417e19-edb4-4401-883a-2375f67a162f	manage the general ledger	skill
30f3ea93-882a-4525-841c-1d5b4b64076f	financial manager	optional	http://data.europa.eu/esco/skill/d6e78d9a-deca-4bcb-b08d-011b2616758d	ensure compliance with accounting conventions	skill
30f3ea93-882a-4525-841c-1d5b4b64076f	financial manager	optional	http://data.europa.eu/esco/skill/eb8babfb-ab91-4937-a032-6a79f82e9b7f	analyse financial risk	skill
30f3ea93-882a-4525-841c-1d5b4b64076f	financial manager	optional	http://data.europa.eu/esco/skill/66baba7d-178e-4c51-935f-03a9049ff2f6	communicate with banking professionals	skill
30f3ea93-882a-4525-841c-1d5b4b64076f	financial manager	optional	http://data.europa.eu/esco/skill/4cb51222-3e2e-417c-9a5c-e9ccf262721d	ensure compliance with company regulations	skill
30f3ea93-882a-4525-841c-1d5b4b64076f	financial manager	optional	http://data.europa.eu/esco/skill/bf12b461-1c53-4d81-a395-8ba77f7483c4	investment analysis	knowledge
30f3ea93-882a-4525-841c-1d5b4b64076f	financial manager	optional	http://data.europa.eu/esco/skill/c0949c80-94c5-4bf1-8e05-ebed75807c01	liaise with board members	skill
30f3ea93-882a-4525-841c-1d5b4b64076f	financial manager	optional	http://data.europa.eu/esco/skill/4a855abe-ac5b-4e95-ac10-3c1adceeee28	international financial reporting standards	knowledge
30f3ea93-882a-4525-841c-1d5b4b64076f	financial manager	optional	http://data.europa.eu/esco/skill/b895bd42-0009-4815-a150-eb9eb5caec21	stock market	knowledge
30f3ea93-882a-4525-841c-1d5b4b64076f	financial manager	optional	http://data.europa.eu/esco/skill/0c9da986-721e-4f75-b566-0c6c212a8f60	make investment decisions	skill
30f3ea93-882a-4525-841c-1d5b4b64076f	financial manager	optional	http://data.europa.eu/esco/skill/11cbcf7f-8dc3-4c9a-9ec1-37f51b5cbc19	international trade	knowledge
30f3ea93-882a-4525-841c-1d5b4b64076f	financial manager	optional	http://data.europa.eu/esco/skill/ba2c6181-b036-40b4-8f6d-51499463ccbb	develop company strategies	skill
30f3ea93-882a-4525-841c-1d5b4b64076f	financial manager	optional	http://data.europa.eu/esco/skill/58d8e348-8bbc-4827-9214-822b1ee0007a	advise on investment	skill
30f3ea93-882a-4525-841c-1d5b4b64076f	financial manager	optional	http://data.europa.eu/esco/skill/56c59e98-f133-48ad-9d01-f357a8e2c218	estimate profitability	skill
30f3ea93-882a-4525-841c-1d5b4b64076f	financial manager	optional	http://data.europa.eu/esco/skill/1638fad2-6858-477d-8ee9-2aa463870602	manage securities	skill
30f3ea93-882a-4525-841c-1d5b4b64076f	financial manager	optional	http://data.europa.eu/esco/skill/da1398ac-6955-4cf3-9225-67f16e41dbdc	collect financial data	skill
30f3ea93-882a-4525-841c-1d5b4b64076f	financial manager	optional	http://data.europa.eu/esco/skill/8f9e8842-94f3-48d5-8d09-c43829bcabc5	liaise with shareholders	skill
30f3ea93-882a-4525-841c-1d5b4b64076f	financial manager	optional	http://data.europa.eu/esco/skill/5c99d21a-9d02-4638-9b52-a6ba840dcb0a	synthesise financial information	skill
30f3ea93-882a-4525-841c-1d5b4b64076f	financial manager	optional	http://data.europa.eu/esco/skill/16594fea-3004-4730-838f-e35a432b49da	perform stock valuation	skill
30f3ea93-882a-4525-841c-1d5b4b64076f	financial manager	optional	http://data.europa.eu/esco/skill/387ee646-0aaa-4161-ab3b-cde87ec09fdf	public finance	knowledge
30f3ea93-882a-4525-841c-1d5b4b64076f	financial manager	optional	http://data.europa.eu/esco/skill/a9640376-8d72-4a70-a4a3-7a18e2e8f3c0	advise on public finance	skill
30f3ea93-882a-4525-841c-1d5b4b64076f	financial manager	optional	http://data.europa.eu/esco/skill/e4c205f6-55ba-4bed-9c5d-2032058300c0	financial jurisdiction	knowledge
30f3ea93-882a-4525-841c-1d5b4b64076f	financial manager	optional	http://data.europa.eu/esco/skill/be252635-341e-4b1c-b94f-aef362b645ed	business loans	knowledge
30f3ea93-882a-4525-841c-1d5b4b64076f	financial manager	optional	http://data.europa.eu/esco/skill/5f1d1319-7954-4a9b-90c7-57668e3a0d4b	interpret financial statements	skill
30f3ea93-882a-4525-841c-1d5b4b64076f	financial manager	optional	http://data.europa.eu/esco/skill/2fd26ae6-bd98-46c7-b1ba-8a0b52734fac	debt collection techniques	knowledge
30f3ea93-882a-4525-841c-1d5b4b64076f	financial manager	optional	http://data.europa.eu/esco/skill/e4a57b51-16d7-4dfc-bb47-6aa401e39b2e	analyse insurance risk	skill
30f3ea93-882a-4525-841c-1d5b4b64076f	financial manager	optional	http://data.europa.eu/esco/skill/b497a163-daf4-4f1b-a6ba-8c640d803979	debt systems	knowledge
30f3ea93-882a-4525-841c-1d5b4b64076f	financial manager	optional	http://data.europa.eu/esco/skill/7f7756fc-d89d-41d5-93ef-85991603f4ad	manage financial risk	skill
30f3ea93-882a-4525-841c-1d5b4b64076f	financial manager	optional	http://data.europa.eu/esco/skill/e3c7bd87-edc1-4d9a-a3d5-36415de1aac6	offer financial services	skill
30f3ea93-882a-4525-841c-1d5b4b64076f	financial manager	optional	http://data.europa.eu/esco/skill/f7b5d916-52f0-4865-b6a6-e1a3b711cb5e	implement strategic planning	skill
30f3ea93-882a-4525-841c-1d5b4b64076f	financial manager	optional	http://data.europa.eu/esco/skill/8d3deb53-3998-42eb-97f3-4e8ccb7591a5	promote financial products	skill
30f3ea93-882a-4525-841c-1d5b4b64076f	financial manager	optional	http://data.europa.eu/esco/skill/339ac029-066a-4985-9f9d-b3d7c8fea0bb	manage staff	skill
30f3ea93-882a-4525-841c-1d5b4b64076f	financial manager	optional	http://data.europa.eu/esco/skill/cdbb225c-d69d-4442-8cdc-818b1fdda074	develop financial products	skill
30f3ea93-882a-4525-841c-1d5b4b64076f	financial manager	optional	http://data.europa.eu/esco/skill/a05ead02-1728-4d60-929c-7e7c3a87672c	operate financial instruments	skill
30f3ea93-882a-4525-841c-1d5b4b64076f	financial manager	optional	http://data.europa.eu/esco/skill/89ff28d6-342c-435d-83aa-83e71dbbbc96	conduct financial audits	skill
30f3ea93-882a-4525-841c-1d5b4b64076f	financial manager	optional	http://data.europa.eu/esco/skill/401d8d12-b56d-4c71-ac58-f791e8c085b4	liaise with financiers	skill
30f3ea93-882a-4525-841c-1d5b4b64076f	financial manager	optional	http://data.europa.eu/esco/skill/1dd23dba-dd00-45ab-abf4-642902538317	perform risk analysis	skill
30f3ea93-882a-4525-841c-1d5b4b64076f	financial manager	optional	http://data.europa.eu/esco/skill/b5cb259e-83e7-48f5-950e-245d5b5fd6d0	draft accounting procedures	skill
30f3ea93-882a-4525-841c-1d5b4b64076f	financial manager	optional	http://data.europa.eu/esco/skill/c5b90c0c-3af0-4c8c-a06c-cc3ced02242c	perform cost accounting activities	skill
30f3ea93-882a-4525-841c-1d5b4b64076f	financial manager	optional	http://data.europa.eu/esco/skill/cef5c0f8-1e40-4c09-b6a7-aa7811849e5d	ethics	knowledge
30f3ea93-882a-4525-841c-1d5b4b64076f	financial manager	optional	http://data.europa.eu/esco/skill/905b6acd-377b-46b9-9d80-e47e9ca789ca	financial markets	knowledge
30f3ea93-882a-4525-841c-1d5b4b64076f	financial manager	optional	http://data.europa.eu/esco/skill/0295b2a4-fb86-495f-9547-d479532fc4c2	trace financial transactions	skill
30f3ea93-882a-4525-841c-1d5b4b64076f	financial manager	optional	http://data.europa.eu/esco/skill/e95058a6-e139-42e7-a470-72038a606649	assess financial viability	skill
30f3ea93-882a-4525-841c-1d5b4b64076f	financial manager	optional	http://data.europa.eu/esco/skill/b216d9a2-7d4e-4312-8d05-e375f4ab44d8	ensure cross-department cooperation	skill
929ef41d-afd0-4d5a-b85b-69eab68fa368	legal assistant	essential	http://data.europa.eu/esco/skill/e2e15494-65b9-4af5-8b86-53fb51e7e022	manage accounts	skill
929ef41d-afd0-4d5a-b85b-69eab68fa368	legal assistant	essential	http://data.europa.eu/esco/skill/623c75fa-f9f8-460c-b199-e17480687139	meet deadlines for preparing legal cases	skill
929ef41d-afd0-4d5a-b85b-69eab68fa368	legal assistant	essential	http://data.europa.eu/esco/skill/2242a42b-f810-4007-bd9c-e761f863cfd9	handle case evidence	skill
929ef41d-afd0-4d5a-b85b-69eab68fa368	legal assistant	essential	http://data.europa.eu/esco/skill/66aad490-1c20-4e25-b189-634a218ee53e	legal case management	knowledge
929ef41d-afd0-4d5a-b85b-69eab68fa368	legal assistant	essential	http://data.europa.eu/esco/skill/3586cb90-3fff-48ae-847b-e28a6680a87a	private law	knowledge
929ef41d-afd0-4d5a-b85b-69eab68fa368	legal assistant	essential	http://data.europa.eu/esco/skill/8c4b7305-4b83-4586-9d42-2817f96c60ea	pose questions referring to documents	skill
929ef41d-afd0-4d5a-b85b-69eab68fa368	legal assistant	essential	http://data.europa.eu/esco/skill/64c074bf-1d14-4520-b561-e2fa05b7681c	study court hearings	skill
929ef41d-afd0-4d5a-b85b-69eab68fa368	legal assistant	essential	http://data.europa.eu/esco/skill/c68e4cc4-b842-4660-a84c-48f11c70f657	legal department processes	knowledge
929ef41d-afd0-4d5a-b85b-69eab68fa368	legal assistant	essential	http://data.europa.eu/esco/skill/81633a44-f1db-4a01-a940-804c6905e330	use word processing software	skill
929ef41d-afd0-4d5a-b85b-69eab68fa368	legal assistant	essential	http://data.europa.eu/esco/skill/82ae17ef-a422-4803-923e-d62da42476a9	revise legal documents	skill
929ef41d-afd0-4d5a-b85b-69eab68fa368	legal assistant	essential	http://data.europa.eu/esco/skill/c7e686a1-d03e-4641-a229-68247fdc5887	legal terminology	knowledge
929ef41d-afd0-4d5a-b85b-69eab68fa368	legal assistant	essential	http://data.europa.eu/esco/skill/db10b60e-efd2-4ba9-a873-d1e2ec37620f	court procedures	knowledge
929ef41d-afd0-4d5a-b85b-69eab68fa368	legal assistant	essential	http://data.europa.eu/esco/skill/e3211ab2-18b5-49b4-90de-d395f3be2378	execute working instructions	skill
929ef41d-afd0-4d5a-b85b-69eab68fa368	legal assistant	essential	http://data.europa.eu/esco/skill/a8585efe-4011-47b2-9aed-cd01bd3652c0	legal research	knowledge
929ef41d-afd0-4d5a-b85b-69eab68fa368	legal assistant	essential	http://data.europa.eu/esco/skill/1d7234e4-1c76-4d67-9487-71d8c529cdc9	compile legal documents	skill
929ef41d-afd0-4d5a-b85b-69eab68fa368	legal assistant	optional	http://data.europa.eu/esco/skill/7ec3c77b-1955-4397-9bd3-7b7b9d0b8531	manage personnel agenda	skill
929ef41d-afd0-4d5a-b85b-69eab68fa368	legal assistant	optional	http://data.europa.eu/esco/skill/8dc71fcf-2f4e-4877-92da-73d58547f2c0	assist judge	skill
929ef41d-afd0-4d5a-b85b-69eab68fa368	legal assistant	optional	http://data.europa.eu/esco/skill/c33dd5ae-ae72-49d7-8dcf-8bc72e59fe78	civil law	knowledge
929ef41d-afd0-4d5a-b85b-69eab68fa368	legal assistant	optional	http://data.europa.eu/esco/skill/48391ec6-42ba-4093-acf4-c7673b0c07f4	process commissioned instructions	skill
929ef41d-afd0-4d5a-b85b-69eab68fa368	legal assistant	optional	http://data.europa.eu/esco/skill/c1e2f8ab-43e1-49c7-8427-8923b90922c2	advise on legal services	skill
929ef41d-afd0-4d5a-b85b-69eab68fa368	legal assistant	optional	http://data.europa.eu/esco/skill/7c3865d1-e5a9-4043-a7a4-2e9e30468c0b	perform office routine activities	skill
929ef41d-afd0-4d5a-b85b-69eab68fa368	legal assistant	optional	http://data.europa.eu/esco/skill/2f55c7ff-7f64-4f67-ae49-8ab7c75c3864	brief court officials	skill
929ef41d-afd0-4d5a-b85b-69eab68fa368	legal assistant	optional	http://data.europa.eu/esco/skill/ab986bc4-df92-4351-9ac1-aa75af943cf7	perform clerical duties	skill
929ef41d-afd0-4d5a-b85b-69eab68fa368	legal assistant	optional	http://data.europa.eu/esco/skill/8b4e63f6-0194-4e3b-8dcc-e9636e6276b8	record court procedures	skill
929ef41d-afd0-4d5a-b85b-69eab68fa368	legal assistant	optional	http://data.europa.eu/esco/skill/87cadd76-4e3a-47e5-b66d-559fbc1e8993	respond to enquiries	skill
929ef41d-afd0-4d5a-b85b-69eab68fa368	legal assistant	optional	http://data.europa.eu/esco/skill/c32ad607-0c4d-4e34-b73f-668298f7bf13	apply technical communication skills	skill
929ef41d-afd0-4d5a-b85b-69eab68fa368	legal assistant	optional	http://data.europa.eu/esco/skill/637ca2e2-0624-48b1-be6e-9ff4580344ac	proofread text	skill
929ef41d-afd0-4d5a-b85b-69eab68fa368	legal assistant	optional	http://data.europa.eu/esco/skill/f85bb847-febe-4853-9dbf-7d25424e5921	civil process order	knowledge
929ef41d-afd0-4d5a-b85b-69eab68fa368	legal assistant	optional	http://data.europa.eu/esco/skill/8836a5a5-e2ff-4baf-aae3-bfb78a4cca7f	criminal law	knowledge
0264b794-3771-47aa-a675-78bf13b62ee7	legal administrative assistant	essential	http://data.europa.eu/esco/skill/de2f0ce8-f8d6-48c5-a213-4d065251cecf	communicate by telephone	skill
0264b794-3771-47aa-a675-78bf13b62ee7	legal administrative assistant	essential	http://data.europa.eu/esco/skill/c68e4cc4-b842-4660-a84c-48f11c70f657	legal department processes	knowledge
0264b794-3771-47aa-a675-78bf13b62ee7	legal administrative assistant	essential	http://data.europa.eu/esco/skill/7ec3c77b-1955-4397-9bd3-7b7b9d0b8531	manage personnel agenda	skill
0264b794-3771-47aa-a675-78bf13b62ee7	legal administrative assistant	essential	http://data.europa.eu/esco/skill/1d7234e4-1c76-4d67-9487-71d8c529cdc9	compile legal documents	skill
0264b794-3771-47aa-a675-78bf13b62ee7	legal administrative assistant	essential	http://data.europa.eu/esco/skill/c7e686a1-d03e-4641-a229-68247fdc5887	legal terminology	knowledge
0264b794-3771-47aa-a675-78bf13b62ee7	legal administrative assistant	essential	http://data.europa.eu/esco/skill/8d202e22-85e9-47b1-a1e0-3296d17244cd	observe confidentiality	skill
0264b794-3771-47aa-a675-78bf13b62ee7	legal administrative assistant	essential	http://data.europa.eu/esco/skill/7c3865d1-e5a9-4043-a7a4-2e9e30468c0b	perform office routine activities	skill
0264b794-3771-47aa-a675-78bf13b62ee7	legal administrative assistant	essential	http://data.europa.eu/esco/skill/3586cb90-3fff-48ae-847b-e28a6680a87a	private law	knowledge
0264b794-3771-47aa-a675-78bf13b62ee7	legal administrative assistant	essential	http://data.europa.eu/esco/skill/ab986bc4-df92-4351-9ac1-aa75af943cf7	perform clerical duties	skill
0264b794-3771-47aa-a675-78bf13b62ee7	legal administrative assistant	essential	http://data.europa.eu/esco/skill/623c75fa-f9f8-460c-b199-e17480687139	meet deadlines for preparing legal cases	skill
0264b794-3771-47aa-a675-78bf13b62ee7	legal administrative assistant	essential	http://data.europa.eu/esco/skill/0cd07ad3-642c-4073-812f-3842dffcd920	procedural law	knowledge
0264b794-3771-47aa-a675-78bf13b62ee7	legal administrative assistant	optional	http://data.europa.eu/esco/skill/82ae17ef-a422-4803-923e-d62da42476a9	revise legal documents	skill
0264b794-3771-47aa-a675-78bf13b62ee7	legal administrative assistant	optional	http://data.europa.eu/esco/skill/906c9e66-bdee-4f8e-93d7-88d9fcf39a0a	fix meetings	skill
0264b794-3771-47aa-a675-78bf13b62ee7	legal administrative assistant	optional	http://data.europa.eu/esco/skill/64c074bf-1d14-4520-b561-e2fa05b7681c	study court hearings	skill
0264b794-3771-47aa-a675-78bf13b62ee7	legal administrative assistant	optional	http://data.europa.eu/esco/skill/06e347f2-2504-4ee8-b7f7-8d9542f56207	translate keywords into full texts	skill
0264b794-3771-47aa-a675-78bf13b62ee7	legal administrative assistant	optional	http://data.europa.eu/esco/skill/e3e42d54-78bd-4337-aa87-bb31a7670c9a	issue sales invoices	skill
0264b794-3771-47aa-a675-78bf13b62ee7	legal administrative assistant	optional	http://data.europa.eu/esco/skill/f85bb847-febe-4853-9dbf-7d25424e5921	civil process order	knowledge
0264b794-3771-47aa-a675-78bf13b62ee7	legal administrative assistant	optional	http://data.europa.eu/esco/skill/b769f524-0f25-44d7-8538-5c46710a040e	manage digital documents	skill
0264b794-3771-47aa-a675-78bf13b62ee7	legal administrative assistant	optional	http://data.europa.eu/esco/skill/e2e15494-65b9-4af5-8b86-53fb51e7e022	manage accounts	skill
0264b794-3771-47aa-a675-78bf13b62ee7	legal administrative assistant	optional	http://data.europa.eu/esco/skill/2f55c7ff-7f64-4f67-ae49-8ab7c75c3864	brief court officials	skill
0264b794-3771-47aa-a675-78bf13b62ee7	legal administrative assistant	optional	http://data.europa.eu/esco/skill/db10b60e-efd2-4ba9-a873-d1e2ec37620f	court procedures	knowledge
0264b794-3771-47aa-a675-78bf13b62ee7	legal administrative assistant	optional	http://data.europa.eu/esco/skill/66aad490-1c20-4e25-b189-634a218ee53e	legal case management	knowledge
0264b794-3771-47aa-a675-78bf13b62ee7	legal administrative assistant	optional	http://data.europa.eu/esco/skill/81633a44-f1db-4a01-a940-804c6905e330	use word processing software	skill
0264b794-3771-47aa-a675-78bf13b62ee7	legal administrative assistant	optional	http://data.europa.eu/esco/skill/c33dd5ae-ae72-49d7-8dcf-8bc72e59fe78	civil law	knowledge
0264b794-3771-47aa-a675-78bf13b62ee7	legal administrative assistant	optional	http://data.europa.eu/esco/skill/c32ad607-0c4d-4e34-b73f-668298f7bf13	apply technical communication skills	skill
0264b794-3771-47aa-a675-78bf13b62ee7	legal administrative assistant	optional	http://data.europa.eu/esco/skill/2242a42b-f810-4007-bd9c-e761f863cfd9	handle case evidence	skill
0264b794-3771-47aa-a675-78bf13b62ee7	legal administrative assistant	optional	http://data.europa.eu/esco/skill/0167ee96-f478-4383-afe6-aabf387da5b3	liaise with typists	skill
0264b794-3771-47aa-a675-78bf13b62ee7	legal administrative assistant	optional	http://data.europa.eu/esco/skill/a8585efe-4011-47b2-9aed-cd01bd3652c0	legal research	knowledge
0264b794-3771-47aa-a675-78bf13b62ee7	legal administrative assistant	optional	http://data.europa.eu/esco/skill/ef18b91e-e917-42f1-a40c-8558b738ab35	decode handwritten texts	skill
974d4eab-fbee-4c52-b16e-73bdd8c25b53	lawyer	essential	http://data.europa.eu/esco/skill/db10b60e-efd2-4ba9-a873-d1e2ec37620f	court procedures	knowledge
974d4eab-fbee-4c52-b16e-73bdd8c25b53	lawyer	essential	http://data.europa.eu/esco/skill/39e7d2a3-8d01-497c-8c5f-d51ab53a4a22	present arguments persuasively	skill
974d4eab-fbee-4c52-b16e-73bdd8c25b53	lawyer	essential	http://data.europa.eu/esco/skill/5b71cb01-0f37-47e0-a617-abcf08c8aa64	interpret law	skill
974d4eab-fbee-4c52-b16e-73bdd8c25b53	lawyer	essential	http://data.europa.eu/esco/skill/1d7234e4-1c76-4d67-9487-71d8c529cdc9	compile legal documents	skill
974d4eab-fbee-4c52-b16e-73bdd8c25b53	lawyer	essential	http://data.europa.eu/esco/skill/66aad490-1c20-4e25-b189-634a218ee53e	legal case management	knowledge
974d4eab-fbee-4c52-b16e-73bdd8c25b53	lawyer	essential	http://data.europa.eu/esco/skill/303a54a3-ff8a-4f29-b598-e54ce54c2b48	analyse legal evidence	skill
974d4eab-fbee-4c52-b16e-73bdd8c25b53	lawyer	essential	http://data.europa.eu/esco/skill/56ab5131-93a0-4ce3-b840-6413e687c307	present legal arguments	skill
974d4eab-fbee-4c52-b16e-73bdd8c25b53	lawyer	essential	http://data.europa.eu/esco/skill/87cadd76-4e3a-47e5-b66d-559fbc1e8993	respond to enquiries	skill
974d4eab-fbee-4c52-b16e-73bdd8c25b53	lawyer	essential	http://data.europa.eu/esco/skill/3586cb90-3fff-48ae-847b-e28a6680a87a	private law	knowledge
974d4eab-fbee-4c52-b16e-73bdd8c25b53	lawyer	essential	http://data.europa.eu/esco/skill/8d202e22-85e9-47b1-a1e0-3296d17244cd	observe confidentiality	skill
974d4eab-fbee-4c52-b16e-73bdd8c25b53	lawyer	essential	http://data.europa.eu/esco/skill/e50189e9-ec1a-4155-b187-8d99620f42fa	negotiate lawyer's fee	skill
974d4eab-fbee-4c52-b16e-73bdd8c25b53	lawyer	essential	http://data.europa.eu/esco/skill/23b97a3e-dfde-4627-9d97-114a9f3e4cd0	negotiate in legal cases	skill
974d4eab-fbee-4c52-b16e-73bdd8c25b53	lawyer	essential	http://data.europa.eu/esco/skill/25a7fc25-f2fc-4bfd-9999-943c03d53372	protect client interests	skill
974d4eab-fbee-4c52-b16e-73bdd8c25b53	lawyer	essential	http://data.europa.eu/esco/skill/7726fc5e-a972-4f0a-abbe-6be3043422f9	represent clients in courts	skill
974d4eab-fbee-4c52-b16e-73bdd8c25b53	lawyer	optional	http://data.europa.eu/esco/skill/57beaad1-7c5e-4b17-a35f-31f49e1d7378	education law	knowledge
974d4eab-fbee-4c52-b16e-73bdd8c25b53	lawyer	optional	http://data.europa.eu/esco/skill/ce5598ec-5ca4-4f3e-92a2-c55c90ce6038	competition law	knowledge
974d4eab-fbee-4c52-b16e-73bdd8c25b53	lawyer	optional	http://data.europa.eu/esco/skill/2242a42b-f810-4007-bd9c-e761f863cfd9	handle case evidence	skill
974d4eab-fbee-4c52-b16e-73bdd8c25b53	lawyer	optional	http://data.europa.eu/esco/skill/a8585efe-4011-47b2-9aed-cd01bd3652c0	legal research	knowledge
974d4eab-fbee-4c52-b16e-73bdd8c25b53	lawyer	optional	http://data.europa.eu/esco/skill/509ff122-3546-40a7-ae02-3ee7395b3a76	road transport legislation	knowledge
974d4eab-fbee-4c52-b16e-73bdd8c25b53	lawyer	optional	http://data.europa.eu/esco/skill/92721092-fe7c-4689-96bd-4f02385bc0e7	manage contracts	skill
974d4eab-fbee-4c52-b16e-73bdd8c25b53	lawyer	optional	http://data.europa.eu/esco/skill/a3aa300b-6636-40fc-abe7-4ab3808dd742	international law	knowledge
974d4eab-fbee-4c52-b16e-73bdd8c25b53	lawyer	optional	http://data.europa.eu/esco/skill/0295b2a4-fb86-495f-9547-d479532fc4c2	trace financial transactions	skill
974d4eab-fbee-4c52-b16e-73bdd8c25b53	lawyer	optional	http://data.europa.eu/esco/skill/97b713f0-b9e8-4903-8dee-7e0b4019a1c0	employment law	knowledge
974d4eab-fbee-4c52-b16e-73bdd8c25b53	lawyer	optional	http://data.europa.eu/esco/skill/e2103a1d-4a84-47a9-b4f7-774787573449	copyright legislation	knowledge
974d4eab-fbee-4c52-b16e-73bdd8c25b53	lawyer	optional	http://data.europa.eu/esco/skill/d63c2bad-817d-4116-b4d8-b927cb01212d	commercial law	knowledge
974d4eab-fbee-4c52-b16e-73bdd8c25b53	lawyer	optional	http://data.europa.eu/esco/skill/ea451251-71ab-4f89-8c0d-53344ef7004f	provide legal advice	skill
974d4eab-fbee-4c52-b16e-73bdd8c25b53	lawyer	optional	http://data.europa.eu/esco/skill/0ee94af1-b445-4973-9c3f-459fab250342	apply conflict management	skill
974d4eab-fbee-4c52-b16e-73bdd8c25b53	lawyer	optional	http://data.europa.eu/esco/skill/0aa38c07-644b-4f81-8014-924ea3cc8dc5	pharmaceutical legislation	knowledge
974d4eab-fbee-4c52-b16e-73bdd8c25b53	lawyer	optional	http://data.europa.eu/esco/skill/0957a353-b163-4887-96f6-ce79abc5b4e1	provide legal advice on investments	skill
974d4eab-fbee-4c52-b16e-73bdd8c25b53	lawyer	optional	http://data.europa.eu/esco/skill/749ce4c2-4dfd-461a-a8f3-0f6914814d3e	securities	knowledge
974d4eab-fbee-4c52-b16e-73bdd8c25b53	lawyer	optional	http://data.europa.eu/esco/skill/c7e686a1-d03e-4641-a229-68247fdc5887	legal terminology	knowledge
974d4eab-fbee-4c52-b16e-73bdd8c25b53	lawyer	optional	http://data.europa.eu/esco/skill/1b1cf435-46ba-4471-afda-5029b36b3862	government representation	knowledge
974d4eab-fbee-4c52-b16e-73bdd8c25b53	lawyer	optional	http://data.europa.eu/esco/skill/c7b26d6a-f1f3-45e9-ab8d-959c9ad16720	public auction procedures	knowledge
974d4eab-fbee-4c52-b16e-73bdd8c25b53	lawyer	optional	http://data.europa.eu/esco/skill/03f922b0-d518-457d-8f2c-80252a714be1	criminology	knowledge
974d4eab-fbee-4c52-b16e-73bdd8c25b53	lawyer	optional	http://data.europa.eu/esco/skill/415f816c-07ae-4ac1-9ddb-ecaa9957a249	law enforcement	knowledge
974d4eab-fbee-4c52-b16e-73bdd8c25b53	lawyer	optional	http://data.europa.eu/esco/skill/d669af41-756c-48d9-a286-1443253f54b1	tax legislation	knowledge
974d4eab-fbee-4c52-b16e-73bdd8c25b53	lawyer	optional	http://data.europa.eu/esco/skill/8836a5a5-e2ff-4baf-aae3-bfb78a4cca7f	criminal law	knowledge
974d4eab-fbee-4c52-b16e-73bdd8c25b53	lawyer	optional	http://data.europa.eu/esco/skill/b293aa52-8ead-42b7-96ef-de4fb0654c28	air transport law	knowledge
974d4eab-fbee-4c52-b16e-73bdd8c25b53	lawyer	optional	http://data.europa.eu/esco/skill/1f632076-fd9b-4b18-a9a2-b59a59181d3e	urban planning law	knowledge
974d4eab-fbee-4c52-b16e-73bdd8c25b53	lawyer	optional	http://data.europa.eu/esco/skill/a0e23745-6ba4-45e2-9510-df6e71ed1230	apply knowledge of human behaviour	skill
974d4eab-fbee-4c52-b16e-73bdd8c25b53	lawyer	optional	http://data.europa.eu/esco/skill/f0153530-9ff3-4fe6-8f9e-012d06ac5b89	ensure law application	skill
974d4eab-fbee-4c52-b16e-73bdd8c25b53	lawyer	optional	http://data.europa.eu/esco/skill/896563fc-6255-4419-89c2-ffed30159ad6	conduct research interview	skill
974d4eab-fbee-4c52-b16e-73bdd8c25b53	lawyer	optional	http://data.europa.eu/esco/skill/cb885129-ec40-4b9c-8064-5900dbceeb4f	constitutional law	knowledge
974d4eab-fbee-4c52-b16e-73bdd8c25b53	lawyer	optional	http://data.europa.eu/esco/skill/b3a4924a-f793-485c-8dc1-54e12198d95d	property law	knowledge
974d4eab-fbee-4c52-b16e-73bdd8c25b53	lawyer	optional	http://data.europa.eu/esco/skill/5c606d18-6404-4047-b235-350f18e11827	contract law	knowledge
974d4eab-fbee-4c52-b16e-73bdd8c25b53	lawyer	optional	http://data.europa.eu/esco/skill/1a080b07-406e-4a2e-b316-fc766f2e6e2d	railway law	knowledge
974d4eab-fbee-4c52-b16e-73bdd8c25b53	lawyer	optional	http://data.europa.eu/esco/skill/f43ee9cc-7284-406f-b23f-3eedb0581141	identify clients' needs	skill
974d4eab-fbee-4c52-b16e-73bdd8c25b53	lawyer	optional	http://data.europa.eu/esco/skill/1d062465-89b3-4fd9-b043-0f4d6d386a52	media law	knowledge
974d4eab-fbee-4c52-b16e-73bdd8c25b53	lawyer	optional	http://data.europa.eu/esco/skill/7a1dcd86-8c78-40a8-b446-269438f24d72	subsidiary operations	knowledge
974d4eab-fbee-4c52-b16e-73bdd8c25b53	lawyer	optional	http://data.europa.eu/esco/skill/11cbcf7f-8dc3-4c9a-9ec1-37f51b5cbc19	international trade	knowledge
974d4eab-fbee-4c52-b16e-73bdd8c25b53	lawyer	optional	http://data.europa.eu/esco/skill/7ddbfce9-902d-4d1c-b751-30274f4b49ce	document evidence	skill
974d4eab-fbee-4c52-b16e-73bdd8c25b53	lawyer	optional	http://data.europa.eu/esco/skill/d77d7685-04fb-43a4-a1ac-09a10811f646	corporate law	knowledge
974d4eab-fbee-4c52-b16e-73bdd8c25b53	lawyer	optional	http://data.europa.eu/esco/skill/aa56a80c-b4d5-495c-9c15-70b5a7933911	rhetoric	knowledge
974d4eab-fbee-4c52-b16e-73bdd8c25b53	lawyer	optional	http://data.europa.eu/esco/skill/5f1d1319-7954-4a9b-90c7-57668e3a0d4b	interpret financial statements	skill
974d4eab-fbee-4c52-b16e-73bdd8c25b53	lawyer	optional	http://data.europa.eu/esco/skill/59a8086b-59b3-4e88-9341-21d7fb693b89	moderate in negotiations	skill
974d4eab-fbee-4c52-b16e-73bdd8c25b53	lawyer	optional	http://data.europa.eu/esco/skill/341c4478-c976-4ff0-a102-cfd92174d873	business law	knowledge
974d4eab-fbee-4c52-b16e-73bdd8c25b53	lawyer	optional	http://data.europa.eu/esco/skill/91816e1a-d026-4d21-9b1c-59ca5cf488de	analyse internal factors of companies	skill
974d4eab-fbee-4c52-b16e-73bdd8c25b53	lawyer	optional	http://data.europa.eu/esco/skill/eaece6b2-97f1-49df-b6b9-1691fb3bf797	analyse legal enforceability	skill
974d4eab-fbee-4c52-b16e-73bdd8c25b53	lawyer	optional	http://data.europa.eu/esco/skill/efe9be37-2433-4b58-95f4-283f2c048104	advise on participation in financial markets	skill
974d4eab-fbee-4c52-b16e-73bdd8c25b53	lawyer	optional	http://data.europa.eu/esco/skill/e95058a6-e139-42e7-a470-72038a606649	assess financial viability	skill
974d4eab-fbee-4c52-b16e-73bdd8c25b53	lawyer	optional	http://data.europa.eu/esco/skill/ba9260ba-1c8d-495e-94f1-f7cab7e73cea	social security law	knowledge
974d4eab-fbee-4c52-b16e-73bdd8c25b53	lawyer	optional	http://data.europa.eu/esco/skill/d3eccb86-f02d-4950-bfbd-20b9510774a1	apply organisational techniques	skill
974d4eab-fbee-4c52-b16e-73bdd8c25b53	lawyer	optional	http://data.europa.eu/esco/skill/816cb632-848e-43ee-9be0-d13b685498f8	joint ventures	knowledge
974d4eab-fbee-4c52-b16e-73bdd8c25b53	lawyer	optional	http://data.europa.eu/esco/skill/f85bb847-febe-4853-9dbf-7d25424e5921	civil process order	knowledge
974d4eab-fbee-4c52-b16e-73bdd8c25b53	lawyer	optional	http://data.europa.eu/esco/skill/a1f79d57-2e4d-4876-a7ac-4ab19e0861dc	hear witness accounts	skill
974d4eab-fbee-4c52-b16e-73bdd8c25b53	lawyer	optional	http://data.europa.eu/esco/skill/91003b4a-f2aa-4472-a9c1-4597abb518f2	insolvency law	knowledge
974d4eab-fbee-4c52-b16e-73bdd8c25b53	lawyer	optional	http://data.europa.eu/esco/skill/bf5d77ad-e18c-48d8-83f0-bc79c011c74a	develop professional network	skill
974d4eab-fbee-4c52-b16e-73bdd8c25b53	lawyer	optional	http://data.europa.eu/esco/skill/ad7dbf6b-7c37-42c0-8566-328249a3d21d	investigation research methods	knowledge
974d4eab-fbee-4c52-b16e-73bdd8c25b53	lawyer	optional	http://data.europa.eu/esco/skill/f79e4715-5776-485c-ab7d-631c9b8d70ad	manage contract disputes	skill
974d4eab-fbee-4c52-b16e-73bdd8c25b53	lawyer	optional	http://data.europa.eu/esco/skill/c32ad607-0c4d-4e34-b73f-668298f7bf13	apply technical communication skills	skill
974d4eab-fbee-4c52-b16e-73bdd8c25b53	lawyer	optional	http://data.europa.eu/esco/skill/c33dd5ae-ae72-49d7-8dcf-8bc72e59fe78	civil law	knowledge
974d4eab-fbee-4c52-b16e-73bdd8c25b53	lawyer	optional	http://data.europa.eu/esco/skill/326686e4-a55f-4eba-9d07-1c86408d5c5e	present evidence	skill
974d4eab-fbee-4c52-b16e-73bdd8c25b53	lawyer	optional	http://data.europa.eu/esco/skill/c0c1a23f-c6d2-4bd5-836f-9ca7b91c3847	law of non-marital cohabitation	knowledge
974d4eab-fbee-4c52-b16e-73bdd8c25b53	lawyer	optional	http://data.europa.eu/esco/skill/0efd5409-0b0a-4dea-8d62-6bb960f61cdd	make legal decisions	skill
974d4eab-fbee-4c52-b16e-73bdd8c25b53	lawyer	optional	http://data.europa.eu/esco/skill/075c68d7-efe4-4466-be4a-9acc726504df	mergers and acquisitions	knowledge
974d4eab-fbee-4c52-b16e-73bdd8c25b53	lawyer	optional	http://data.europa.eu/esco/skill/947e6a15-5539-43e2-b62f-6a52fd57e0a0	consumer law	knowledge
974d4eab-fbee-4c52-b16e-73bdd8c25b53	lawyer	optional	http://data.europa.eu/esco/skill/4ff17e60-5dfc-457b-b5bc-1750248095d5	manage legal personal issues	skill
974d4eab-fbee-4c52-b16e-73bdd8c25b53	lawyer	optional	http://data.europa.eu/esco/skill/9531fe02-1e1f-4a36-95f7-a76a77cd4b8d	consult with business clients	skill
974d4eab-fbee-4c52-b16e-73bdd8c25b53	lawyer	optional	http://data.europa.eu/esco/skill/c68e4cc4-b842-4660-a84c-48f11c70f657	legal department processes	knowledge
974d4eab-fbee-4c52-b16e-73bdd8c25b53	lawyer	optional	http://data.europa.eu/esco/skill/4a460161-eaea-4fe2-bd0e-164ccc635be1	financial statements	knowledge
974d4eab-fbee-4c52-b16e-73bdd8c25b53	lawyer	optional	http://data.europa.eu/esco/skill/3cb348a4-e49e-4fe2-a403-d558dce1b38d	family law	knowledge
974d4eab-fbee-4c52-b16e-73bdd8c25b53	lawyer	optional	http://data.europa.eu/esco/skill/c1e2f8ab-43e1-49c7-8427-8923b90922c2	advise on legal services	skill
974d4eab-fbee-4c52-b16e-73bdd8c25b53	lawyer	optional	http://data.europa.eu/esco/skill/2ad081e6-0a3f-4612-ac15-7ace75d39e26	intellectual property law	knowledge
974d4eab-fbee-4c52-b16e-73bdd8c25b53	lawyer	optional	http://data.europa.eu/esco/skill/3d3ee5c3-4286-457f-9f76-1704011f7e11	comply with legal regulations	skill
974d4eab-fbee-4c52-b16e-73bdd8c25b53	lawyer	optional	http://data.europa.eu/esco/skill/5dfd1b83-8b77-444b-94cd-72f8e13472fa	legislation in agriculture	knowledge
974d4eab-fbee-4c52-b16e-73bdd8c25b53	lawyer	optional	http://data.europa.eu/esco/skill/7814e88f-c133-4c3b-b27f-857afa145d42	ICT security legislation	knowledge
974d4eab-fbee-4c52-b16e-73bdd8c25b53	lawyer	optional	http://data.europa.eu/esco/skill/666e7d29-247b-4032-a3ce-8ee27554a044	customs law	knowledge
974d4eab-fbee-4c52-b16e-73bdd8c25b53	lawyer	optional	http://data.europa.eu/esco/skill/9b862976-aa05-4bde-8ed6-8f39790edd0f	procurement legislation	knowledge
974d4eab-fbee-4c52-b16e-73bdd8c25b53	lawyer	optional	http://data.europa.eu/esco/skill/713f1ba8-c7a8-43e5-a5cc-0b869474efe7	food legislation	knowledge
974d4eab-fbee-4c52-b16e-73bdd8c25b53	lawyer	optional	http://data.europa.eu/esco/skill/243ffeb4-3395-4e39-9cf0-695be5b142aa	maritime law	knowledge
974d4eab-fbee-4c52-b16e-73bdd8c25b53	lawyer	optional	http://data.europa.eu/esco/skill/88680a21-57f9-46b6-8268-7d8e42aef849	architecture regulations	knowledge
974d4eab-fbee-4c52-b16e-73bdd8c25b53	lawyer	optional	http://data.europa.eu/esco/skill/6f273e8a-9383-4278-b959-33a0bb406a5e	anti-dumping law	knowledge
974d4eab-fbee-4c52-b16e-73bdd8c25b53	lawyer	optional	http://data.europa.eu/esco/skill/9bb92e10-a5a9-437e-8101-8be2d7f631ff	advise on legal decisions	skill
974d4eab-fbee-4c52-b16e-73bdd8c25b53	lawyer	optional	http://data.europa.eu/esco/skill/48f480aa-c9a8-4552-b1c5-e94330912257	road traffic laws	knowledge
974d4eab-fbee-4c52-b16e-73bdd8c25b53	lawyer	optional	http://data.europa.eu/esco/skill/e58a3832-4e13-458e-8efd-bfa251eed702	maintain operational communications	skill
974d4eab-fbee-4c52-b16e-73bdd8c25b53	lawyer	optional	http://data.europa.eu/esco/skill/6f5850ea-5785-4e2c-b062-743066fd5bdb	environmental legislation	knowledge
974d4eab-fbee-4c52-b16e-73bdd8c25b53	lawyer	optional	http://data.europa.eu/esco/skill/f5afbe94-c8e6-492d-9b9d-8349a417f92e	detect financial crime	skill
974d4eab-fbee-4c52-b16e-73bdd8c25b53	lawyer	optional	http://data.europa.eu/esco/skill/414332e4-8347-4771-b947-65bd3801a620	use consulting techniques	skill
974d4eab-fbee-4c52-b16e-73bdd8c25b53	lawyer	optional	http://data.europa.eu/esco/skill/1709f408-9965-489b-9805-8e1e5d9e483b	health care legislation	knowledge
fdfce14e-992d-4ff4-9f9d-7a353c75654e	corporate lawyer	essential	http://data.europa.eu/esco/skill/ea451251-71ab-4f89-8c0d-53344ef7004f	provide legal advice	skill
fdfce14e-992d-4ff4-9f9d-7a353c75654e	corporate lawyer	essential	http://data.europa.eu/esco/skill/66aad490-1c20-4e25-b189-634a218ee53e	legal case management	knowledge
fdfce14e-992d-4ff4-9f9d-7a353c75654e	corporate lawyer	essential	http://data.europa.eu/esco/skill/5b71cb01-0f37-47e0-a617-abcf08c8aa64	interpret law	skill
fdfce14e-992d-4ff4-9f9d-7a353c75654e	corporate lawyer	essential	http://data.europa.eu/esco/skill/1d7234e4-1c76-4d67-9487-71d8c529cdc9	compile legal documents	skill
fdfce14e-992d-4ff4-9f9d-7a353c75654e	corporate lawyer	essential	http://data.europa.eu/esco/skill/a8585efe-4011-47b2-9aed-cd01bd3652c0	legal research	knowledge
fdfce14e-992d-4ff4-9f9d-7a353c75654e	corporate lawyer	essential	http://data.europa.eu/esco/skill/56ab5131-93a0-4ce3-b840-6413e687c307	present legal arguments	skill
fdfce14e-992d-4ff4-9f9d-7a353c75654e	corporate lawyer	essential	http://data.europa.eu/esco/skill/db10b60e-efd2-4ba9-a873-d1e2ec37620f	court procedures	knowledge
fdfce14e-992d-4ff4-9f9d-7a353c75654e	corporate lawyer	essential	http://data.europa.eu/esco/skill/e50189e9-ec1a-4155-b187-8d99620f42fa	negotiate lawyer's fee	skill
fdfce14e-992d-4ff4-9f9d-7a353c75654e	corporate lawyer	essential	http://data.europa.eu/esco/skill/eaece6b2-97f1-49df-b6b9-1691fb3bf797	analyse legal enforceability	skill
fdfce14e-992d-4ff4-9f9d-7a353c75654e	corporate lawyer	essential	http://data.europa.eu/esco/skill/303a54a3-ff8a-4f29-b598-e54ce54c2b48	analyse legal evidence	skill
fdfce14e-992d-4ff4-9f9d-7a353c75654e	corporate lawyer	essential	http://data.europa.eu/esco/skill/25a7fc25-f2fc-4bfd-9999-943c03d53372	protect client interests	skill
fdfce14e-992d-4ff4-9f9d-7a353c75654e	corporate lawyer	essential	http://data.europa.eu/esco/skill/3586cb90-3fff-48ae-847b-e28a6680a87a	private law	knowledge
fdfce14e-992d-4ff4-9f9d-7a353c75654e	corporate lawyer	essential	http://data.europa.eu/esco/skill/d77d7685-04fb-43a4-a1ac-09a10811f646	corporate law	knowledge
fdfce14e-992d-4ff4-9f9d-7a353c75654e	corporate lawyer	essential	http://data.europa.eu/esco/skill/f43ee9cc-7284-406f-b23f-3eedb0581141	identify clients' needs	skill
fdfce14e-992d-4ff4-9f9d-7a353c75654e	corporate lawyer	essential	http://data.europa.eu/esco/skill/414332e4-8347-4771-b947-65bd3801a620	use consulting techniques	skill
fdfce14e-992d-4ff4-9f9d-7a353c75654e	corporate lawyer	essential	http://data.europa.eu/esco/skill/87cadd76-4e3a-47e5-b66d-559fbc1e8993	respond to enquiries	skill
fdfce14e-992d-4ff4-9f9d-7a353c75654e	corporate lawyer	essential	http://data.europa.eu/esco/skill/39e7d2a3-8d01-497c-8c5f-d51ab53a4a22	present arguments persuasively	skill
fdfce14e-992d-4ff4-9f9d-7a353c75654e	corporate lawyer	essential	http://data.europa.eu/esco/skill/bf5d77ad-e18c-48d8-83f0-bc79c011c74a	develop professional network	skill
fdfce14e-992d-4ff4-9f9d-7a353c75654e	corporate lawyer	essential	http://data.europa.eu/esco/skill/c7e686a1-d03e-4641-a229-68247fdc5887	legal terminology	knowledge
fdfce14e-992d-4ff4-9f9d-7a353c75654e	corporate lawyer	essential	http://data.europa.eu/esco/skill/8d202e22-85e9-47b1-a1e0-3296d17244cd	observe confidentiality	skill
fdfce14e-992d-4ff4-9f9d-7a353c75654e	corporate lawyer	essential	http://data.europa.eu/esco/skill/9531fe02-1e1f-4a36-95f7-a76a77cd4b8d	consult with business clients	skill
fdfce14e-992d-4ff4-9f9d-7a353c75654e	corporate lawyer	optional	http://data.europa.eu/esco/skill/ba9260ba-1c8d-495e-94f1-f7cab7e73cea	social security law	knowledge
fdfce14e-992d-4ff4-9f9d-7a353c75654e	corporate lawyer	optional	http://data.europa.eu/esco/skill/713f1ba8-c7a8-43e5-a5cc-0b869474efe7	food legislation	knowledge
fdfce14e-992d-4ff4-9f9d-7a353c75654e	corporate lawyer	optional	http://data.europa.eu/esco/skill/97b713f0-b9e8-4903-8dee-7e0b4019a1c0	employment law	knowledge
fdfce14e-992d-4ff4-9f9d-7a353c75654e	corporate lawyer	optional	http://data.europa.eu/esco/skill/59a8086b-59b3-4e88-9341-21d7fb693b89	moderate in negotiations	skill
fdfce14e-992d-4ff4-9f9d-7a353c75654e	corporate lawyer	optional	http://data.europa.eu/esco/skill/ce5598ec-5ca4-4f3e-92a2-c55c90ce6038	competition law	knowledge
fdfce14e-992d-4ff4-9f9d-7a353c75654e	corporate lawyer	optional	http://data.europa.eu/esco/skill/e95058a6-e139-42e7-a470-72038a606649	assess financial viability	skill
fdfce14e-992d-4ff4-9f9d-7a353c75654e	corporate lawyer	optional	http://data.europa.eu/esco/skill/d669af41-756c-48d9-a286-1443253f54b1	tax legislation	knowledge
fdfce14e-992d-4ff4-9f9d-7a353c75654e	corporate lawyer	optional	http://data.europa.eu/esco/skill/0957a353-b163-4887-96f6-ce79abc5b4e1	provide legal advice on investments	skill
fdfce14e-992d-4ff4-9f9d-7a353c75654e	corporate lawyer	optional	http://data.europa.eu/esco/skill/0aa38c07-644b-4f81-8014-924ea3cc8dc5	pharmaceutical legislation	knowledge
fdfce14e-992d-4ff4-9f9d-7a353c75654e	corporate lawyer	optional	http://data.europa.eu/esco/skill/92721092-fe7c-4689-96bd-4f02385bc0e7	manage contracts	skill
fdfce14e-992d-4ff4-9f9d-7a353c75654e	corporate lawyer	optional	http://data.europa.eu/esco/skill/91816e1a-d026-4d21-9b1c-59ca5cf488de	analyse internal factors of companies	skill
fdfce14e-992d-4ff4-9f9d-7a353c75654e	corporate lawyer	optional	http://data.europa.eu/esco/skill/4a460161-eaea-4fe2-bd0e-164ccc635be1	financial statements	knowledge
fdfce14e-992d-4ff4-9f9d-7a353c75654e	corporate lawyer	optional	http://data.europa.eu/esco/skill/5fd29c67-c905-4e34-98ff-f90ce6446b35	European vehicle type-approval legislation	knowledge
fdfce14e-992d-4ff4-9f9d-7a353c75654e	corporate lawyer	optional	http://data.europa.eu/esco/skill/11cbcf7f-8dc3-4c9a-9ec1-37f51b5cbc19	international trade	knowledge
fdfce14e-992d-4ff4-9f9d-7a353c75654e	corporate lawyer	optional	http://data.europa.eu/esco/skill/1f632076-fd9b-4b18-a9a2-b59a59181d3e	urban planning law	knowledge
fdfce14e-992d-4ff4-9f9d-7a353c75654e	corporate lawyer	optional	http://data.europa.eu/esco/skill/d63c2bad-817d-4116-b4d8-b927cb01212d	commercial law	knowledge
fdfce14e-992d-4ff4-9f9d-7a353c75654e	corporate lawyer	optional	http://data.europa.eu/esco/skill/1709f408-9965-489b-9805-8e1e5d9e483b	health care legislation	knowledge
fdfce14e-992d-4ff4-9f9d-7a353c75654e	corporate lawyer	optional	http://data.europa.eu/esco/skill/749ce4c2-4dfd-461a-a8f3-0f6914814d3e	securities	knowledge
fdfce14e-992d-4ff4-9f9d-7a353c75654e	corporate lawyer	optional	http://data.europa.eu/esco/skill/b293aa52-8ead-42b7-96ef-de4fb0654c28	air transport law	knowledge
fdfce14e-992d-4ff4-9f9d-7a353c75654e	corporate lawyer	optional	http://data.europa.eu/esco/skill/7726fc5e-a972-4f0a-abbe-6be3043422f9	represent clients in courts	skill
fdfce14e-992d-4ff4-9f9d-7a353c75654e	corporate lawyer	optional	http://data.europa.eu/esco/skill/2ad081e6-0a3f-4612-ac15-7ace75d39e26	intellectual property law	knowledge
fdfce14e-992d-4ff4-9f9d-7a353c75654e	corporate lawyer	optional	http://data.europa.eu/esco/skill/5dfd1b83-8b77-444b-94cd-72f8e13472fa	legislation in agriculture	knowledge
fdfce14e-992d-4ff4-9f9d-7a353c75654e	corporate lawyer	optional	http://data.europa.eu/esco/skill/6f5850ea-5785-4e2c-b062-743066fd5bdb	environmental legislation	knowledge
fdfce14e-992d-4ff4-9f9d-7a353c75654e	corporate lawyer	optional	http://data.europa.eu/esco/skill/e2103a1d-4a84-47a9-b4f7-774787573449	copyright legislation	knowledge
fdfce14e-992d-4ff4-9f9d-7a353c75654e	corporate lawyer	optional	http://data.europa.eu/esco/skill/5f1d1319-7954-4a9b-90c7-57668e3a0d4b	interpret financial statements	skill
fdfce14e-992d-4ff4-9f9d-7a353c75654e	corporate lawyer	optional	http://data.europa.eu/esco/skill/b3a4924a-f793-485c-8dc1-54e12198d95d	property law	knowledge
fdfce14e-992d-4ff4-9f9d-7a353c75654e	corporate lawyer	optional	http://data.europa.eu/esco/skill/509ff122-3546-40a7-ae02-3ee7395b3a76	road transport legislation	knowledge
fdfce14e-992d-4ff4-9f9d-7a353c75654e	corporate lawyer	optional	http://data.europa.eu/esco/skill/7a1dcd86-8c78-40a8-b446-269438f24d72	subsidiary operations	knowledge
fdfce14e-992d-4ff4-9f9d-7a353c75654e	corporate lawyer	optional	http://data.europa.eu/esco/skill/23b97a3e-dfde-4627-9d97-114a9f3e4cd0	negotiate in legal cases	skill
fdfce14e-992d-4ff4-9f9d-7a353c75654e	corporate lawyer	optional	http://data.europa.eu/esco/skill/7814e88f-c133-4c3b-b27f-857afa145d42	ICT security legislation	knowledge
fdfce14e-992d-4ff4-9f9d-7a353c75654e	corporate lawyer	optional	http://data.europa.eu/esco/skill/a3aa300b-6636-40fc-abe7-4ab3808dd742	international law	knowledge
fdfce14e-992d-4ff4-9f9d-7a353c75654e	corporate lawyer	optional	http://data.europa.eu/esco/skill/efe9be37-2433-4b58-95f4-283f2c048104	advise on participation in financial markets	skill
fdfce14e-992d-4ff4-9f9d-7a353c75654e	corporate lawyer	optional	http://data.europa.eu/esco/skill/91003b4a-f2aa-4472-a9c1-4597abb518f2	insolvency law	knowledge
fdfce14e-992d-4ff4-9f9d-7a353c75654e	corporate lawyer	optional	http://data.europa.eu/esco/skill/f5afbe94-c8e6-492d-9b9d-8349a417f92e	detect financial crime	skill
fdfce14e-992d-4ff4-9f9d-7a353c75654e	corporate lawyer	optional	http://data.europa.eu/esco/skill/0295b2a4-fb86-495f-9547-d479532fc4c2	trace financial transactions	skill
fdfce14e-992d-4ff4-9f9d-7a353c75654e	corporate lawyer	optional	http://data.europa.eu/esco/skill/4600a787-39b0-4bf1-aa69-e586262342f0	state aid regulations	knowledge
fdfce14e-992d-4ff4-9f9d-7a353c75654e	corporate lawyer	optional	http://data.europa.eu/esco/skill/6f273e8a-9383-4278-b959-33a0bb406a5e	anti-dumping law	knowledge
fdfce14e-992d-4ff4-9f9d-7a353c75654e	corporate lawyer	optional	http://data.europa.eu/esco/skill/243ffeb4-3395-4e39-9cf0-695be5b142aa	maritime law	knowledge
fdfce14e-992d-4ff4-9f9d-7a353c75654e	corporate lawyer	optional	http://data.europa.eu/esco/skill/5c606d18-6404-4047-b235-350f18e11827	contract law	knowledge
fdfce14e-992d-4ff4-9f9d-7a353c75654e	corporate lawyer	optional	http://data.europa.eu/esco/skill/f79e4715-5776-485c-ab7d-631c9b8d70ad	manage contract disputes	skill
fdfce14e-992d-4ff4-9f9d-7a353c75654e	corporate lawyer	optional	http://data.europa.eu/esco/skill/816cb632-848e-43ee-9be0-d13b685498f8	joint ventures	knowledge
fdfce14e-992d-4ff4-9f9d-7a353c75654e	corporate lawyer	optional	http://data.europa.eu/esco/skill/1a080b07-406e-4a2e-b316-fc766f2e6e2d	railway law	knowledge
fdfce14e-992d-4ff4-9f9d-7a353c75654e	corporate lawyer	optional	http://data.europa.eu/esco/skill/075c68d7-efe4-4466-be4a-9acc726504df	mergers and acquisitions	knowledge
fdfce14e-992d-4ff4-9f9d-7a353c75654e	corporate lawyer	optional	http://data.europa.eu/esco/skill/1d062465-89b3-4fd9-b043-0f4d6d386a52	media law	knowledge
fdfce14e-992d-4ff4-9f9d-7a353c75654e	corporate lawyer	optional	http://data.europa.eu/esco/skill/c7b26d6a-f1f3-45e9-ab8d-959c9ad16720	public auction procedures	knowledge
31854d78-3615-43a4-aa3a-c597ecb20ceb	legal consultant	essential	http://data.europa.eu/esco/skill/f0153530-9ff3-4fe6-8f9e-012d06ac5b89	ensure law application	skill
31854d78-3615-43a4-aa3a-c597ecb20ceb	legal consultant	essential	http://data.europa.eu/esco/skill/ea451251-71ab-4f89-8c0d-53344ef7004f	provide legal advice	skill
31854d78-3615-43a4-aa3a-c597ecb20ceb	legal consultant	essential	http://data.europa.eu/esco/skill/5b71cb01-0f37-47e0-a617-abcf08c8aa64	interpret law	skill
31854d78-3615-43a4-aa3a-c597ecb20ceb	legal consultant	essential	http://data.europa.eu/esco/skill/25a7fc25-f2fc-4bfd-9999-943c03d53372	protect client interests	skill
31854d78-3615-43a4-aa3a-c597ecb20ceb	legal consultant	essential	http://data.europa.eu/esco/skill/c7e686a1-d03e-4641-a229-68247fdc5887	legal terminology	knowledge
31854d78-3615-43a4-aa3a-c597ecb20ceb	legal consultant	essential	http://data.europa.eu/esco/skill/3586cb90-3fff-48ae-847b-e28a6680a87a	private law	knowledge
31854d78-3615-43a4-aa3a-c597ecb20ceb	legal consultant	essential	http://data.europa.eu/esco/skill/9bb92e10-a5a9-437e-8101-8be2d7f631ff	advise on legal decisions	skill
31854d78-3615-43a4-aa3a-c597ecb20ceb	legal consultant	essential	http://data.europa.eu/esco/skill/eaece6b2-97f1-49df-b6b9-1691fb3bf797	analyse legal enforceability	skill
31854d78-3615-43a4-aa3a-c597ecb20ceb	legal consultant	essential	http://data.europa.eu/esco/skill/f43ee9cc-7284-406f-b23f-3eedb0581141	identify clients' needs	skill
31854d78-3615-43a4-aa3a-c597ecb20ceb	legal consultant	essential	http://data.europa.eu/esco/skill/414332e4-8347-4771-b947-65bd3801a620	use consulting techniques	skill
31854d78-3615-43a4-aa3a-c597ecb20ceb	legal consultant	essential	http://data.europa.eu/esco/skill/1d7234e4-1c76-4d67-9487-71d8c529cdc9	compile legal documents	skill
31854d78-3615-43a4-aa3a-c597ecb20ceb	legal consultant	optional	http://data.europa.eu/esco/skill/a8585efe-4011-47b2-9aed-cd01bd3652c0	legal research	knowledge
31854d78-3615-43a4-aa3a-c597ecb20ceb	legal consultant	optional	http://data.europa.eu/esco/skill/9b862976-aa05-4bde-8ed6-8f39790edd0f	procurement legislation	knowledge
31854d78-3615-43a4-aa3a-c597ecb20ceb	legal consultant	optional	http://data.europa.eu/esco/skill/23b97a3e-dfde-4627-9d97-114a9f3e4cd0	negotiate in legal cases	skill
31854d78-3615-43a4-aa3a-c597ecb20ceb	legal consultant	optional	http://data.europa.eu/esco/skill/92721092-fe7c-4689-96bd-4f02385bc0e7	manage contracts	skill
31854d78-3615-43a4-aa3a-c597ecb20ceb	legal consultant	optional	http://data.europa.eu/esco/skill/66aad490-1c20-4e25-b189-634a218ee53e	legal case management	knowledge
31854d78-3615-43a4-aa3a-c597ecb20ceb	legal consultant	optional	http://data.europa.eu/esco/skill/f79e4715-5776-485c-ab7d-631c9b8d70ad	manage contract disputes	skill
31854d78-3615-43a4-aa3a-c597ecb20ceb	legal consultant	optional	http://data.europa.eu/esco/skill/9531fe02-1e1f-4a36-95f7-a76a77cd4b8d	consult with business clients	skill
31854d78-3615-43a4-aa3a-c597ecb20ceb	legal consultant	optional	http://data.europa.eu/esco/skill/59a8086b-59b3-4e88-9341-21d7fb693b89	moderate in negotiations	skill
31854d78-3615-43a4-aa3a-c597ecb20ceb	legal consultant	optional	http://data.europa.eu/esco/skill/6f6163dc-a801-416c-86e9-ce857d71c24d	real estate market	knowledge
31854d78-3615-43a4-aa3a-c597ecb20ceb	legal consultant	optional	http://data.europa.eu/esco/skill/c32ad607-0c4d-4e34-b73f-668298f7bf13	apply technical communication skills	skill
31854d78-3615-43a4-aa3a-c597ecb20ceb	legal consultant	optional	http://data.europa.eu/esco/skill/243ffeb4-3395-4e39-9cf0-695be5b142aa	maritime law	knowledge
31854d78-3615-43a4-aa3a-c597ecb20ceb	legal consultant	optional	http://data.europa.eu/esco/skill/8d202e22-85e9-47b1-a1e0-3296d17244cd	observe confidentiality	skill
31854d78-3615-43a4-aa3a-c597ecb20ceb	legal consultant	optional	http://data.europa.eu/esco/skill/5c606d18-6404-4047-b235-350f18e11827	contract law	knowledge
31854d78-3615-43a4-aa3a-c597ecb20ceb	legal consultant	optional	http://data.europa.eu/esco/skill/981616a1-2718-419c-b99f-53460cd873a8	European Structural and Investment Funds regulations	knowledge
31854d78-3615-43a4-aa3a-c597ecb20ceb	legal consultant	optional	http://data.europa.eu/esco/skill/c0c1a23f-c6d2-4bd5-836f-9ca7b91c3847	law of non-marital cohabitation	knowledge
31854d78-3615-43a4-aa3a-c597ecb20ceb	legal consultant	optional	http://data.europa.eu/esco/skill/91816e1a-d026-4d21-9b1c-59ca5cf488de	analyse internal factors of companies	skill
31854d78-3615-43a4-aa3a-c597ecb20ceb	legal consultant	optional	http://data.europa.eu/esco/skill/075c68d7-efe4-4466-be4a-9acc726504df	mergers and acquisitions	knowledge
31854d78-3615-43a4-aa3a-c597ecb20ceb	legal consultant	optional	http://data.europa.eu/esco/skill/4600a787-39b0-4bf1-aa69-e586262342f0	state aid regulations	knowledge
31854d78-3615-43a4-aa3a-c597ecb20ceb	legal consultant	optional	http://data.europa.eu/esco/skill/d77d7685-04fb-43a4-a1ac-09a10811f646	corporate law	knowledge
31854d78-3615-43a4-aa3a-c597ecb20ceb	legal consultant	optional	http://data.europa.eu/esco/skill/c33dd5ae-ae72-49d7-8dcf-8bc72e59fe78	civil law	knowledge
31854d78-3615-43a4-aa3a-c597ecb20ceb	legal consultant	optional	http://data.europa.eu/esco/skill/33a82b83-c838-4889-ae62-fae1317481eb	protect personal data and privacy	skill
31854d78-3615-43a4-aa3a-c597ecb20ceb	legal consultant	optional	http://data.europa.eu/esco/skill/303a54a3-ff8a-4f29-b598-e54ce54c2b48	analyse legal evidence	skill
31854d78-3615-43a4-aa3a-c597ecb20ceb	legal consultant	optional	http://data.europa.eu/esco/skill/87cadd76-4e3a-47e5-b66d-559fbc1e8993	respond to enquiries	skill
31854d78-3615-43a4-aa3a-c597ecb20ceb	legal consultant	optional	http://data.europa.eu/esco/skill/56ab5131-93a0-4ce3-b840-6413e687c307	present legal arguments	skill
31854d78-3615-43a4-aa3a-c597ecb20ceb	legal consultant	optional	http://data.europa.eu/esco/skill/db10b60e-efd2-4ba9-a873-d1e2ec37620f	court procedures	knowledge
31854d78-3615-43a4-aa3a-c597ecb20ceb	legal consultant	optional	http://data.europa.eu/esco/skill/341c4478-c976-4ff0-a102-cfd92174d873	business law	knowledge
d8ed1703-9c03-4ea0-83cc-b6169bc54ffd	human resources assistant	essential	http://data.europa.eu/esco/skill/8ebb2c0a-0baa-43bf-95cf-094047c57427	maintain professional administration	skill
d8ed1703-9c03-4ea0-83cc-b6169bc54ffd	human resources assistant	essential	http://data.europa.eu/esco/skill/5aa57bdc-5765-435e-8fc9-99b3febdb213	hire human resources	skill
d8ed1703-9c03-4ea0-83cc-b6169bc54ffd	human resources assistant	essential	http://data.europa.eu/esco/skill/918f5211-b99f-4b29-9a34-6e475583ef55	write work-related reports	skill
d8ed1703-9c03-4ea0-83cc-b6169bc54ffd	human resources assistant	essential	http://data.europa.eu/esco/skill/e49c4d19-dea6-42a1-bde2-30d69dc0ca24	profile people	skill
d8ed1703-9c03-4ea0-83cc-b6169bc54ffd	human resources assistant	essential	http://data.europa.eu/esco/skill/de2f0ce8-f8d6-48c5-a213-4d065251cecf	communicate by telephone	skill
d8ed1703-9c03-4ea0-83cc-b6169bc54ffd	human resources assistant	essential	http://data.europa.eu/esco/skill/e1f09038-b493-4771-ae29-a2d3e7ea013a	document interviews	skill
d8ed1703-9c03-4ea0-83cc-b6169bc54ffd	human resources assistant	essential	http://data.europa.eu/esco/skill/38a5c459-c591-4f76-a358-37de342bb11d	job market offers	knowledge
d8ed1703-9c03-4ea0-83cc-b6169bc54ffd	human resources assistant	essential	http://data.europa.eu/esco/skill/933e7ccf-5d56-46ba-aca4-857f826a6b3a	administer appointments	skill
d8ed1703-9c03-4ea0-83cc-b6169bc54ffd	human resources assistant	essential	http://data.europa.eu/esco/skill/786a74d6-7ecd-44d5-ae4f-87ff02fe3dbf	assess character	skill
d8ed1703-9c03-4ea0-83cc-b6169bc54ffd	human resources assistant	essential	http://data.europa.eu/esco/skill/7ff2c668-0e86-418a-a962-4958262ee337	use communication techniques	skill
d8ed1703-9c03-4ea0-83cc-b6169bc54ffd	human resources assistant	essential	http://data.europa.eu/esco/skill/a17286c5-238d-4f0b-bc24-29e9121345de	listen actively	skill
d8ed1703-9c03-4ea0-83cc-b6169bc54ffd	human resources assistant	essential	http://data.europa.eu/esco/skill/3ee090a1-9d1c-44ed-bd93-f6b7c9b68a97	manage payroll reports	skill
d8ed1703-9c03-4ea0-83cc-b6169bc54ffd	human resources assistant	essential	http://data.europa.eu/esco/skill/4bd6e2ad-bf69-4198-b3ac-3baabd9da46e	support managers	skill
d8ed1703-9c03-4ea0-83cc-b6169bc54ffd	human resources assistant	essential	http://data.europa.eu/esco/skill/fc54bd7f-0c03-4fdd-af8c-5eb4021e716d	identify with the company's goals	skill
d8ed1703-9c03-4ea0-83cc-b6169bc54ffd	human resources assistant	essential	http://data.europa.eu/esco/skill/8d202e22-85e9-47b1-a1e0-3296d17244cd	observe confidentiality	skill
d8ed1703-9c03-4ea0-83cc-b6169bc54ffd	human resources assistant	essential	http://data.europa.eu/esco/skill/0a43729f-2a79-4dae-9faa-95520daae79f	apply company policies	skill
d8ed1703-9c03-4ea0-83cc-b6169bc54ffd	human resources assistant	essential	http://data.europa.eu/esco/skill/906c9e66-bdee-4f8e-93d7-88d9fcf39a0a	fix meetings	skill
d8ed1703-9c03-4ea0-83cc-b6169bc54ffd	human resources assistant	optional	http://data.europa.eu/esco/skill/81dc035c-921b-4fea-a453-94538e86097c	disseminate messages to people	skill
d8ed1703-9c03-4ea0-83cc-b6169bc54ffd	human resources assistant	optional	http://data.europa.eu/esco/skill/6053cf28-2f42-44bb-8d27-a43920128b30	gather feedback from employees	skill
d8ed1703-9c03-4ea0-83cc-b6169bc54ffd	human resources assistant	optional	http://data.europa.eu/esco/skill/9d9ba780-4aa2-43d2-888c-95a41a713fb9	introduce new employees	skill
d8ed1703-9c03-4ea0-83cc-b6169bc54ffd	human resources assistant	optional	http://data.europa.eu/esco/skill/f0b45409-42ca-42bc-a701-041e594d0657	ensure gender equality in the workplace	skill
d8ed1703-9c03-4ea0-83cc-b6169bc54ffd	human resources assistant	optional	http://data.europa.eu/esco/skill/811acf0c-4dd7-4dda-a4fa-7ca498a95204	negotiate employment agreements	skill
d8ed1703-9c03-4ea0-83cc-b6169bc54ffd	human resources assistant	optional	http://data.europa.eu/esco/skill/496932f1-0b6b-4f73-9432-d95c7ddcd43b	recruit employees	skill
d8ed1703-9c03-4ea0-83cc-b6169bc54ffd	human resources assistant	optional	http://data.europa.eu/esco/skill/66d47084-9437-48b2-819b-c4c8214ed650	interview people	skill
d8ed1703-9c03-4ea0-83cc-b6169bc54ffd	human resources assistant	optional	http://data.europa.eu/esco/skill/a0e23745-6ba4-45e2-9510-df6e71ed1230	apply knowledge of human behaviour	skill
d8ed1703-9c03-4ea0-83cc-b6169bc54ffd	human resources assistant	optional	http://data.europa.eu/esco/skill/b17f4305-741a-4a1c-8fe8-6f11cb3d5c0a	business communication	knowledge
d8ed1703-9c03-4ea0-83cc-b6169bc54ffd	human resources assistant	optional	http://data.europa.eu/esco/skill/d96bfb0f-e771-4fec-abca-c38f48e02318	negotiate with employment agencies	skill
d8ed1703-9c03-4ea0-83cc-b6169bc54ffd	human resources assistant	optional	http://data.europa.eu/esco/skill/cc0b95b8-5fae-4ee2-851e-9b1e9fa178be	manage employee complaints	skill
d8ed1703-9c03-4ea0-83cc-b6169bc54ffd	human resources assistant	optional	http://data.europa.eu/esco/skill/e437eba1-3e22-41f2-8703-741e94785cba	human resource management	knowledge
d8ed1703-9c03-4ea0-83cc-b6169bc54ffd	human resources assistant	optional	http://data.europa.eu/esco/skill/d0f48427-7987-4f86-b24d-709837a37fd2	assist employee health programmes	skill
d8ed1703-9c03-4ea0-83cc-b6169bc54ffd	human resources assistant	optional	http://data.europa.eu/esco/skill/0cc9c234-f817-4f4c-908a-4d28fe3b0f4a	coach employees	skill
d8ed1703-9c03-4ea0-83cc-b6169bc54ffd	human resources assistant	optional	http://data.europa.eu/esco/skill/f3c5fae0-c0e3-4410-bc09-62bd82d4cecc	support employability of people with disabilities	skill
d8ed1703-9c03-4ea0-83cc-b6169bc54ffd	human resources assistant	optional	http://data.europa.eu/esco/skill/b22e46d7-1c5f-4837-943f-7f75531acc26	identify necessary human resources	skill
d8ed1703-9c03-4ea0-83cc-b6169bc54ffd	human resources assistant	optional	http://data.europa.eu/esco/skill/aba1f05b-f312-47d8-be71-7c574134de8f	advertising techniques	knowledge
d8ed1703-9c03-4ea0-83cc-b6169bc54ffd	human resources assistant	optional	http://data.europa.eu/esco/skill/c6e308b4-8799-4461-a9bd-560bdecb0dbb	human resources department processes	knowledge
d8ed1703-9c03-4ea0-83cc-b6169bc54ffd	human resources assistant	optional	http://data.europa.eu/esco/skill/9d916d7c-89b3-4084-a6d9-e2b0b3091404	manage payroll	skill
d8ed1703-9c03-4ea0-83cc-b6169bc54ffd	human resources assistant	optional	http://data.europa.eu/esco/skill/97b713f0-b9e8-4903-8dee-7e0b4019a1c0	employment law	knowledge
d8ed1703-9c03-4ea0-83cc-b6169bc54ffd	human resources assistant	optional	http://data.europa.eu/esco/skill/08fe5910-8c4c-4679-a988-eb2ded3c4909	labour legislation	knowledge
d3e32e5e-7f24-48e3-b939-e4f800eb62fb	human resources officer	essential	http://data.europa.eu/esco/skill/8d202e22-85e9-47b1-a1e0-3296d17244cd	observe confidentiality	skill
d3e32e5e-7f24-48e3-b939-e4f800eb62fb	human resources officer	essential	http://data.europa.eu/esco/skill/0a43729f-2a79-4dae-9faa-95520daae79f	apply company policies	skill
d3e32e5e-7f24-48e3-b939-e4f800eb62fb	human resources officer	essential	http://data.europa.eu/esco/skill/918f5211-b99f-4b29-9a34-6e475583ef55	write work-related reports	skill
d3e32e5e-7f24-48e3-b939-e4f800eb62fb	human resources officer	essential	http://data.europa.eu/esco/skill/786a74d6-7ecd-44d5-ae4f-87ff02fe3dbf	assess character	skill
d3e32e5e-7f24-48e3-b939-e4f800eb62fb	human resources officer	essential	http://data.europa.eu/esco/skill/e49c4d19-dea6-42a1-bde2-30d69dc0ca24	profile people	skill
d3e32e5e-7f24-48e3-b939-e4f800eb62fb	human resources officer	essential	http://data.europa.eu/esco/skill/fc54bd7f-0c03-4fdd-af8c-5eb4021e716d	identify with the company's goals	skill
d3e32e5e-7f24-48e3-b939-e4f800eb62fb	human resources officer	essential	http://data.europa.eu/esco/skill/f206e732-110c-47ce-a53f-f00c9d97c90d	talent management strategies	knowledge
d3e32e5e-7f24-48e3-b939-e4f800eb62fb	human resources officer	essential	http://data.europa.eu/esco/skill/5aa57bdc-5765-435e-8fc9-99b3febdb213	hire human resources	skill
d3e32e5e-7f24-48e3-b939-e4f800eb62fb	human resources officer	essential	http://data.europa.eu/esco/skill/a17286c5-238d-4f0b-bc24-29e9121345de	listen actively	skill
d3e32e5e-7f24-48e3-b939-e4f800eb62fb	human resources officer	essential	http://data.europa.eu/esco/skill/9d916d7c-89b3-4084-a6d9-e2b0b3091404	manage payroll	skill
d3e32e5e-7f24-48e3-b939-e4f800eb62fb	human resources officer	essential	http://data.europa.eu/esco/skill/eade4171-3d57-4fb2-9518-44d5a1da4ff5	build trust	skill
d3e32e5e-7f24-48e3-b939-e4f800eb62fb	human resources officer	essential	http://data.europa.eu/esco/skill/38a5c459-c591-4f76-a358-37de342bb11d	job market offers	knowledge
d3e32e5e-7f24-48e3-b939-e4f800eb62fb	human resources officer	essential	http://data.europa.eu/esco/skill/811acf0c-4dd7-4dda-a4fa-7ca498a95204	negotiate employment agreements	skill
d3e32e5e-7f24-48e3-b939-e4f800eb62fb	human resources officer	essential	http://data.europa.eu/esco/skill/e1f09038-b493-4771-ae29-a2d3e7ea013a	document interviews	skill
d3e32e5e-7f24-48e3-b939-e4f800eb62fb	human resources officer	essential	http://data.europa.eu/esco/skill/97b713f0-b9e8-4903-8dee-7e0b4019a1c0	employment law	knowledge
d3e32e5e-7f24-48e3-b939-e4f800eb62fb	human resources officer	essential	http://data.europa.eu/esco/skill/08fe5910-8c4c-4679-a988-eb2ded3c4909	labour legislation	knowledge
d3e32e5e-7f24-48e3-b939-e4f800eb62fb	human resources officer	essential	http://data.europa.eu/esco/skill/bf5d77ad-e18c-48d8-83f0-bc79c011c74a	develop professional network	skill
d3e32e5e-7f24-48e3-b939-e4f800eb62fb	human resources officer	essential	http://data.europa.eu/esco/skill/66d47084-9437-48b2-819b-c4c8214ed650	interview people	skill
d3e32e5e-7f24-48e3-b939-e4f800eb62fb	human resources officer	essential	http://data.europa.eu/esco/skill/906c9e66-bdee-4f8e-93d7-88d9fcf39a0a	fix meetings	skill
d3e32e5e-7f24-48e3-b939-e4f800eb62fb	human resources officer	essential	http://data.europa.eu/esco/skill/7ff2c668-0e86-418a-a962-4958262ee337	use communication techniques	skill
d3e32e5e-7f24-48e3-b939-e4f800eb62fb	human resources officer	essential	http://data.europa.eu/esco/skill/496932f1-0b6b-4f73-9432-d95c7ddcd43b	recruit employees	skill
d3e32e5e-7f24-48e3-b939-e4f800eb62fb	human resources officer	optional	http://data.europa.eu/esco/skill/64e09849-a7db-4d6b-a932-66264420eb97	apply social media marketing	skill
d3e32e5e-7f24-48e3-b939-e4f800eb62fb	human resources officer	optional	http://data.europa.eu/esco/skill/aba1f05b-f312-47d8-be71-7c574134de8f	advertising techniques	knowledge
d3e32e5e-7f24-48e3-b939-e4f800eb62fb	human resources officer	optional	http://data.europa.eu/esco/skill/d0f48427-7987-4f86-b24d-709837a37fd2	assist employee health programmes	skill
d3e32e5e-7f24-48e3-b939-e4f800eb62fb	human resources officer	optional	http://data.europa.eu/esco/skill/f77b73f0-8c65-4389-a3ae-3a57a73ad148	develop employee retention programs	skill
d3e32e5e-7f24-48e3-b939-e4f800eb62fb	human resources officer	optional	http://data.europa.eu/esco/skill/6053cf28-2f42-44bb-8d27-a43920128b30	gather feedback from employees	skill
d3e32e5e-7f24-48e3-b939-e4f800eb62fb	human resources officer	optional	http://data.europa.eu/esco/skill/c6e308b4-8799-4461-a9bd-560bdecb0dbb	human resources department processes	knowledge
d3e32e5e-7f24-48e3-b939-e4f800eb62fb	human resources officer	optional	http://data.europa.eu/esco/skill/de2f0ce8-f8d6-48c5-a213-4d065251cecf	communicate by telephone	skill
d3e32e5e-7f24-48e3-b939-e4f800eb62fb	human resources officer	optional	http://data.europa.eu/esco/skill/0cc9c234-f817-4f4c-908a-4d28fe3b0f4a	coach employees	skill
d3e32e5e-7f24-48e3-b939-e4f800eb62fb	human resources officer	optional	http://data.europa.eu/esco/skill/b22e46d7-1c5f-4837-943f-7f75531acc26	identify necessary human resources	skill
d3e32e5e-7f24-48e3-b939-e4f800eb62fb	human resources officer	optional	http://data.europa.eu/esco/skill/2ae4ae1a-367e-47e0-a0cc-6777be3e58d0	organise staff assessment	skill
d3e32e5e-7f24-48e3-b939-e4f800eb62fb	human resources officer	optional	http://data.europa.eu/esco/skill/b17f4305-741a-4a1c-8fe8-6f11cb3d5c0a	business communication	knowledge
d3e32e5e-7f24-48e3-b939-e4f800eb62fb	human resources officer	optional	http://data.europa.eu/esco/skill/e437eba1-3e22-41f2-8703-741e94785cba	human resource management	knowledge
d3e32e5e-7f24-48e3-b939-e4f800eb62fb	human resources officer	optional	http://data.europa.eu/esco/skill/fb9c12af-ec45-498a-8e52-891371191557	mentor individual employees	skill
d3e32e5e-7f24-48e3-b939-e4f800eb62fb	human resources officer	optional	http://data.europa.eu/esco/skill/2245cba7-fa4f-47b8-a0cb-3a6b60d703ee	give advice on personal matters	skill
d3e32e5e-7f24-48e3-b939-e4f800eb62fb	human resources officer	optional	http://data.europa.eu/esco/skill/d96bfb0f-e771-4fec-abca-c38f48e02318	negotiate with employment agencies	skill
d3e32e5e-7f24-48e3-b939-e4f800eb62fb	human resources officer	optional	http://data.europa.eu/esco/skill/6789defa-dc57-42a8-b2ed-2b8c349aa3e2	determine salaries	skill
d3e32e5e-7f24-48e3-b939-e4f800eb62fb	human resources officer	optional	http://data.europa.eu/esco/skill/6fce8d3f-a15f-4f26-943a-d200b32f6949	monitor company policy	skill
d3e32e5e-7f24-48e3-b939-e4f800eb62fb	human resources officer	optional	http://data.europa.eu/esco/skill/f0b45409-42ca-42bc-a701-041e594d0657	ensure gender equality in the workplace	skill
d3e32e5e-7f24-48e3-b939-e4f800eb62fb	human resources officer	optional	http://data.europa.eu/esco/skill/a0e23745-6ba4-45e2-9510-df6e71ed1230	apply knowledge of human behaviour	skill
d3e32e5e-7f24-48e3-b939-e4f800eb62fb	human resources officer	optional	http://data.europa.eu/esco/skill/e54ff029-1ce9-447d-a5b2-eb7283a23e6e	train employees	skill
d3e32e5e-7f24-48e3-b939-e4f800eb62fb	human resources officer	optional	http://data.europa.eu/esco/skill/21c5790c-0930-4d74-b3b0-84caf5af12ea	manage budgets	skill
d3e32e5e-7f24-48e3-b939-e4f800eb62fb	human resources officer	optional	http://data.europa.eu/esco/skill/646d871b-4503-4dc8-a076-06d7085e4cde	promote human rights	skill
d3e32e5e-7f24-48e3-b939-e4f800eb62fb	human resources officer	optional	http://data.europa.eu/esco/skill/b01444aa-6f62-4b7d-ab30-4385a9148580	personal reflection techniques based on feedback	knowledge
d3e32e5e-7f24-48e3-b939-e4f800eb62fb	human resources officer	optional	http://data.europa.eu/esco/skill/933e7ccf-5d56-46ba-aca4-857f826a6b3a	administer appointments	skill
d3e32e5e-7f24-48e3-b939-e4f800eb62fb	human resources officer	optional	http://data.europa.eu/esco/skill/f3c5fae0-c0e3-4410-bc09-62bd82d4cecc	support employability of people with disabilities	skill
d3e32e5e-7f24-48e3-b939-e4f800eb62fb	human resources officer	optional	http://data.europa.eu/esco/skill/728ad40d-4a79-4b4d-b77b-a48d094d73fa	evaluate training	skill
068370e0-9c27-4814-87d0-44fbb3140815	recruitment consultant	essential	http://data.europa.eu/esco/skill/929e89f9-ac69-4bcb-9eea-37257aa5aff9	prepare for job interview	skill
068370e0-9c27-4814-87d0-44fbb3140815	recruitment consultant	essential	http://data.europa.eu/esco/skill/e49c4d19-dea6-42a1-bde2-30d69dc0ca24	profile people	skill
068370e0-9c27-4814-87d0-44fbb3140815	recruitment consultant	essential	http://data.europa.eu/esco/skill/f0b45409-42ca-42bc-a701-041e594d0657	ensure gender equality in the workplace	skill
068370e0-9c27-4814-87d0-44fbb3140815	recruitment consultant	essential	http://data.europa.eu/esco/skill/8d202e22-85e9-47b1-a1e0-3296d17244cd	observe confidentiality	skill
068370e0-9c27-4814-87d0-44fbb3140815	recruitment consultant	essential	http://data.europa.eu/esco/skill/e1f09038-b493-4771-ae29-a2d3e7ea013a	document interviews	skill
068370e0-9c27-4814-87d0-44fbb3140815	recruitment consultant	essential	http://data.europa.eu/esco/skill/e437eba1-3e22-41f2-8703-741e94785cba	human resource management	knowledge
068370e0-9c27-4814-87d0-44fbb3140815	recruitment consultant	essential	http://data.europa.eu/esco/skill/68698869-c13c-4563-adc7-118b7644f45d	identify customer's needs	skill
068370e0-9c27-4814-87d0-44fbb3140815	recruitment consultant	essential	http://data.europa.eu/esco/skill/2239694b-771a-4586-8b54-2794e361a9ae	maintain relationship with customers	skill
068370e0-9c27-4814-87d0-44fbb3140815	recruitment consultant	essential	http://data.europa.eu/esco/skill/906c9e66-bdee-4f8e-93d7-88d9fcf39a0a	fix meetings	skill
068370e0-9c27-4814-87d0-44fbb3140815	recruitment consultant	essential	http://data.europa.eu/esco/skill/d7e4a9fa-cfc2-45f9-96eb-13dc6e48c86c	video conferencing tool	knowledge
068370e0-9c27-4814-87d0-44fbb3140815	recruitment consultant	essential	http://data.europa.eu/esco/skill/496932f1-0b6b-4f73-9432-d95c7ddcd43b	recruit employees	skill
068370e0-9c27-4814-87d0-44fbb3140815	recruitment consultant	essential	http://data.europa.eu/esco/skill/66d47084-9437-48b2-819b-c4c8214ed650	interview people	skill
068370e0-9c27-4814-87d0-44fbb3140815	recruitment consultant	essential	http://data.europa.eu/esco/skill/97b713f0-b9e8-4903-8dee-7e0b4019a1c0	employment law	knowledge
068370e0-9c27-4814-87d0-44fbb3140815	recruitment consultant	essential	http://data.europa.eu/esco/skill/73e7e2f4-7e5f-4e6c-86c2-3b5fbd191172	maintain privacy of service users	skill
068370e0-9c27-4814-87d0-44fbb3140815	recruitment consultant	essential	http://data.europa.eu/esco/skill/f3c5fae0-c0e3-4410-bc09-62bd82d4cecc	support employability of people with disabilities	skill
068370e0-9c27-4814-87d0-44fbb3140815	recruitment consultant	essential	http://data.europa.eu/esco/skill/de2f0ce8-f8d6-48c5-a213-4d065251cecf	communicate by telephone	skill
068370e0-9c27-4814-87d0-44fbb3140815	recruitment consultant	essential	http://data.europa.eu/esco/skill/f75b740c-b36c-495e-bc67-efe347bbc6b5	company policies	knowledge
068370e0-9c27-4814-87d0-44fbb3140815	recruitment consultant	essential	http://data.europa.eu/esco/skill/38a5c459-c591-4f76-a358-37de342bb11d	job market offers	knowledge
068370e0-9c27-4814-87d0-44fbb3140815	recruitment consultant	essential	http://data.europa.eu/esco/skill/a17286c5-238d-4f0b-bc24-29e9121345de	listen actively	skill
068370e0-9c27-4814-87d0-44fbb3140815	recruitment consultant	essential	http://data.europa.eu/esco/skill/08fe5910-8c4c-4679-a988-eb2ded3c4909	labour legislation	knowledge
068370e0-9c27-4814-87d0-44fbb3140815	recruitment consultant	essential	http://data.europa.eu/esco/skill/bf5d77ad-e18c-48d8-83f0-bc79c011c74a	develop professional network	skill
068370e0-9c27-4814-87d0-44fbb3140815	recruitment consultant	essential	http://data.europa.eu/esco/skill/7ff2c668-0e86-418a-a962-4958262ee337	use communication techniques	skill
068370e0-9c27-4814-87d0-44fbb3140815	recruitment consultant	essential	http://data.europa.eu/esco/skill/5aa57bdc-5765-435e-8fc9-99b3febdb213	hire human resources	skill
068370e0-9c27-4814-87d0-44fbb3140815	recruitment consultant	optional	http://data.europa.eu/esco/skill/89ba58e8-a67e-4d2b-ad42-6acab25c241b	measure customer feedback	skill
068370e0-9c27-4814-87d0-44fbb3140815	recruitment consultant	optional	http://data.europa.eu/esco/skill/918f5211-b99f-4b29-9a34-6e475583ef55	write work-related reports	skill
068370e0-9c27-4814-87d0-44fbb3140815	recruitment consultant	optional	http://data.europa.eu/esco/skill/fb9c12af-ec45-498a-8e52-891371191557	mentor individual employees	skill
068370e0-9c27-4814-87d0-44fbb3140815	recruitment consultant	optional	http://data.europa.eu/esco/skill/8ebb2c0a-0baa-43bf-95cf-094047c57427	maintain professional administration	skill
068370e0-9c27-4814-87d0-44fbb3140815	recruitment consultant	optional	http://data.europa.eu/esco/skill/8df59017-f8e3-4a48-b321-79a38c597748	manage tests	skill
068370e0-9c27-4814-87d0-44fbb3140815	recruitment consultant	optional	http://data.europa.eu/esco/skill/6789defa-dc57-42a8-b2ed-2b8c349aa3e2	determine salaries	skill
068370e0-9c27-4814-87d0-44fbb3140815	recruitment consultant	optional	http://data.europa.eu/esco/skill/2245cba7-fa4f-47b8-a0cb-3a6b60d703ee	give advice on personal matters	skill
068370e0-9c27-4814-87d0-44fbb3140815	recruitment consultant	optional	http://data.europa.eu/esco/skill/b17f4305-741a-4a1c-8fe8-6f11cb3d5c0a	business communication	knowledge
068370e0-9c27-4814-87d0-44fbb3140815	recruitment consultant	optional	http://data.europa.eu/esco/skill/a0e23745-6ba4-45e2-9510-df6e71ed1230	apply knowledge of human behaviour	skill
068370e0-9c27-4814-87d0-44fbb3140815	recruitment consultant	optional	http://data.europa.eu/esco/skill/933e7ccf-5d56-46ba-aca4-857f826a6b3a	administer appointments	skill
068370e0-9c27-4814-87d0-44fbb3140815	recruitment consultant	optional	http://data.europa.eu/esco/skill/64e09849-a7db-4d6b-a932-66264420eb97	apply social media marketing	skill
068370e0-9c27-4814-87d0-44fbb3140815	recruitment consultant	optional	http://data.europa.eu/esco/skill/aba1f05b-f312-47d8-be71-7c574134de8f	advertising techniques	knowledge
068370e0-9c27-4814-87d0-44fbb3140815	recruitment consultant	optional	http://data.europa.eu/esco/skill/b011c8b4-76e1-4bbc-8bb9-1d205e7b618a	market analysis	knowledge
068370e0-9c27-4814-87d0-44fbb3140815	recruitment consultant	optional	http://data.europa.eu/esco/skill/786a74d6-7ecd-44d5-ae4f-87ff02fe3dbf	assess character	skill
068370e0-9c27-4814-87d0-44fbb3140815	recruitment consultant	optional	http://data.europa.eu/esco/skill/9d5521f9-44d7-4db4-b7ac-0ba7d389f44d	liaise with colleagues	skill
068370e0-9c27-4814-87d0-44fbb3140815	recruitment consultant	optional	http://data.europa.eu/esco/skill/b01444aa-6f62-4b7d-ab30-4385a9148580	personal reflection techniques based on feedback	knowledge
068370e0-9c27-4814-87d0-44fbb3140815	recruitment consultant	optional	http://data.europa.eu/esco/skill/50181a4b-1cfd-4fbd-ac9a-c1a494b9c5d0	implement customer follow-up	skill
068370e0-9c27-4814-87d0-44fbb3140815	recruitment consultant	optional	http://data.europa.eu/esco/skill/811acf0c-4dd7-4dda-a4fa-7ca498a95204	negotiate employment agreements	skill
068370e0-9c27-4814-87d0-44fbb3140815	recruitment consultant	optional	http://data.europa.eu/esco/skill/f77b73f0-8c65-4389-a3ae-3a57a73ad148	develop employee retention programs	skill
068370e0-9c27-4814-87d0-44fbb3140815	recruitment consultant	optional	http://data.europa.eu/esco/skill/71057622-0cc1-4cce-b36c-b32a7071b017	facilitate job market access	skill
f605bcd2-90b6-45a0-a558-d05016d68a77	human resources manager	essential	http://data.europa.eu/esco/skill/3d3ee5c3-4286-457f-9f76-1704011f7e11	comply with legal regulations	skill
f605bcd2-90b6-45a0-a558-d05016d68a77	human resources manager	essential	http://data.europa.eu/esco/skill/eade4171-3d57-4fb2-9518-44d5a1da4ff5	build trust	skill
f605bcd2-90b6-45a0-a558-d05016d68a77	human resources manager	essential	http://data.europa.eu/esco/skill/a8f2a095-9d03-43f0-980d-2b9fcc59a994	shape corporate culture	skill
f605bcd2-90b6-45a0-a558-d05016d68a77	human resources manager	essential	http://data.europa.eu/esco/skill/21c5790c-0930-4d74-b3b0-84caf5af12ea	manage budgets	skill
f605bcd2-90b6-45a0-a558-d05016d68a77	human resources manager	essential	http://data.europa.eu/esco/skill/57c3021c-defc-4a39-b60b-95db8af25c3a	outplacement	knowledge
f605bcd2-90b6-45a0-a558-d05016d68a77	human resources manager	essential	http://data.europa.eu/esco/skill/517f678e-001b-4985-acb4-9edc3500d74c	develop training programmes	skill
f605bcd2-90b6-45a0-a558-d05016d68a77	human resources manager	essential	http://data.europa.eu/esco/skill/f3c5fae0-c0e3-4410-bc09-62bd82d4cecc	support employability of people with disabilities	skill
f605bcd2-90b6-45a0-a558-d05016d68a77	human resources manager	essential	http://data.europa.eu/esco/skill/fc54bd7f-0c03-4fdd-af8c-5eb4021e716d	identify with the company's goals	skill
f605bcd2-90b6-45a0-a558-d05016d68a77	human resources manager	essential	http://data.europa.eu/esco/skill/97b713f0-b9e8-4903-8dee-7e0b4019a1c0	employment law	knowledge
f605bcd2-90b6-45a0-a558-d05016d68a77	human resources manager	essential	http://data.europa.eu/esco/skill/c6e308b4-8799-4461-a9bd-560bdecb0dbb	human resources department processes	knowledge
f605bcd2-90b6-45a0-a558-d05016d68a77	human resources manager	essential	http://data.europa.eu/esco/skill/f206e732-110c-47ce-a53f-f00c9d97c90d	talent management strategies	knowledge
f605bcd2-90b6-45a0-a558-d05016d68a77	human resources manager	essential	http://data.europa.eu/esco/skill/728ad40d-4a79-4b4d-b77b-a48d094d73fa	evaluate training	skill
f605bcd2-90b6-45a0-a558-d05016d68a77	human resources manager	essential	http://data.europa.eu/esco/skill/1212ac42-2564-4fce-80e1-6ce4ea4d9bf5	advise on personnel management	skill
f605bcd2-90b6-45a0-a558-d05016d68a77	human resources manager	essential	http://data.europa.eu/esco/skill/afdb41dd-5dd5-4fbb-bf9e-e041422698b4	coordinate operational activities	skill
f605bcd2-90b6-45a0-a558-d05016d68a77	human resources manager	essential	http://data.europa.eu/esco/skill/f77b73f0-8c65-4389-a3ae-3a57a73ad148	develop employee retention programs	skill
f605bcd2-90b6-45a0-a558-d05016d68a77	human resources manager	essential	http://data.europa.eu/esco/skill/2ae4ae1a-367e-47e0-a0cc-6777be3e58d0	organise staff assessment	skill
f605bcd2-90b6-45a0-a558-d05016d68a77	human resources manager	essential	http://data.europa.eu/esco/skill/279a4b1d-21df-4d78-9f4d-324c73fd7536	manage human resources	skill
f605bcd2-90b6-45a0-a558-d05016d68a77	human resources manager	essential	http://data.europa.eu/esco/skill/8dcbcabe-09f7-4d11-940d-125af57bbc40	track key performance indicators	skill
f605bcd2-90b6-45a0-a558-d05016d68a77	human resources manager	essential	http://data.europa.eu/esco/skill/b22e46d7-1c5f-4837-943f-7f75531acc26	identify necessary human resources	skill
f605bcd2-90b6-45a0-a558-d05016d68a77	human resources manager	essential	http://data.europa.eu/esco/skill/9d916d7c-89b3-4084-a6d9-e2b0b3091404	manage payroll	skill
f605bcd2-90b6-45a0-a558-d05016d68a77	human resources manager	essential	http://data.europa.eu/esco/skill/65715f7a-c791-416b-b88a-2933a1c81647	recruit personnel	skill
f605bcd2-90b6-45a0-a558-d05016d68a77	human resources manager	essential	http://data.europa.eu/esco/skill/496932f1-0b6b-4f73-9432-d95c7ddcd43b	recruit employees	skill
f605bcd2-90b6-45a0-a558-d05016d68a77	human resources manager	essential	http://data.europa.eu/esco/skill/d96bfb0f-e771-4fec-abca-c38f48e02318	negotiate with employment agencies	skill
f605bcd2-90b6-45a0-a558-d05016d68a77	human resources manager	essential	http://data.europa.eu/esco/skill/714eebcb-569a-4f1b-b592-28f70b59a9ba	develop staff	skill
f605bcd2-90b6-45a0-a558-d05016d68a77	human resources manager	essential	http://data.europa.eu/esco/skill/f0b45409-42ca-42bc-a701-041e594d0657	ensure gender equality in the workplace	skill
f605bcd2-90b6-45a0-a558-d05016d68a77	human resources manager	essential	http://data.europa.eu/esco/skill/ebff1a39-7261-49cd-9cb2-88f565e8dc26	develop corporate training programmes	skill
f605bcd2-90b6-45a0-a558-d05016d68a77	human resources manager	essential	http://data.europa.eu/esco/skill/e437eba1-3e22-41f2-8703-741e94785cba	human resource management	knowledge
f605bcd2-90b6-45a0-a558-d05016d68a77	human resources manager	essential	http://data.europa.eu/esco/skill/811acf0c-4dd7-4dda-a4fa-7ca498a95204	negotiate employment agreements	skill
f605bcd2-90b6-45a0-a558-d05016d68a77	human resources manager	essential	http://data.europa.eu/esco/skill/6fce8d3f-a15f-4f26-943a-d200b32f6949	monitor company policy	skill
f605bcd2-90b6-45a0-a558-d05016d68a77	human resources manager	essential	http://data.europa.eu/esco/skill/cc3b901c-4d66-48f8-90b9-41883be1e1ed	plan medium to long term objectives	skill
f605bcd2-90b6-45a0-a558-d05016d68a77	human resources manager	essential	http://data.europa.eu/esco/skill/0a43729f-2a79-4dae-9faa-95520daae79f	apply company policies	skill
f605bcd2-90b6-45a0-a558-d05016d68a77	human resources manager	essential	http://data.europa.eu/esco/skill/5aa57bdc-5765-435e-8fc9-99b3febdb213	hire human resources	skill
f605bcd2-90b6-45a0-a558-d05016d68a77	human resources manager	essential	http://data.europa.eu/esco/skill/88b406d0-72e2-4087-be19-d5992d259473	personnel management	knowledge
f605bcd2-90b6-45a0-a558-d05016d68a77	human resources manager	essential	http://data.europa.eu/esco/skill/08fe5910-8c4c-4679-a988-eb2ded3c4909	labour legislation	knowledge
f605bcd2-90b6-45a0-a558-d05016d68a77	human resources manager	essential	http://data.europa.eu/esco/skill/19bf58ed-23b8-4763-b231-d4a1e98a225d	promote gender equality in business contexts	skill
f605bcd2-90b6-45a0-a558-d05016d68a77	human resources manager	essential	http://data.europa.eu/esco/skill/b3f22ab4-b553-439d-80a2-5b8ae6d11e0d	labour law	knowledge
f605bcd2-90b6-45a0-a558-d05016d68a77	human resources manager	optional	http://data.europa.eu/esco/skill/3a876d1c-3dd5-45ed-9a27-47cdbee46ce7	ensure information transparency	skill
f605bcd2-90b6-45a0-a558-d05016d68a77	human resources manager	optional	http://data.europa.eu/esco/skill/7ab41e7d-6f5c-49f7-858d-e6cb3070e9eb	set inclusion policies	skill
f605bcd2-90b6-45a0-a558-d05016d68a77	human resources manager	optional	http://data.europa.eu/esco/skill/b4832996-b36c-40b2-b54e-780325b2546e	adapt training to labour market	skill
f605bcd2-90b6-45a0-a558-d05016d68a77	human resources manager	optional	http://data.europa.eu/esco/skill/cdd2b6cc-b4a9-42a0-824b-766f52176fd3	write inspection reports	skill
f605bcd2-90b6-45a0-a558-d05016d68a77	human resources manager	optional	http://data.europa.eu/esco/skill/9f6946f7-60aa-409a-b33d-152f244299d8	provide advice on breaches of regulation	skill
f605bcd2-90b6-45a0-a558-d05016d68a77	human resources manager	optional	http://data.europa.eu/esco/skill/9091c8e5-9357-4c29-bceb-ddb1792c22e8	advise on conflict management	skill
f605bcd2-90b6-45a0-a558-d05016d68a77	human resources manager	optional	http://data.europa.eu/esco/skill/ab927ee8-acd9-41c2-aef0-2020364a1003	principles of insurance	knowledge
f605bcd2-90b6-45a0-a558-d05016d68a77	human resources manager	optional	http://data.europa.eu/esco/skill/fbdfc3bf-56a0-4454-a17d-2f513fe57b53	manage stress in the work place	skill
f605bcd2-90b6-45a0-a558-d05016d68a77	human resources manager	optional	http://data.europa.eu/esco/skill/b78f324d-e16c-43f8-97d2-50d3a7cd1fb3	work with virtual learning environments	skill
f605bcd2-90b6-45a0-a558-d05016d68a77	human resources manager	optional	http://data.europa.eu/esco/skill/f75b740c-b36c-495e-bc67-efe347bbc6b5	company policies	knowledge
f605bcd2-90b6-45a0-a558-d05016d68a77	human resources manager	optional	http://data.europa.eu/esco/skill/4f6e68b2-85c8-446e-a96d-b306ec7e0091	training subject expertise	knowledge
f605bcd2-90b6-45a0-a558-d05016d68a77	human resources manager	optional	http://data.europa.eu/esco/skill/a5735dd9-2e74-4fb1-b785-50b98498fc25	manage sub-contract labour	skill
f605bcd2-90b6-45a0-a558-d05016d68a77	human resources manager	optional	http://data.europa.eu/esco/skill/d5145a9a-602e-40bf-b3e1-f04cf9c3ef86	leadership principles	knowledge
f605bcd2-90b6-45a0-a558-d05016d68a77	human resources manager	optional	http://data.europa.eu/esco/skill/933e7ccf-5d56-46ba-aca4-857f826a6b3a	administer appointments	skill
f605bcd2-90b6-45a0-a558-d05016d68a77	human resources manager	optional	http://data.europa.eu/esco/skill/9601b2a8-68e4-4906-9306-a23679b8f0b0	supervise staff	skill
f605bcd2-90b6-45a0-a558-d05016d68a77	human resources manager	optional	http://data.europa.eu/esco/skill/8c1ffdbd-3581-4102-bcf9-d802ded713fa	types of pensions	knowledge
f605bcd2-90b6-45a0-a558-d05016d68a77	human resources manager	optional	http://data.europa.eu/esco/skill/d4199178-81a1-40dd-a8c8-0f91b0489913	negotiate settlements	skill
f605bcd2-90b6-45a0-a558-d05016d68a77	human resources manager	optional	http://data.europa.eu/esco/skill/6e66fa0f-4d3b-415e-9693-dc556eb5112a	manage corporate training programmes	skill
f605bcd2-90b6-45a0-a558-d05016d68a77	human resources manager	optional	http://data.europa.eu/esco/skill/fce3268c-c944-4a5f-8b9c-034a72d5df13	types of insurance	knowledge
f605bcd2-90b6-45a0-a558-d05016d68a77	human resources manager	optional	http://data.europa.eu/esco/skill/ba9260ba-1c8d-495e-94f1-f7cab7e73cea	social security law	knowledge
f605bcd2-90b6-45a0-a558-d05016d68a77	human resources manager	optional	http://data.europa.eu/esco/skill/6053cf28-2f42-44bb-8d27-a43920128b30	gather feedback from employees	skill
f605bcd2-90b6-45a0-a558-d05016d68a77	human resources manager	optional	http://data.europa.eu/esco/skill/b9bb1f03-15e2-4079-943e-7e483b21725b	give constructive feedback	skill
f605bcd2-90b6-45a0-a558-d05016d68a77	human resources manager	optional	http://data.europa.eu/esco/skill/aba1f05b-f312-47d8-be71-7c574134de8f	advertising techniques	knowledge
f605bcd2-90b6-45a0-a558-d05016d68a77	human resources manager	optional	http://data.europa.eu/esco/skill/66d47084-9437-48b2-819b-c4c8214ed650	interview people	skill
f605bcd2-90b6-45a0-a558-d05016d68a77	human resources manager	optional	http://data.europa.eu/esco/skill/f28c3e9b-8666-48d4-a5e4-542ac193879b	advise on social security benefits	skill
f605bcd2-90b6-45a0-a558-d05016d68a77	human resources manager	optional	http://data.europa.eu/esco/skill/9d59f4e5-20a5-428e-b8b3-645043500457	create a work atmosphere of continuous improvement	skill
f605bcd2-90b6-45a0-a558-d05016d68a77	human resources manager	optional	http://data.europa.eu/esco/skill/751f6baf-de47-4d67-a657-4133066703f4	identify policy breach	skill
f605bcd2-90b6-45a0-a558-d05016d68a77	human resources manager	optional	http://data.europa.eu/esco/skill/0efbe2dc-2770-47ec-b8f4-d1bdff6ac0a4	advise on risk management	skill
f605bcd2-90b6-45a0-a558-d05016d68a77	human resources manager	optional	http://data.europa.eu/esco/skill/3a5231a0-8c30-48ee-b671-08e2debd4441	organisational policies	knowledge
f605bcd2-90b6-45a0-a558-d05016d68a77	human resources manager	optional	http://data.europa.eu/esco/skill/2be699a7-416a-4f32-967c-4edc65027b71	government policy implementation	knowledge
f605bcd2-90b6-45a0-a558-d05016d68a77	human resources manager	optional	http://data.europa.eu/esco/skill/36ece87e-32bc-4fb5-8773-2aa5160cb93b	manage pension funds	skill
f605bcd2-90b6-45a0-a558-d05016d68a77	human resources manager	optional	http://data.europa.eu/esco/skill/4a92d8ce-ffd6-4da5-a50e-ef1bff5cc219	government social security programmes	knowledge
f605bcd2-90b6-45a0-a558-d05016d68a77	human resources manager	optional	http://data.europa.eu/esco/skill/f78d5c04-a440-4068-90c2-fab03409a911	manage government policy implementation	skill
f605bcd2-90b6-45a0-a558-d05016d68a77	human resources manager	optional	http://data.europa.eu/esco/skill/88f823da-ab17-4559-8985-69b1507675ca	discharge employees	skill
f605bcd2-90b6-45a0-a558-d05016d68a77	human resources manager	optional	http://data.europa.eu/esco/skill/0ee94af1-b445-4973-9c3f-459fab250342	apply conflict management	skill
f605bcd2-90b6-45a0-a558-d05016d68a77	human resources manager	optional	http://data.europa.eu/esco/skill/5cfd2ec5-ef34-4e3b-9397-e580b903d716	evaluate performance of organisational collaborators	skill
f605bcd2-90b6-45a0-a558-d05016d68a77	human resources manager	optional	http://data.europa.eu/esco/skill/9525dcdf-5085-4143-bbae-544263acd63a	coordinate educational programmes	skill
f605bcd2-90b6-45a0-a558-d05016d68a77	human resources manager	optional	http://data.europa.eu/esco/skill/c4272323-cce6-4535-ac71-4f6841f4f89a	organisational structure	knowledge
f605bcd2-90b6-45a0-a558-d05016d68a77	human resources manager	optional	http://data.europa.eu/esco/skill/8bdc520c-6293-4e99-bf6f-a44d5da3ebcb	monitor legislation developments	skill
f605bcd2-90b6-45a0-a558-d05016d68a77	human resources manager	optional	http://data.europa.eu/esco/skill/d2dc31f1-720c-4757-bc1b-9e563d264dcf	advise on organisational culture	skill
f605bcd2-90b6-45a0-a558-d05016d68a77	human resources manager	optional	http://data.europa.eu/esco/skill/d2a9f2d0-9de7-44ce-a168-590b85234f20	teach corporate skills	skill
f605bcd2-90b6-45a0-a558-d05016d68a77	human resources manager	optional	http://data.europa.eu/esco/skill/bf5d77ad-e18c-48d8-83f0-bc79c011c74a	develop professional network	skill
f605bcd2-90b6-45a0-a558-d05016d68a77	human resources manager	optional	http://data.europa.eu/esco/skill/c32ad607-0c4d-4e34-b73f-668298f7bf13	apply technical communication skills	skill
f605bcd2-90b6-45a0-a558-d05016d68a77	human resources manager	optional	http://data.europa.eu/esco/skill/e4a7d2be-9cdd-43c6-ab43-8060fe5ad5c8	monitor organisation climate	skill
f605bcd2-90b6-45a0-a558-d05016d68a77	human resources manager	optional	http://data.europa.eu/esco/skill/8bad61b8-75f7-4bdc-b994-f7158f4b90f0	set organisational policies	skill
f605bcd2-90b6-45a0-a558-d05016d68a77	human resources manager	optional	http://data.europa.eu/esco/skill/66db424f-2abe-420d-8e5b-186607266b61	corporate social responsibility	knowledge
f605bcd2-90b6-45a0-a558-d05016d68a77	human resources manager	optional	http://data.europa.eu/esco/skill/d77d7685-04fb-43a4-a1ac-09a10811f646	corporate law	knowledge
f605bcd2-90b6-45a0-a558-d05016d68a77	human resources manager	optional	http://data.europa.eu/esco/skill/4b3c8605-819d-4b38-83fc-f23663e78dc9	consultation	knowledge
0ba06640-e0ac-4911-9e43-289a8e41651e	corporate trainer	essential	http://data.europa.eu/esco/skill/e3ef4981-2cba-4b34-b273-728c3a33d04f	apply intercultural teaching strategies	skill
0ba06640-e0ac-4911-9e43-289a8e41651e	corporate trainer	essential	http://data.europa.eu/esco/skill/d39a5880-7d0a-4573-9f70-a75ff875bf83	provide lesson materials	skill
0ba06640-e0ac-4911-9e43-289a8e41651e	corporate trainer	essential	http://data.europa.eu/esco/skill/20f57a7f-b90e-4403-8c77-5ddd89b5835b	prepare lesson content	skill
0ba06640-e0ac-4911-9e43-289a8e41651e	corporate trainer	essential	http://data.europa.eu/esco/skill/59eb177a-2f30-4943-8b30-5f87dd51a80d	apply teaching strategies	skill
0ba06640-e0ac-4911-9e43-289a8e41651e	corporate trainer	essential	http://data.europa.eu/esco/skill/0cc9c234-f817-4f4c-908a-4d28fe3b0f4a	coach employees	skill
0ba06640-e0ac-4911-9e43-289a8e41651e	corporate trainer	essential	http://data.europa.eu/esco/skill/b4832996-b36c-40b2-b54e-780325b2546e	adapt training to labour market	skill
0ba06640-e0ac-4911-9e43-289a8e41651e	corporate trainer	essential	http://data.europa.eu/esco/skill/23ac233d-84ad-4517-b0f5-8ca19ba2614e	monitor developments in field of expertise	skill
0ba06640-e0ac-4911-9e43-289a8e41651e	corporate trainer	essential	http://data.europa.eu/esco/skill/d2a9f2d0-9de7-44ce-a168-590b85234f20	teach corporate skills	skill
0ba06640-e0ac-4911-9e43-289a8e41651e	corporate trainer	essential	http://data.europa.eu/esco/skill/edff6d20-660d-4d33-b412-9a5b664a14be	curriculum objectives	knowledge
0ba06640-e0ac-4911-9e43-289a8e41651e	corporate trainer	essential	http://data.europa.eu/esco/skill/31b67516-af16-4b97-8430-a8a8e0f84190	assessment processes	knowledge
0ba06640-e0ac-4911-9e43-289a8e41651e	corporate trainer	essential	http://data.europa.eu/esco/skill/60856bbb-e5db-4398-babb-300a24a7fe97	adult education	knowledge
0ba06640-e0ac-4911-9e43-289a8e41651e	corporate trainer	essential	http://data.europa.eu/esco/skill/dbc538a0-7d1d-4394-b2f6-8fae44a55d86	provide feedback to performers	skill
0ba06640-e0ac-4911-9e43-289a8e41651e	corporate trainer	essential	http://data.europa.eu/esco/skill/b9bb1f03-15e2-4079-943e-7e483b21725b	give constructive feedback	skill
0ba06640-e0ac-4911-9e43-289a8e41651e	corporate trainer	essential	http://data.europa.eu/esco/skill/b2a9587a-49a4-4384-b134-0d394be806e3	adapt teaching to target group	skill
0ba06640-e0ac-4911-9e43-289a8e41651e	corporate trainer	essential	http://data.europa.eu/esco/skill/b32e593b-cc7f-4f38-bf50-e69431ec7ada	demonstrate when teaching	skill
0ba06640-e0ac-4911-9e43-289a8e41651e	corporate trainer	essential	http://data.europa.eu/esco/skill/4f6e68b2-85c8-446e-a96d-b306ec7e0091	training subject expertise	knowledge
0ba06640-e0ac-4911-9e43-289a8e41651e	corporate trainer	optional	http://data.europa.eu/esco/skill/7111b95d-0ce3-441a-9d92-4c75d05c4388	project management	knowledge
0ba06640-e0ac-4911-9e43-289a8e41651e	corporate trainer	optional	http://data.europa.eu/esco/skill/c8fa4313-80b0-4f37-8b1b-1739707bc362	teach digital literacy	skill
0ba06640-e0ac-4911-9e43-289a8e41651e	corporate trainer	optional	http://data.europa.eu/esco/skill/b78f324d-e16c-43f8-97d2-50d3a7cd1fb3	work with virtual learning environments	skill
0ba06640-e0ac-4911-9e43-289a8e41651e	corporate trainer	optional	http://data.europa.eu/esco/skill/b17f4305-741a-4a1c-8fe8-6f11cb3d5c0a	business communication	knowledge
0ba06640-e0ac-4911-9e43-289a8e41651e	corporate trainer	optional	http://data.europa.eu/esco/skill/6fe019dd-027f-45f3-b19c-d27f7ae00980	assess students	skill
0ba06640-e0ac-4911-9e43-289a8e41651e	corporate trainer	optional	http://data.europa.eu/esco/skill/5bbaa0e6-0fd7-4df2-9db7-34f78b40dc34	marketing management	knowledge
0ba06640-e0ac-4911-9e43-289a8e41651e	corporate trainer	optional	http://data.europa.eu/esco/skill/5a3c7fa1-4f0d-4ede-8e5e-734a2afa5ca7	promote education course	skill
0ba06640-e0ac-4911-9e43-289a8e41651e	corporate trainer	optional	http://data.europa.eu/esco/skill/8bc75dce-beba-40f9-93fc-66c9708ed74b	advise on efficiency improvements	skill
0ba06640-e0ac-4911-9e43-289a8e41651e	corporate trainer	optional	http://data.europa.eu/esco/skill/15a33d76-4640-438d-ae64-fdc0c1d3eebc	customer service	knowledge
0ba06640-e0ac-4911-9e43-289a8e41651e	corporate trainer	optional	http://data.europa.eu/esco/skill/1d38a162-61a0-42e8-83ca-47ce3e881032	develop a coaching style	skill
0ba06640-e0ac-4911-9e43-289a8e41651e	corporate trainer	optional	http://data.europa.eu/esco/skill/4c459ffb-4462-410e-8b60-e16092738e91	teach public speaking principles	skill
0ba06640-e0ac-4911-9e43-289a8e41651e	corporate trainer	optional	http://data.europa.eu/esco/skill/52e53619-fa77-4f72-b237-5e4aae784dc2	financial management	knowledge
0ba06640-e0ac-4911-9e43-289a8e41651e	corporate trainer	optional	http://data.europa.eu/esco/skill/15d76317-c71a-4fa2-aadc-2ecc34e627b7	communication	knowledge
0ba06640-e0ac-4911-9e43-289a8e41651e	corporate trainer	optional	http://data.europa.eu/esco/skill/3a5231a0-8c30-48ee-b671-08e2debd4441	organisational policies	knowledge
0ba06640-e0ac-4911-9e43-289a8e41651e	corporate trainer	optional	http://data.europa.eu/esco/skill/a5b0cd5c-e13a-4ab3-8d93-4d242adcfb01	teamwork principles	knowledge
0ba06640-e0ac-4911-9e43-289a8e41651e	corporate trainer	optional	http://data.europa.eu/esco/skill/9df34bc3-25d4-4452-a896-4d19b94ef896	keep personal administration	skill
0ba06640-e0ac-4911-9e43-289a8e41651e	corporate trainer	optional	http://data.europa.eu/esco/skill/0d7f2cce-245a-4d02-9b8d-2e9946cc4c5d	deliver online training	skill
0ba06640-e0ac-4911-9e43-289a8e41651e	corporate trainer	optional	http://data.europa.eu/esco/skill/e437eba1-3e22-41f2-8703-741e94785cba	human resource management	knowledge
0ba06640-e0ac-4911-9e43-289a8e41651e	corporate trainer	optional	http://data.europa.eu/esco/skill/d5145a9a-602e-40bf-b3e1-f04cf9c3ef86	leadership principles	knowledge
0ba06640-e0ac-4911-9e43-289a8e41651e	corporate trainer	optional	http://data.europa.eu/esco/skill/afd49651-9119-4327-91fc-844a6dda1254	conflict management	knowledge
a14e96a7-6c4d-4d69-8c6f-7ccadf77bac5	corporate training manager	essential	http://data.europa.eu/esco/skill/f049d050-12da-4e40-813a-2b5eb6df6b51	Internet of Things	knowledge
a14e96a7-6c4d-4d69-8c6f-7ccadf77bac5	corporate training manager	essential	http://data.europa.eu/esco/skill/728ad40d-4a79-4b4d-b77b-a48d094d73fa	evaluate training	skill
a14e96a7-6c4d-4d69-8c6f-7ccadf77bac5	corporate training manager	essential	http://data.europa.eu/esco/skill/0e1fe34b-f4e7-4642-8c8b-5a05ac3438e5	manage schedule of tasks	skill
a14e96a7-6c4d-4d69-8c6f-7ccadf77bac5	corporate training manager	essential	http://data.europa.eu/esco/skill/19bf58ed-23b8-4763-b231-d4a1e98a225d	promote gender equality in business contexts	skill
a14e96a7-6c4d-4d69-8c6f-7ccadf77bac5	corporate training manager	essential	http://data.europa.eu/esco/skill/f14ff4b7-be1e-4b55-b39b-520005f8a97e	liaise with managers	skill
a14e96a7-6c4d-4d69-8c6f-7ccadf77bac5	corporate training manager	essential	http://data.europa.eu/esco/skill/97b713f0-b9e8-4903-8dee-7e0b4019a1c0	employment law	knowledge
a14e96a7-6c4d-4d69-8c6f-7ccadf77bac5	corporate training manager	essential	http://data.europa.eu/esco/skill/08fe5910-8c4c-4679-a988-eb2ded3c4909	labour legislation	knowledge
a14e96a7-6c4d-4d69-8c6f-7ccadf77bac5	corporate training manager	essential	http://data.europa.eu/esco/skill/b22e46d7-1c5f-4837-943f-7f75531acc26	identify necessary human resources	skill
a14e96a7-6c4d-4d69-8c6f-7ccadf77bac5	corporate training manager	essential	http://data.europa.eu/esco/skill/9d916d7c-89b3-4084-a6d9-e2b0b3091404	manage payroll	skill
a14e96a7-6c4d-4d69-8c6f-7ccadf77bac5	corporate training manager	essential	http://data.europa.eu/esco/skill/8088750d-8388-4170-a76f-48354c469c44	cyber security	knowledge
a14e96a7-6c4d-4d69-8c6f-7ccadf77bac5	corporate training manager	essential	http://data.europa.eu/esco/skill/d7e4a9fa-cfc2-45f9-96eb-13dc6e48c86c	video conferencing tool	knowledge
a14e96a7-6c4d-4d69-8c6f-7ccadf77bac5	corporate training manager	essential	http://data.europa.eu/esco/skill/88af9294-b697-4687-ae19-aefbb6234dfa	economics	knowledge
a14e96a7-6c4d-4d69-8c6f-7ccadf77bac5	corporate training manager	essential	http://data.europa.eu/esco/skill/23ac233d-84ad-4517-b0f5-8ca19ba2614e	monitor developments in field of expertise	skill
a14e96a7-6c4d-4d69-8c6f-7ccadf77bac5	corporate training manager	essential	http://data.europa.eu/esco/skill/9601b2a8-68e4-4906-9306-a23679b8f0b0	supervise staff	skill
a14e96a7-6c4d-4d69-8c6f-7ccadf77bac5	corporate training manager	essential	http://data.europa.eu/esco/skill/5cfd2ec5-ef34-4e3b-9397-e580b903d716	evaluate performance of organisational collaborators	skill
a14e96a7-6c4d-4d69-8c6f-7ccadf77bac5	corporate training manager	essential	http://data.europa.eu/esco/skill/811acf0c-4dd7-4dda-a4fa-7ca498a95204	negotiate employment agreements	skill
a14e96a7-6c4d-4d69-8c6f-7ccadf77bac5	corporate training manager	essential	http://data.europa.eu/esco/skill/ccdbd9bb-4faf-403c-a968-e8bf487f8a53	business ICT systems	knowledge
a14e96a7-6c4d-4d69-8c6f-7ccadf77bac5	corporate training manager	essential	http://data.europa.eu/esco/skill/8dcbcabe-09f7-4d11-940d-125af57bbc40	track key performance indicators	skill
a14e96a7-6c4d-4d69-8c6f-7ccadf77bac5	corporate training manager	essential	http://data.europa.eu/esco/skill/2ae4ae1a-367e-47e0-a0cc-6777be3e58d0	organise staff assessment	skill
a14e96a7-6c4d-4d69-8c6f-7ccadf77bac5	corporate training manager	essential	http://data.europa.eu/esco/skill/f77b73f0-8c65-4389-a3ae-3a57a73ad148	develop employee retention programs	skill
a14e96a7-6c4d-4d69-8c6f-7ccadf77bac5	corporate training manager	essential	http://data.europa.eu/esco/skill/21c5790c-0930-4d74-b3b0-84caf5af12ea	manage budgets	skill
a14e96a7-6c4d-4d69-8c6f-7ccadf77bac5	corporate training manager	essential	http://data.europa.eu/esco/skill/31b67516-af16-4b97-8430-a8a8e0f84190	assessment processes	knowledge
a14e96a7-6c4d-4d69-8c6f-7ccadf77bac5	corporate training manager	essential	http://data.europa.eu/esco/skill/bdf5ca62-9053-4652-b5e4-4eb95c271945	organisational learning	knowledge
a14e96a7-6c4d-4d69-8c6f-7ccadf77bac5	corporate training manager	essential	http://data.europa.eu/esco/skill/d96bfb0f-e771-4fec-abca-c38f48e02318	negotiate with employment agencies	skill
a14e96a7-6c4d-4d69-8c6f-7ccadf77bac5	corporate training manager	essential	http://data.europa.eu/esco/skill/dc72ad0a-c5dc-4abd-bc0d-ca43e82162e1	build business relationships	skill
a14e96a7-6c4d-4d69-8c6f-7ccadf77bac5	corporate training manager	essential	http://data.europa.eu/esco/skill/afdb41dd-5dd5-4fbb-bf9e-e041422698b4	coordinate operational activities	skill
a14e96a7-6c4d-4d69-8c6f-7ccadf77bac5	corporate training manager	essential	http://data.europa.eu/esco/skill/3d3ee5c3-4286-457f-9f76-1704011f7e11	comply with legal regulations	skill
a14e96a7-6c4d-4d69-8c6f-7ccadf77bac5	corporate training manager	essential	http://data.europa.eu/esco/skill/7111b95d-0ce3-441a-9d92-4c75d05c4388	project management	knowledge
a14e96a7-6c4d-4d69-8c6f-7ccadf77bac5	corporate training manager	essential	http://data.europa.eu/esco/skill/0a43729f-2a79-4dae-9faa-95520daae79f	apply company policies	skill
a14e96a7-6c4d-4d69-8c6f-7ccadf77bac5	corporate training manager	essential	http://data.europa.eu/esco/skill/b9bb1f03-15e2-4079-943e-7e483b21725b	give constructive feedback	skill
a14e96a7-6c4d-4d69-8c6f-7ccadf77bac5	corporate training manager	essential	http://data.europa.eu/esco/skill/ebff1a39-7261-49cd-9cb2-88f565e8dc26	develop corporate training programmes	skill
a14e96a7-6c4d-4d69-8c6f-7ccadf77bac5	corporate training manager	essential	http://data.europa.eu/esco/skill/c7cc6dc5-d56b-4323-8e5c-47c4022f615f	quality assurance methodologies	knowledge
a14e96a7-6c4d-4d69-8c6f-7ccadf77bac5	corporate training manager	essential	http://data.europa.eu/esco/skill/6e66fa0f-4d3b-415e-9693-dc556eb5112a	manage corporate training programmes	skill
a14e96a7-6c4d-4d69-8c6f-7ccadf77bac5	corporate training manager	essential	http://data.europa.eu/esco/skill/60856bbb-e5db-4398-babb-300a24a7fe97	adult education	knowledge
a14e96a7-6c4d-4d69-8c6f-7ccadf77bac5	corporate training manager	essential	http://data.europa.eu/esco/skill/b4832996-b36c-40b2-b54e-780325b2546e	adapt training to labour market	skill
a14e96a7-6c4d-4d69-8c6f-7ccadf77bac5	corporate training manager	essential	http://data.europa.eu/esco/skill/0a48d064-dd04-47fb-a00d-85e9b4874033	business management principles	knowledge
a14e96a7-6c4d-4d69-8c6f-7ccadf77bac5	corporate training manager	essential	http://data.europa.eu/esco/skill/fc54bd7f-0c03-4fdd-af8c-5eb4021e716d	identify with the company's goals	skill
a14e96a7-6c4d-4d69-8c6f-7ccadf77bac5	corporate training manager	essential	http://data.europa.eu/esco/skill/edff6d20-660d-4d33-b412-9a5b664a14be	curriculum objectives	knowledge
a14e96a7-6c4d-4d69-8c6f-7ccadf77bac5	corporate training manager	essential	http://data.europa.eu/esco/skill/143769cb-b61e-47d8-a61e-eedfbec1016c	business intelligence	knowledge
a14e96a7-6c4d-4d69-8c6f-7ccadf77bac5	corporate training manager	essential	http://data.europa.eu/esco/skill/c6e308b4-8799-4461-a9bd-560bdecb0dbb	human resources department processes	knowledge
a14e96a7-6c4d-4d69-8c6f-7ccadf77bac5	corporate training manager	essential	http://data.europa.eu/esco/skill/8318ca1f-117e-4a21-a07a-5d7515a21035	provide training in sustainable tourism development and management	skill
a14e96a7-6c4d-4d69-8c6f-7ccadf77bac5	corporate training manager	essential	http://data.europa.eu/esco/skill/6fce8d3f-a15f-4f26-943a-d200b32f6949	monitor company policy	skill
a14e96a7-6c4d-4d69-8c6f-7ccadf77bac5	corporate training manager	essential	http://data.europa.eu/esco/skill/905b6acd-377b-46b9-9d80-e47e9ca789ca	financial markets	knowledge
a14e96a7-6c4d-4d69-8c6f-7ccadf77bac5	corporate training manager	essential	http://data.europa.eu/esco/skill/d15ba5cb-9212-4a90-85af-2c560da59925	perform product planning	skill
a14e96a7-6c4d-4d69-8c6f-7ccadf77bac5	corporate training manager	essential	http://data.europa.eu/esco/skill/517f678e-001b-4985-acb4-9edc3500d74c	develop training programmes	skill
a14e96a7-6c4d-4d69-8c6f-7ccadf77bac5	corporate training manager	essential	http://data.europa.eu/esco/skill/6c870993-9341-438b-91c0-c7fe4f96d8f5	apply strategic thinking	skill
a14e96a7-6c4d-4d69-8c6f-7ccadf77bac5	corporate training manager	optional	http://data.europa.eu/esco/skill/e437eba1-3e22-41f2-8703-741e94785cba	human resource management	knowledge
a14e96a7-6c4d-4d69-8c6f-7ccadf77bac5	corporate training manager	optional	http://data.europa.eu/esco/skill/4f6e68b2-85c8-446e-a96d-b306ec7e0091	training subject expertise	knowledge
a14e96a7-6c4d-4d69-8c6f-7ccadf77bac5	corporate training manager	optional	http://data.europa.eu/esco/skill/f75b740c-b36c-495e-bc67-efe347bbc6b5	company policies	knowledge
a14e96a7-6c4d-4d69-8c6f-7ccadf77bac5	corporate training manager	optional	http://data.europa.eu/esco/skill/3fcc49e8-71f8-4265-9e48-2e8c3465340a	provide information on study programmes	skill
a14e96a7-6c4d-4d69-8c6f-7ccadf77bac5	corporate training manager	optional	http://data.europa.eu/esco/skill/cf579543-272b-43c8-b942-555836ae4241	supply chain principles	knowledge
a14e96a7-6c4d-4d69-8c6f-7ccadf77bac5	corporate training manager	optional	http://data.europa.eu/esco/skill/a5b0cd5c-e13a-4ab3-8d93-4d242adcfb01	teamwork principles	knowledge
a14e96a7-6c4d-4d69-8c6f-7ccadf77bac5	corporate training manager	optional	http://data.europa.eu/esco/skill/0d7f2cce-245a-4d02-9b8d-2e9946cc4c5d	deliver online training	skill
a14e96a7-6c4d-4d69-8c6f-7ccadf77bac5	corporate training manager	optional	http://data.europa.eu/esco/skill/8b9332c7-2551-4527-9a64-a615713d8b02	evaluate employees	skill
a14e96a7-6c4d-4d69-8c6f-7ccadf77bac5	corporate training manager	optional	http://data.europa.eu/esco/skill/d2a9f2d0-9de7-44ce-a168-590b85234f20	teach corporate skills	skill
a14e96a7-6c4d-4d69-8c6f-7ccadf77bac5	corporate training manager	optional	http://data.europa.eu/esco/skill/4b3c8605-819d-4b38-83fc-f23663e78dc9	consultation	knowledge
a14e96a7-6c4d-4d69-8c6f-7ccadf77bac5	corporate training manager	optional	http://data.europa.eu/esco/skill/dbc538a0-7d1d-4394-b2f6-8fae44a55d86	provide feedback to performers	skill
a14e96a7-6c4d-4d69-8c6f-7ccadf77bac5	corporate training manager	optional	http://data.europa.eu/esco/skill/83fc0b2b-6cd2-46af-b1ff-d3fc83604c26	energy efficiency	knowledge
a14e96a7-6c4d-4d69-8c6f-7ccadf77bac5	corporate training manager	optional	http://data.europa.eu/esco/skill/0cc9c234-f817-4f4c-908a-4d28fe3b0f4a	coach employees	skill
a14e96a7-6c4d-4d69-8c6f-7ccadf77bac5	corporate training manager	optional	http://data.europa.eu/esco/skill/3a5231a0-8c30-48ee-b671-08e2debd4441	organisational policies	knowledge
a14e96a7-6c4d-4d69-8c6f-7ccadf77bac5	corporate training manager	optional	http://data.europa.eu/esco/skill/5a3c7fa1-4f0d-4ede-8e5e-734a2afa5ca7	promote education course	skill
a14e96a7-6c4d-4d69-8c6f-7ccadf77bac5	corporate training manager	optional	http://data.europa.eu/esco/skill/d5145a9a-602e-40bf-b3e1-f04cf9c3ef86	leadership principles	knowledge
a14e96a7-6c4d-4d69-8c6f-7ccadf77bac5	corporate training manager	optional	http://data.europa.eu/esco/skill/bf5d77ad-e18c-48d8-83f0-bc79c011c74a	develop professional network	skill
a14e96a7-6c4d-4d69-8c6f-7ccadf77bac5	corporate training manager	optional	http://data.europa.eu/esco/skill/40f65a56-ccbe-4601-9f32-1cc6cdd24f28	waste management	knowledge
a14e96a7-6c4d-4d69-8c6f-7ccadf77bac5	corporate training manager	optional	http://data.europa.eu/esco/skill/b17f4305-741a-4a1c-8fe8-6f11cb3d5c0a	business communication	knowledge
a14e96a7-6c4d-4d69-8c6f-7ccadf77bac5	corporate training manager	optional	http://data.europa.eu/esco/skill/b78f324d-e16c-43f8-97d2-50d3a7cd1fb3	work with virtual learning environments	skill
a14e96a7-6c4d-4d69-8c6f-7ccadf77bac5	corporate training manager	optional	http://data.europa.eu/esco/skill/f929c89e-c363-4132-a918-e021d57b307c	supply chain management	knowledge
a14e96a7-6c4d-4d69-8c6f-7ccadf77bac5	corporate training manager	optional	http://data.europa.eu/esco/skill/b1272de4-1f5f-408b-8b26-061f2550fc72	e-commerce systems	knowledge
a14e96a7-6c4d-4d69-8c6f-7ccadf77bac5	corporate training manager	optional	http://data.europa.eu/esco/skill/d2c81ad1-2439-43cf-9c63-204187b8f771	mitigate waste of resources	skill
a14e96a7-6c4d-4d69-8c6f-7ccadf77bac5	corporate training manager	optional	http://data.europa.eu/esco/skill/cc3b901c-4d66-48f8-90b9-41883be1e1ed	plan medium to long term objectives	skill
a14e96a7-6c4d-4d69-8c6f-7ccadf77bac5	corporate training manager	optional	http://data.europa.eu/esco/skill/afd49651-9119-4327-91fc-844a6dda1254	conflict management	knowledge
a14e96a7-6c4d-4d69-8c6f-7ccadf77bac5	corporate training manager	optional	http://data.europa.eu/esco/skill/198b614d-a9af-46f5-b3fd-2672b401dd8e	health and safety in the workplace	knowledge
a14e96a7-6c4d-4d69-8c6f-7ccadf77bac5	corporate training manager	optional	http://data.europa.eu/esco/skill/c32ad607-0c4d-4e34-b73f-668298f7bf13	apply technical communication skills	skill
a14e96a7-6c4d-4d69-8c6f-7ccadf77bac5	corporate training manager	optional	http://data.europa.eu/esco/skill/15d76317-c71a-4fa2-aadc-2ecc34e627b7	communication	knowledge
a14e96a7-6c4d-4d69-8c6f-7ccadf77bac5	corporate training manager	optional	http://data.europa.eu/esco/skill/8abdc43c-2bfd-417c-97c2-27fcdaf53171	promote environmental awareness	skill
a14e96a7-6c4d-4d69-8c6f-7ccadf77bac5	corporate training manager	optional	http://data.europa.eu/esco/skill/52e53619-fa77-4f72-b237-5e4aae784dc2	financial management	knowledge
c9b2b0a7-0adc-4ca7-bf7c-dc95e18aeac7	procurement support officer	essential	http://data.europa.eu/esco/skill/1368c06f-202d-4776-8153-93aed512cc64	perform contract reporting and evaluation	skill
c9b2b0a7-0adc-4ca7-bf7c-dc95e18aeac7	procurement support officer	essential	http://data.europa.eu/esco/skill/a1f2e26f-b2ba-47dc-a0e8-8c53424a508d	apply certification and payment procedures	skill
c9b2b0a7-0adc-4ca7-bf7c-dc95e18aeac7	procurement support officer	essential	http://data.europa.eu/esco/skill/3bc08c26-2f98-4730-bbb6-ec4a8566e3cf	procurement lifecycle	knowledge
c9b2b0a7-0adc-4ca7-bf7c-dc95e18aeac7	procurement support officer	essential	http://data.europa.eu/esco/skill/aa238394-8126-4ada-be2f-9dfe065cf314	adhere to organisational guidelines	skill
c9b2b0a7-0adc-4ca7-bf7c-dc95e18aeac7	procurement support officer	essential	http://data.europa.eu/esco/skill/7cf2762d-32e1-4b21-8ef8-574e40310c18	morality	knowledge
c9b2b0a7-0adc-4ca7-bf7c-dc95e18aeac7	procurement support officer	essential	http://data.europa.eu/esco/skill/378caeec-10a0-4162-b75c-ab374a42e93d	e-procurement	knowledge
c9b2b0a7-0adc-4ca7-bf7c-dc95e18aeac7	procurement support officer	essential	http://data.europa.eu/esco/skill/d2564da5-c21f-4c02-8887-c78a001bb183	adhere to organisational code of ethics	skill
c9b2b0a7-0adc-4ca7-bf7c-dc95e18aeac7	procurement support officer	essential	http://data.europa.eu/esco/skill/6c97d04d-7239-4dc7-90ef-3e812ba2b124	perform procurement market analysis	skill
c9b2b0a7-0adc-4ca7-bf7c-dc95e18aeac7	procurement support officer	essential	http://data.europa.eu/esco/skill/082967d4-b94c-4305-aa13-35a6aa8c5c7c	cooperate with colleagues	skill
c9b2b0a7-0adc-4ca7-bf7c-dc95e18aeac7	procurement support officer	essential	http://data.europa.eu/esco/skill/bc067d2e-e151-408f-8e34-24effd2b7fd6	use e-procurement	skill
c9b2b0a7-0adc-4ca7-bf7c-dc95e18aeac7	procurement support officer	essential	http://data.europa.eu/esco/skill/31599ac3-e03c-42f8-8f08-b549af8234f2	draft procurement technical specifications	skill
c9b2b0a7-0adc-4ca7-bf7c-dc95e18aeac7	procurement support officer	essential	http://data.europa.eu/esco/skill/6dd4ce8c-1813-429d-9f06-3382c4833ca3	assess procurement needs	skill
c9b2b0a7-0adc-4ca7-bf7c-dc95e18aeac7	procurement support officer	essential	http://data.europa.eu/esco/skill/2636b3d3-843e-46a9-8b4c-a9d6ca3f5a2d	provide technical documentation	skill
c9b2b0a7-0adc-4ca7-bf7c-dc95e18aeac7	procurement support officer	essential	http://data.europa.eu/esco/skill/6789d5a3-34ca-4417-bb93-331319b01da3	draft tender documentation	skill
c9b2b0a7-0adc-4ca7-bf7c-dc95e18aeac7	procurement support officer	essential	http://data.europa.eu/esco/skill/a5b0cd5c-e13a-4ab3-8d93-4d242adcfb01	teamwork principles	knowledge
c9b2b0a7-0adc-4ca7-bf7c-dc95e18aeac7	procurement support officer	essential	http://data.europa.eu/esco/skill/fe1ec582-d63b-466c-9149-e7fc4fe93e22	supplier management	knowledge
c9b2b0a7-0adc-4ca7-bf7c-dc95e18aeac7	procurement support officer	essential	http://data.europa.eu/esco/skill/3cd35f5d-ce6d-4f14-9a09-53d7a28d834c	maintain relationship with suppliers	skill
c9b2b0a7-0adc-4ca7-bf7c-dc95e18aeac7	procurement support officer	essential	http://data.europa.eu/esco/skill/c4272323-cce6-4535-ac71-4f6841f4f89a	organisational structure	knowledge
c9b2b0a7-0adc-4ca7-bf7c-dc95e18aeac7	procurement support officer	essential	http://data.europa.eu/esco/skill/92721092-fe7c-4689-96bd-4f02385bc0e7	manage contracts	skill
c9b2b0a7-0adc-4ca7-bf7c-dc95e18aeac7	procurement support officer	optional	http://data.europa.eu/esco/skill/7ff2c668-0e86-418a-a962-4958262ee337	use communication techniques	skill
c9b2b0a7-0adc-4ca7-bf7c-dc95e18aeac7	procurement support officer	optional	http://data.europa.eu/esco/skill/237db40b-4600-47c0-837f-4a2c4f3014ab	project management principles	knowledge
c9b2b0a7-0adc-4ca7-bf7c-dc95e18aeac7	procurement support officer	optional	http://data.europa.eu/esco/skill/305dc408-68a6-4f63-9ee6-d0b26c8abad0	develop performance orientation in public administration	skill
c9b2b0a7-0adc-4ca7-bf7c-dc95e18aeac7	procurement support officer	optional	http://data.europa.eu/esco/skill/fe30a4b0-1a99-4fc7-afff-b162b8c834ba	communication principles	knowledge
c9b2b0a7-0adc-4ca7-bf7c-dc95e18aeac7	procurement support officer	optional	http://data.europa.eu/esco/skill/3c5b51d9-52c4-4f38-9c1b-3cdebe38120f	implement risk management in procurement	skill
c9b2b0a7-0adc-4ca7-bf7c-dc95e18aeac7	procurement support officer	optional	http://data.europa.eu/esco/skill/415abd43-e8e5-4643-b5da-5f11307af57a	use different communication channels	skill
c9b2b0a7-0adc-4ca7-bf7c-dc95e18aeac7	procurement support officer	optional	http://data.europa.eu/esco/skill/b9f16465-56a9-426b-a047-0f9f1f95ec92	address problems critically	skill
c9b2b0a7-0adc-4ca7-bf7c-dc95e18aeac7	procurement support officer	optional	http://data.europa.eu/esco/skill/1af2db15-2af9-44dd-9639-bf1fc69d4c34	manage relationships with stakeholders	skill
29fa406d-de89-4515-be8d-0fe7bda993f1	purchaser	essential	http://data.europa.eu/esco/skill/c7d64df4-7af3-4269-add6-97833bd5448e	manage purchasing cycle	skill
29fa406d-de89-4515-be8d-0fe7bda993f1	purchaser	essential	http://data.europa.eu/esco/skill/f929c89e-c363-4132-a918-e021d57b307c	supply chain management	knowledge
29fa406d-de89-4515-be8d-0fe7bda993f1	purchaser	essential	http://data.europa.eu/esco/skill/ae25d3a9-a85f-415c-a601-806013ea8229	compare contractors' bids	skill
29fa406d-de89-4515-be8d-0fe7bda993f1	purchaser	essential	http://data.europa.eu/esco/skill/9e9a4209-c7cf-4f6e-973e-dc2ffadccc74	perform procurement processes	skill
29fa406d-de89-4515-be8d-0fe7bda993f1	purchaser	essential	http://data.europa.eu/esco/skill/92721092-fe7c-4689-96bd-4f02385bc0e7	manage contracts	skill
29fa406d-de89-4515-be8d-0fe7bda993f1	purchaser	essential	http://data.europa.eu/esco/skill/4b2c4de9-43d7-4905-9d58-bc2e7d84b2e1	manage tender processes	skill
29fa406d-de89-4515-be8d-0fe7bda993f1	purchaser	essential	http://data.europa.eu/esco/skill/d15ce60f-ddab-41ce-ba56-398451b77b60	have computer literacy	skill
29fa406d-de89-4515-be8d-0fe7bda993f1	purchaser	essential	http://data.europa.eu/esco/skill/66dd1398-6be6-4a0d-a0d0-4a8b3941963a	export control principles	knowledge
29fa406d-de89-4515-be8d-0fe7bda993f1	purchaser	essential	http://data.europa.eu/esco/skill/2239694b-771a-4586-8b54-2794e361a9ae	maintain relationship with customers	skill
29fa406d-de89-4515-be8d-0fe7bda993f1	purchaser	essential	http://data.europa.eu/esco/skill/3cd35f5d-ce6d-4f14-9a09-53d7a28d834c	maintain relationship with suppliers	skill
29fa406d-de89-4515-be8d-0fe7bda993f1	purchaser	essential	http://data.europa.eu/esco/skill/dc1ba31e-260e-4eb0-a5cb-6aa1e839e7c0	communicate price changes	skill
29fa406d-de89-4515-be8d-0fe7bda993f1	purchaser	essential	http://data.europa.eu/esco/skill/73225018-7139-433b-bdba-2b90774761d9	issue purchase orders	skill
29fa406d-de89-4515-be8d-0fe7bda993f1	purchaser	essential	http://data.europa.eu/esco/skill/a6ae7a34-5a5c-48dd-9b82-8beccca63e3c	ensure compliance with purchasing and contracting regulations	skill
29fa406d-de89-4515-be8d-0fe7bda993f1	purchaser	essential	http://data.europa.eu/esco/skill/2de4572a-4724-4f76-afc2-72a568a264ac	speak different languages	skill
29fa406d-de89-4515-be8d-0fe7bda993f1	purchaser	essential	http://data.europa.eu/esco/skill/c4118654-695f-44bc-b9d3-1b26f3a955f8	international import export regulations	knowledge
29fa406d-de89-4515-be8d-0fe7bda993f1	purchaser	essential	http://data.europa.eu/esco/skill/31eecea5-c1ef-4e5c-96a9-808ff4e43813	track price trends	skill
29fa406d-de89-4515-be8d-0fe7bda993f1	purchaser	essential	http://data.europa.eu/esco/skill/04cda8e8-e06b-4c91-bbb5-27414dc1cf14	embargo regulations	knowledge
29fa406d-de89-4515-be8d-0fe7bda993f1	purchaser	essential	http://data.europa.eu/esco/skill/650f44e2-cb4c-41ba-9095-581fe6bea4b1	coordinate purchasing activities	skill
29fa406d-de89-4515-be8d-0fe7bda993f1	purchaser	essential	http://data.europa.eu/esco/skill/96ec2d53-4f41-4172-8ef2-70742c4bb540	assess supplier risks	skill
29fa406d-de89-4515-be8d-0fe7bda993f1	purchaser	essential	http://data.europa.eu/esco/skill/11747665-0e98-4f27-bd0d-536862cd5746	identify suppliers	skill
29fa406d-de89-4515-be8d-0fe7bda993f1	purchaser	optional	http://data.europa.eu/esco/skill/96d549bb-3e62-4c45-92a7-f114df089581	analyse supply chain strategies	skill
29fa406d-de89-4515-be8d-0fe7bda993f1	purchaser	optional	http://data.europa.eu/esco/skill/bf9879fa-f1fc-4f17-8dcb-ece29ea61682	report accounts of the professional activity	skill
29fa406d-de89-4515-be8d-0fe7bda993f1	purchaser	optional	http://data.europa.eu/esco/skill/6dd4ce8c-1813-429d-9f06-3382c4833ca3	assess procurement needs	skill
29fa406d-de89-4515-be8d-0fe7bda993f1	purchaser	optional	http://data.europa.eu/esco/skill/9b862976-aa05-4bde-8ed6-8f39790edd0f	procurement legislation	knowledge
29fa406d-de89-4515-be8d-0fe7bda993f1	purchaser	optional	http://data.europa.eu/esco/skill/9bbe0d37-822c-4096-8b56-8729e5783b4b	implement procurement of innovation	skill
29fa406d-de89-4515-be8d-0fe7bda993f1	purchaser	optional	http://data.europa.eu/esco/skill/71152876-b629-4a99-b9ea-0f25a0d07e4e	negotiate sales contracts	skill
29fa406d-de89-4515-be8d-0fe7bda993f1	purchaser	optional	http://data.europa.eu/esco/skill/5e50a0f1-4089-4df6-a15b-34b39d3aeab4	conduct performance measurement	skill
29fa406d-de89-4515-be8d-0fe7bda993f1	purchaser	optional	http://data.europa.eu/esco/skill/bc067d2e-e151-408f-8e34-24effd2b7fd6	use e-procurement	skill
29fa406d-de89-4515-be8d-0fe7bda993f1	purchaser	optional	http://data.europa.eu/esco/skill/6962058d-9808-4820-a6bc-d7cabce60cde	implement sustainable procurement	skill
29fa406d-de89-4515-be8d-0fe7bda993f1	purchaser	optional	http://data.europa.eu/esco/skill/750caee5-12a0-46ba-b8aa-1e56370deaf9	analyse consumer buying trends	skill
29fa406d-de89-4515-be8d-0fe7bda993f1	purchaser	optional	http://data.europa.eu/esco/skill/d207a30b-2f80-4138-9b77-f88d549b8768	identify new business opportunities	skill
29fa406d-de89-4515-be8d-0fe7bda993f1	purchaser	optional	http://data.europa.eu/esco/skill/77931759-69af-4637-8b26-c8376f9240e2	international business	knowledge
29fa406d-de89-4515-be8d-0fe7bda993f1	purchaser	optional	http://data.europa.eu/esco/skill/5d26851b-270a-4fbe-abeb-2bfd6eba3e2d	analyse logistic changes	skill
29fa406d-de89-4515-be8d-0fe7bda993f1	purchaser	optional	http://data.europa.eu/esco/skill/d9a9cb71-a62e-4800-a518-cfb61f8b15cd	category specific expertise	knowledge
29fa406d-de89-4515-be8d-0fe7bda993f1	purchaser	optional	http://data.europa.eu/esco/skill/6c97d04d-7239-4dc7-90ef-3e812ba2b124	perform procurement market analysis	skill
29fa406d-de89-4515-be8d-0fe7bda993f1	purchaser	optional	http://data.europa.eu/esco/skill/8029637c-00eb-4764-ae88-387611176c4b	analyse logistic needs	skill
29fa406d-de89-4515-be8d-0fe7bda993f1	purchaser	optional	http://data.europa.eu/esco/skill/3bc08c26-2f98-4730-bbb6-ec4a8566e3cf	procurement lifecycle	knowledge
0561328b-875b-4ae2-9ba1-9af9049aef01	procurement category specialist	essential	http://data.europa.eu/esco/skill/3bc08c26-2f98-4730-bbb6-ec4a8566e3cf	procurement lifecycle	knowledge
0561328b-875b-4ae2-9ba1-9af9049aef01	procurement category specialist	essential	http://data.europa.eu/esco/skill/b9f16465-56a9-426b-a047-0f9f1f95ec92	address problems critically	skill
0561328b-875b-4ae2-9ba1-9af9049aef01	procurement category specialist	essential	http://data.europa.eu/esco/skill/92721092-fe7c-4689-96bd-4f02385bc0e7	manage contracts	skill
0561328b-875b-4ae2-9ba1-9af9049aef01	procurement category specialist	essential	http://data.europa.eu/esco/skill/3cd35f5d-ce6d-4f14-9a09-53d7a28d834c	maintain relationship with suppliers	skill
0561328b-875b-4ae2-9ba1-9af9049aef01	procurement category specialist	essential	http://data.europa.eu/esco/skill/305dc408-68a6-4f63-9ee6-d0b26c8abad0	develop performance orientation in public administration	skill
0561328b-875b-4ae2-9ba1-9af9049aef01	procurement category specialist	essential	http://data.europa.eu/esco/skill/6962058d-9808-4820-a6bc-d7cabce60cde	implement sustainable procurement	skill
0561328b-875b-4ae2-9ba1-9af9049aef01	procurement category specialist	essential	http://data.europa.eu/esco/skill/31599ac3-e03c-42f8-8f08-b549af8234f2	draft procurement technical specifications	skill
0561328b-875b-4ae2-9ba1-9af9049aef01	procurement category specialist	essential	http://data.europa.eu/esco/skill/5592ab32-4e7a-4cda-8e64-ca36d5de8a10	adapt to changing situations	skill
0561328b-875b-4ae2-9ba1-9af9049aef01	procurement category specialist	essential	http://data.europa.eu/esco/skill/f698f8df-b473-40aa-a5c9-033cd892467a	keep up-to-date with regulations	skill
0561328b-875b-4ae2-9ba1-9af9049aef01	procurement category specialist	essential	http://data.europa.eu/esco/skill/6c97d04d-7239-4dc7-90ef-3e812ba2b124	perform procurement market analysis	skill
0561328b-875b-4ae2-9ba1-9af9049aef01	procurement category specialist	essential	http://data.europa.eu/esco/skill/23ac233d-84ad-4517-b0f5-8ca19ba2614e	monitor developments in field of expertise	skill
0561328b-875b-4ae2-9ba1-9af9049aef01	procurement category specialist	essential	http://data.europa.eu/esco/skill/a9dc9e40-14a6-4899-93ec-29d5c79c2ebd	manage procurement planning	skill
0561328b-875b-4ae2-9ba1-9af9049aef01	procurement category specialist	essential	http://data.europa.eu/esco/skill/fe1ec582-d63b-466c-9149-e7fc4fe93e22	supplier management	knowledge
0561328b-875b-4ae2-9ba1-9af9049aef01	procurement category specialist	essential	http://data.europa.eu/esco/skill/9bbe0d37-822c-4096-8b56-8729e5783b4b	implement procurement of innovation	skill
0561328b-875b-4ae2-9ba1-9af9049aef01	procurement category specialist	essential	http://data.europa.eu/esco/skill/6dd4ce8c-1813-429d-9f06-3382c4833ca3	assess procurement needs	skill
0561328b-875b-4ae2-9ba1-9af9049aef01	procurement category specialist	essential	http://data.europa.eu/esco/skill/d9a9cb71-a62e-4800-a518-cfb61f8b15cd	category specific expertise	knowledge
0561328b-875b-4ae2-9ba1-9af9049aef01	procurement category specialist	optional	http://data.europa.eu/esco/skill/aa238394-8126-4ada-be2f-9dfe065cf314	adhere to organisational guidelines	skill
0561328b-875b-4ae2-9ba1-9af9049aef01	procurement category specialist	optional	http://data.europa.eu/esco/skill/29cd7e7b-215c-483a-b67a-6bdad0647de9	develop procurement strategy	skill
0561328b-875b-4ae2-9ba1-9af9049aef01	procurement category specialist	optional	http://data.europa.eu/esco/skill/9be758b6-a45d-403c-8943-68390ee2c961	quantity surveying	knowledge
0561328b-875b-4ae2-9ba1-9af9049aef01	procurement category specialist	optional	http://data.europa.eu/esco/skill/1af2db15-2af9-44dd-9639-bf1fc69d4c34	manage relationships with stakeholders	skill
0561328b-875b-4ae2-9ba1-9af9049aef01	procurement category specialist	optional	http://data.europa.eu/esco/skill/9b862976-aa05-4bde-8ed6-8f39790edd0f	procurement legislation	knowledge
0561328b-875b-4ae2-9ba1-9af9049aef01	procurement category specialist	optional	http://data.europa.eu/esco/skill/8faefbc1-4745-4b3f-9889-81cd1d40b67c	evaluate tender	skill
0561328b-875b-4ae2-9ba1-9af9049aef01	procurement category specialist	optional	http://data.europa.eu/esco/skill/415abd43-e8e5-4643-b5da-5f11307af57a	use different communication channels	skill
0561328b-875b-4ae2-9ba1-9af9049aef01	procurement category specialist	optional	http://data.europa.eu/esco/skill/3c5b51d9-52c4-4f38-9c1b-3cdebe38120f	implement risk management in procurement	skill
0561328b-875b-4ae2-9ba1-9af9049aef01	procurement category specialist	optional	http://data.europa.eu/esco/skill/d2564da5-c21f-4c02-8887-c78a001bb183	adhere to organisational code of ethics	skill
0561328b-875b-4ae2-9ba1-9af9049aef01	procurement category specialist	optional	http://data.europa.eu/esco/skill/a5b0cd5c-e13a-4ab3-8d93-4d242adcfb01	teamwork principles	knowledge
0561328b-875b-4ae2-9ba1-9af9049aef01	procurement category specialist	optional	http://data.europa.eu/esco/skill/082967d4-b94c-4305-aa13-35a6aa8c5c7c	cooperate with colleagues	skill
0561328b-875b-4ae2-9ba1-9af9049aef01	procurement category specialist	optional	http://data.europa.eu/esco/skill/77931759-69af-4637-8b26-c8376f9240e2	international business	knowledge
0561328b-875b-4ae2-9ba1-9af9049aef01	procurement category specialist	optional	http://data.europa.eu/esco/skill/6789d5a3-34ca-4417-bb93-331319b01da3	draft tender documentation	skill
0561328b-875b-4ae2-9ba1-9af9049aef01	procurement category specialist	optional	http://data.europa.eu/esco/skill/378caeec-10a0-4162-b75c-ab374a42e93d	e-procurement	knowledge
0561328b-875b-4ae2-9ba1-9af9049aef01	procurement category specialist	optional	http://data.europa.eu/esco/skill/fe30a4b0-1a99-4fc7-afff-b162b8c834ba	communication principles	knowledge
0561328b-875b-4ae2-9ba1-9af9049aef01	procurement category specialist	optional	http://data.europa.eu/esco/skill/7cf2762d-32e1-4b21-8ef8-574e40310c18	morality	knowledge
0561328b-875b-4ae2-9ba1-9af9049aef01	procurement category specialist	optional	http://data.europa.eu/esco/skill/c4272323-cce6-4535-ac71-4f6841f4f89a	organisational structure	knowledge
0561328b-875b-4ae2-9ba1-9af9049aef01	procurement category specialist	optional	http://data.europa.eu/esco/skill/bc067d2e-e151-408f-8e34-24effd2b7fd6	use e-procurement	skill
cb4f98c8-6b8d-41d8-87eb-a2a2033a3a25	public procurement specialist	essential	http://data.europa.eu/esco/skill/5f2efbdf-08a2-49cd-9c06-bd284e4f0fbf	negotiate terms with suppliers	skill
cb4f98c8-6b8d-41d8-87eb-a2a2033a3a25	public procurement specialist	essential	http://data.europa.eu/esco/skill/7ff2c668-0e86-418a-a962-4958262ee337	use communication techniques	skill
cb4f98c8-6b8d-41d8-87eb-a2a2033a3a25	public procurement specialist	essential	http://data.europa.eu/esco/skill/3bc08c26-2f98-4730-bbb6-ec4a8566e3cf	procurement lifecycle	knowledge
cb4f98c8-6b8d-41d8-87eb-a2a2033a3a25	public procurement specialist	essential	http://data.europa.eu/esco/skill/97bcbb41-c42b-4777-ab26-1f8f7dcfafd8	negotiate improvement with suppliers	skill
cb4f98c8-6b8d-41d8-87eb-a2a2033a3a25	public procurement specialist	essential	http://data.europa.eu/esco/skill/9bbe0d37-822c-4096-8b56-8729e5783b4b	implement procurement of innovation	skill
cb4f98c8-6b8d-41d8-87eb-a2a2033a3a25	public procurement specialist	essential	http://data.europa.eu/esco/skill/b9f16465-56a9-426b-a047-0f9f1f95ec92	address problems critically	skill
cb4f98c8-6b8d-41d8-87eb-a2a2033a3a25	public procurement specialist	essential	http://data.europa.eu/esco/skill/bc067d2e-e151-408f-8e34-24effd2b7fd6	use e-procurement	skill
cb4f98c8-6b8d-41d8-87eb-a2a2033a3a25	public procurement specialist	essential	http://data.europa.eu/esco/skill/aa238394-8126-4ada-be2f-9dfe065cf314	adhere to organisational guidelines	skill
cb4f98c8-6b8d-41d8-87eb-a2a2033a3a25	public procurement specialist	essential	http://data.europa.eu/esco/skill/fe30a4b0-1a99-4fc7-afff-b162b8c834ba	communication principles	knowledge
cb4f98c8-6b8d-41d8-87eb-a2a2033a3a25	public procurement specialist	essential	http://data.europa.eu/esco/skill/6dd4ce8c-1813-429d-9f06-3382c4833ca3	assess procurement needs	skill
cb4f98c8-6b8d-41d8-87eb-a2a2033a3a25	public procurement specialist	essential	http://data.europa.eu/esco/skill/8faefbc1-4745-4b3f-9889-81cd1d40b67c	evaluate tender	skill
cb4f98c8-6b8d-41d8-87eb-a2a2033a3a25	public procurement specialist	essential	http://data.europa.eu/esco/skill/237db40b-4600-47c0-837f-4a2c4f3014ab	project management principles	knowledge
cb4f98c8-6b8d-41d8-87eb-a2a2033a3a25	public procurement specialist	essential	http://data.europa.eu/esco/skill/7cf2762d-32e1-4b21-8ef8-574e40310c18	morality	knowledge
cb4f98c8-6b8d-41d8-87eb-a2a2033a3a25	public procurement specialist	essential	http://data.europa.eu/esco/skill/1368c06f-202d-4776-8153-93aed512cc64	perform contract reporting and evaluation	skill
cb4f98c8-6b8d-41d8-87eb-a2a2033a3a25	public procurement specialist	essential	http://data.europa.eu/esco/skill/29cd7e7b-215c-483a-b67a-6bdad0647de9	develop procurement strategy	skill
cb4f98c8-6b8d-41d8-87eb-a2a2033a3a25	public procurement specialist	essential	http://data.europa.eu/esco/skill/1af2db15-2af9-44dd-9639-bf1fc69d4c34	manage relationships with stakeholders	skill
cb4f98c8-6b8d-41d8-87eb-a2a2033a3a25	public procurement specialist	essential	http://data.europa.eu/esco/skill/6962058d-9808-4820-a6bc-d7cabce60cde	implement sustainable procurement	skill
cb4f98c8-6b8d-41d8-87eb-a2a2033a3a25	public procurement specialist	essential	http://data.europa.eu/esco/skill/305dc408-68a6-4f63-9ee6-d0b26c8abad0	develop performance orientation in public administration	skill
cb4f98c8-6b8d-41d8-87eb-a2a2033a3a25	public procurement specialist	essential	http://data.europa.eu/esco/skill/fde186df-c9c4-49f5-b2a5-d66adc7c43a5	negotiate buying conditions	skill
cb4f98c8-6b8d-41d8-87eb-a2a2033a3a25	public procurement specialist	essential	http://data.europa.eu/esco/skill/6c97d04d-7239-4dc7-90ef-3e812ba2b124	perform procurement market analysis	skill
cb4f98c8-6b8d-41d8-87eb-a2a2033a3a25	public procurement specialist	essential	http://data.europa.eu/esco/skill/31599ac3-e03c-42f8-8f08-b549af8234f2	draft procurement technical specifications	skill
cb4f98c8-6b8d-41d8-87eb-a2a2033a3a25	public procurement specialist	essential	http://data.europa.eu/esco/skill/d2564da5-c21f-4c02-8887-c78a001bb183	adhere to organisational code of ethics	skill
cb4f98c8-6b8d-41d8-87eb-a2a2033a3a25	public procurement specialist	essential	http://data.europa.eu/esco/skill/6789d5a3-34ca-4417-bb93-331319b01da3	draft tender documentation	skill
cb4f98c8-6b8d-41d8-87eb-a2a2033a3a25	public procurement specialist	essential	http://data.europa.eu/esco/skill/378caeec-10a0-4162-b75c-ab374a42e93d	e-procurement	knowledge
cb4f98c8-6b8d-41d8-87eb-a2a2033a3a25	public procurement specialist	essential	http://data.europa.eu/esco/skill/415abd43-e8e5-4643-b5da-5f11307af57a	use different communication channels	skill
cb4f98c8-6b8d-41d8-87eb-a2a2033a3a25	public procurement specialist	essential	http://data.europa.eu/esco/skill/a5b0cd5c-e13a-4ab3-8d93-4d242adcfb01	teamwork principles	knowledge
cb4f98c8-6b8d-41d8-87eb-a2a2033a3a25	public procurement specialist	essential	http://data.europa.eu/esco/skill/c4272323-cce6-4535-ac71-4f6841f4f89a	organisational structure	knowledge
cb4f98c8-6b8d-41d8-87eb-a2a2033a3a25	public procurement specialist	essential	http://data.europa.eu/esco/skill/3c5b51d9-52c4-4f38-9c1b-3cdebe38120f	implement risk management in procurement	skill
cb4f98c8-6b8d-41d8-87eb-a2a2033a3a25	public procurement specialist	essential	http://data.europa.eu/esco/skill/082967d4-b94c-4305-aa13-35a6aa8c5c7c	cooperate with colleagues	skill
cb4f98c8-6b8d-41d8-87eb-a2a2033a3a25	public procurement specialist	optional	http://data.europa.eu/esco/skill/92721092-fe7c-4689-96bd-4f02385bc0e7	manage contracts	skill
cb4f98c8-6b8d-41d8-87eb-a2a2033a3a25	public procurement specialist	optional	http://data.europa.eu/esco/skill/f698f8df-b473-40aa-a5c9-033cd892467a	keep up-to-date with regulations	skill
cb4f98c8-6b8d-41d8-87eb-a2a2033a3a25	public procurement specialist	optional	http://data.europa.eu/esco/skill/5592ab32-4e7a-4cda-8e64-ca36d5de8a10	adapt to changing situations	skill
cb4f98c8-6b8d-41d8-87eb-a2a2033a3a25	public procurement specialist	optional	http://data.europa.eu/esco/skill/fe1ec582-d63b-466c-9149-e7fc4fe93e22	supplier management	knowledge
cb4f98c8-6b8d-41d8-87eb-a2a2033a3a25	public procurement specialist	optional	http://data.europa.eu/esco/skill/cb668e89-6ef5-4ff3-ab4a-506010e7e70b	manage a team	skill
cb4f98c8-6b8d-41d8-87eb-a2a2033a3a25	public procurement specialist	optional	http://data.europa.eu/esco/skill/23ac233d-84ad-4517-b0f5-8ca19ba2614e	monitor developments in field of expertise	skill
cb4f98c8-6b8d-41d8-87eb-a2a2033a3a25	public procurement specialist	optional	http://data.europa.eu/esco/skill/d39022ab-d102-4720-b689-540d6f056b17	public administration	knowledge
cb4f98c8-6b8d-41d8-87eb-a2a2033a3a25	public procurement specialist	optional	http://data.europa.eu/esco/skill/eab3bafa-eebb-47bf-85ce-e336c5019108	team building	knowledge
cb4f98c8-6b8d-41d8-87eb-a2a2033a3a25	public procurement specialist	optional	http://data.europa.eu/esco/skill/f79e4715-5776-485c-ab7d-631c9b8d70ad	manage contract disputes	skill
cb4f98c8-6b8d-41d8-87eb-a2a2033a3a25	public procurement specialist	optional	http://data.europa.eu/esco/skill/a9dc9e40-14a6-4899-93ec-29d5c79c2ebd	manage procurement planning	skill
cb4f98c8-6b8d-41d8-87eb-a2a2033a3a25	public procurement specialist	optional	http://data.europa.eu/esco/skill/3cd35f5d-ce6d-4f14-9a09-53d7a28d834c	maintain relationship with suppliers	skill
cb4f98c8-6b8d-41d8-87eb-a2a2033a3a25	public procurement specialist	optional	http://data.europa.eu/esco/skill/d5145a9a-602e-40bf-b3e1-f04cf9c3ef86	leadership principles	knowledge
cb4f98c8-6b8d-41d8-87eb-a2a2033a3a25	public procurement specialist	optional	http://data.europa.eu/esco/skill/d9a9cb71-a62e-4800-a518-cfb61f8b15cd	category specific expertise	knowledge
cb4f98c8-6b8d-41d8-87eb-a2a2033a3a25	public procurement specialist	optional	http://data.europa.eu/esco/skill/a1f2e26f-b2ba-47dc-a0e8-8c53424a508d	apply certification and payment procedures	skill
cb4f98c8-6b8d-41d8-87eb-a2a2033a3a25	public procurement specialist	optional	http://data.europa.eu/esco/skill/3c03ee71-4a23-448f-b79e-81fd75d27dca	apply change management	skill
cb4f98c8-6b8d-41d8-87eb-a2a2033a3a25	public procurement specialist	optional	http://data.europa.eu/esco/skill/9be758b6-a45d-403c-8943-68390ee2c961	quantity surveying	knowledge
cb4f98c8-6b8d-41d8-87eb-a2a2033a3a25	public procurement specialist	optional	http://data.europa.eu/esco/skill/9b862976-aa05-4bde-8ed6-8f39790edd0f	procurement legislation	knowledge
cb4f98c8-6b8d-41d8-87eb-a2a2033a3a25	public procurement specialist	optional	http://data.europa.eu/esco/skill/9d59f4e5-20a5-428e-b8b3-645043500457	create a work atmosphere of continuous improvement	skill
2c9939ef-ebab-4111-8f27-605ae8782791	contract manager	essential	http://data.europa.eu/esco/skill/1368c06f-202d-4776-8153-93aed512cc64	perform contract reporting and evaluation	skill
2c9939ef-ebab-4111-8f27-605ae8782791	contract manager	essential	http://data.europa.eu/esco/skill/3bc08c26-2f98-4730-bbb6-ec4a8566e3cf	procurement lifecycle	knowledge
2c9939ef-ebab-4111-8f27-605ae8782791	contract manager	essential	http://data.europa.eu/esco/skill/fe30a4b0-1a99-4fc7-afff-b162b8c834ba	communication principles	knowledge
2c9939ef-ebab-4111-8f27-605ae8782791	contract manager	essential	http://data.europa.eu/esco/skill/9bbe0d37-822c-4096-8b56-8729e5783b4b	implement procurement of innovation	skill
2c9939ef-ebab-4111-8f27-605ae8782791	contract manager	essential	http://data.europa.eu/esco/skill/1af2db15-2af9-44dd-9639-bf1fc69d4c34	manage relationships with stakeholders	skill
2c9939ef-ebab-4111-8f27-605ae8782791	contract manager	essential	http://data.europa.eu/esco/skill/fe1ec582-d63b-466c-9149-e7fc4fe93e22	supplier management	knowledge
2c9939ef-ebab-4111-8f27-605ae8782791	contract manager	essential	http://data.europa.eu/esco/skill/c4272323-cce6-4535-ac71-4f6841f4f89a	organisational structure	knowledge
2c9939ef-ebab-4111-8f27-605ae8782791	contract manager	essential	http://data.europa.eu/esco/skill/aa238394-8126-4ada-be2f-9dfe065cf314	adhere to organisational guidelines	skill
2c9939ef-ebab-4111-8f27-605ae8782791	contract manager	essential	http://data.europa.eu/esco/skill/a5b0cd5c-e13a-4ab3-8d93-4d242adcfb01	teamwork principles	knowledge
2c9939ef-ebab-4111-8f27-605ae8782791	contract manager	essential	http://data.europa.eu/esco/skill/3c5b51d9-52c4-4f38-9c1b-3cdebe38120f	implement risk management in procurement	skill
2c9939ef-ebab-4111-8f27-605ae8782791	contract manager	essential	http://data.europa.eu/esco/skill/a1f2e26f-b2ba-47dc-a0e8-8c53424a508d	apply certification and payment procedures	skill
2c9939ef-ebab-4111-8f27-605ae8782791	contract manager	essential	http://data.europa.eu/esco/skill/7cf2762d-32e1-4b21-8ef8-574e40310c18	morality	knowledge
2c9939ef-ebab-4111-8f27-605ae8782791	contract manager	essential	http://data.europa.eu/esco/skill/f698f8df-b473-40aa-a5c9-033cd892467a	keep up-to-date with regulations	skill
2c9939ef-ebab-4111-8f27-605ae8782791	contract manager	essential	http://data.europa.eu/esco/skill/a9dc9e40-14a6-4899-93ec-29d5c79c2ebd	manage procurement planning	skill
2c9939ef-ebab-4111-8f27-605ae8782791	contract manager	essential	http://data.europa.eu/esco/skill/d2564da5-c21f-4c02-8887-c78a001bb183	adhere to organisational code of ethics	skill
2c9939ef-ebab-4111-8f27-605ae8782791	contract manager	essential	http://data.europa.eu/esco/skill/92721092-fe7c-4689-96bd-4f02385bc0e7	manage contracts	skill
2c9939ef-ebab-4111-8f27-605ae8782791	contract manager	essential	http://data.europa.eu/esco/skill/9b862976-aa05-4bde-8ed6-8f39790edd0f	procurement legislation	knowledge
2c9939ef-ebab-4111-8f27-605ae8782791	contract manager	essential	http://data.europa.eu/esco/skill/b9f16465-56a9-426b-a047-0f9f1f95ec92	address problems critically	skill
2c9939ef-ebab-4111-8f27-605ae8782791	contract manager	essential	http://data.europa.eu/esco/skill/97bcbb41-c42b-4777-ab26-1f8f7dcfafd8	negotiate improvement with suppliers	skill
2c9939ef-ebab-4111-8f27-605ae8782791	contract manager	essential	http://data.europa.eu/esco/skill/f79e4715-5776-485c-ab7d-631c9b8d70ad	manage contract disputes	skill
2c9939ef-ebab-4111-8f27-605ae8782791	contract manager	essential	http://data.europa.eu/esco/skill/305dc408-68a6-4f63-9ee6-d0b26c8abad0	develop performance orientation in public administration	skill
2c9939ef-ebab-4111-8f27-605ae8782791	contract manager	essential	http://data.europa.eu/esco/skill/7ff2c668-0e86-418a-a962-4958262ee337	use communication techniques	skill
2c9939ef-ebab-4111-8f27-605ae8782791	contract manager	essential	http://data.europa.eu/esco/skill/3cd35f5d-ce6d-4f14-9a09-53d7a28d834c	maintain relationship with suppliers	skill
2c9939ef-ebab-4111-8f27-605ae8782791	contract manager	essential	http://data.europa.eu/esco/skill/237db40b-4600-47c0-837f-4a2c4f3014ab	project management principles	knowledge
2c9939ef-ebab-4111-8f27-605ae8782791	contract manager	essential	http://data.europa.eu/esco/skill/082967d4-b94c-4305-aa13-35a6aa8c5c7c	cooperate with colleagues	skill
2c9939ef-ebab-4111-8f27-605ae8782791	contract manager	essential	http://data.europa.eu/esco/skill/fde186df-c9c4-49f5-b2a5-d66adc7c43a5	negotiate buying conditions	skill
2c9939ef-ebab-4111-8f27-605ae8782791	contract manager	essential	http://data.europa.eu/esco/skill/5592ab32-4e7a-4cda-8e64-ca36d5de8a10	adapt to changing situations	skill
2c9939ef-ebab-4111-8f27-605ae8782791	contract manager	essential	http://data.europa.eu/esco/skill/c842be42-81b3-40f2-904c-ea8790ac88bd	negotiate supplier arrangements	skill
2c9939ef-ebab-4111-8f27-605ae8782791	contract manager	essential	http://data.europa.eu/esco/skill/6962058d-9808-4820-a6bc-d7cabce60cde	implement sustainable procurement	skill
2c9939ef-ebab-4111-8f27-605ae8782791	contract manager	optional	http://data.europa.eu/esco/skill/378caeec-10a0-4162-b75c-ab374a42e93d	e-procurement	knowledge
2c9939ef-ebab-4111-8f27-605ae8782791	contract manager	optional	http://data.europa.eu/esco/skill/bc067d2e-e151-408f-8e34-24effd2b7fd6	use e-procurement	skill
91f93dc4-1b71-4053-b6fb-c579ec19303a	procurement department manager	essential	http://data.europa.eu/esco/skill/7ff2c668-0e86-418a-a962-4958262ee337	use communication techniques	skill
91f93dc4-1b71-4053-b6fb-c579ec19303a	procurement department manager	essential	http://data.europa.eu/esco/skill/378caeec-10a0-4162-b75c-ab374a42e93d	e-procurement	knowledge
91f93dc4-1b71-4053-b6fb-c579ec19303a	procurement department manager	essential	http://data.europa.eu/esco/skill/f698f8df-b473-40aa-a5c9-033cd892467a	keep up-to-date with regulations	skill
91f93dc4-1b71-4053-b6fb-c579ec19303a	procurement department manager	essential	http://data.europa.eu/esco/skill/92721092-fe7c-4689-96bd-4f02385bc0e7	manage contracts	skill
91f93dc4-1b71-4053-b6fb-c579ec19303a	procurement department manager	essential	http://data.europa.eu/esco/skill/7cf2762d-32e1-4b21-8ef8-574e40310c18	morality	knowledge
91f93dc4-1b71-4053-b6fb-c579ec19303a	procurement department manager	essential	http://data.europa.eu/esco/skill/6dd4ce8c-1813-429d-9f06-3382c4833ca3	assess procurement needs	skill
91f93dc4-1b71-4053-b6fb-c579ec19303a	procurement department manager	essential	http://data.europa.eu/esco/skill/3bc08c26-2f98-4730-bbb6-ec4a8566e3cf	procurement lifecycle	knowledge
91f93dc4-1b71-4053-b6fb-c579ec19303a	procurement department manager	essential	http://data.europa.eu/esco/skill/b9f16465-56a9-426b-a047-0f9f1f95ec92	address problems critically	skill
91f93dc4-1b71-4053-b6fb-c579ec19303a	procurement department manager	essential	http://data.europa.eu/esco/skill/5592ab32-4e7a-4cda-8e64-ca36d5de8a10	adapt to changing situations	skill
91f93dc4-1b71-4053-b6fb-c579ec19303a	procurement department manager	essential	http://data.europa.eu/esco/skill/9b862976-aa05-4bde-8ed6-8f39790edd0f	procurement legislation	knowledge
91f93dc4-1b71-4053-b6fb-c579ec19303a	procurement department manager	essential	http://data.europa.eu/esco/skill/a5b0cd5c-e13a-4ab3-8d93-4d242adcfb01	teamwork principles	knowledge
91f93dc4-1b71-4053-b6fb-c579ec19303a	procurement department manager	essential	http://data.europa.eu/esco/skill/d2564da5-c21f-4c02-8887-c78a001bb183	adhere to organisational code of ethics	skill
91f93dc4-1b71-4053-b6fb-c579ec19303a	procurement department manager	essential	http://data.europa.eu/esco/skill/305dc408-68a6-4f63-9ee6-d0b26c8abad0	develop performance orientation in public administration	skill
91f93dc4-1b71-4053-b6fb-c579ec19303a	procurement department manager	essential	http://data.europa.eu/esco/skill/fde186df-c9c4-49f5-b2a5-d66adc7c43a5	negotiate buying conditions	skill
91f93dc4-1b71-4053-b6fb-c579ec19303a	procurement department manager	essential	http://data.europa.eu/esco/skill/6962058d-9808-4820-a6bc-d7cabce60cde	implement sustainable procurement	skill
91f93dc4-1b71-4053-b6fb-c579ec19303a	procurement department manager	essential	http://data.europa.eu/esco/skill/97bcbb41-c42b-4777-ab26-1f8f7dcfafd8	negotiate improvement with suppliers	skill
91f93dc4-1b71-4053-b6fb-c579ec19303a	procurement department manager	essential	http://data.europa.eu/esco/skill/9bbe0d37-822c-4096-8b56-8729e5783b4b	implement procurement of innovation	skill
91f93dc4-1b71-4053-b6fb-c579ec19303a	procurement department manager	essential	http://data.europa.eu/esco/skill/f79e4715-5776-485c-ab7d-631c9b8d70ad	manage contract disputes	skill
91f93dc4-1b71-4053-b6fb-c579ec19303a	procurement department manager	essential	http://data.europa.eu/esco/skill/3c5b51d9-52c4-4f38-9c1b-3cdebe38120f	implement risk management in procurement	skill
91f93dc4-1b71-4053-b6fb-c579ec19303a	procurement department manager	essential	http://data.europa.eu/esco/skill/29cd7e7b-215c-483a-b67a-6bdad0647de9	develop procurement strategy	skill
91f93dc4-1b71-4053-b6fb-c579ec19303a	procurement department manager	essential	http://data.europa.eu/esco/skill/1368c06f-202d-4776-8153-93aed512cc64	perform contract reporting and evaluation	skill
91f93dc4-1b71-4053-b6fb-c579ec19303a	procurement department manager	essential	http://data.europa.eu/esco/skill/fe1ec582-d63b-466c-9149-e7fc4fe93e22	supplier management	knowledge
91f93dc4-1b71-4053-b6fb-c579ec19303a	procurement department manager	essential	http://data.europa.eu/esco/skill/23ac233d-84ad-4517-b0f5-8ca19ba2614e	monitor developments in field of expertise	skill
91f93dc4-1b71-4053-b6fb-c579ec19303a	procurement department manager	essential	http://data.europa.eu/esco/skill/cb668e89-6ef5-4ff3-ab4a-506010e7e70b	manage a team	skill
91f93dc4-1b71-4053-b6fb-c579ec19303a	procurement department manager	essential	http://data.europa.eu/esco/skill/fe30a4b0-1a99-4fc7-afff-b162b8c834ba	communication principles	knowledge
91f93dc4-1b71-4053-b6fb-c579ec19303a	procurement department manager	essential	http://data.europa.eu/esco/skill/aa238394-8126-4ada-be2f-9dfe065cf314	adhere to organisational guidelines	skill
91f93dc4-1b71-4053-b6fb-c579ec19303a	procurement department manager	essential	http://data.europa.eu/esco/skill/082967d4-b94c-4305-aa13-35a6aa8c5c7c	cooperate with colleagues	skill
91f93dc4-1b71-4053-b6fb-c579ec19303a	procurement department manager	essential	http://data.europa.eu/esco/skill/8faefbc1-4745-4b3f-9889-81cd1d40b67c	evaluate tender	skill
91f93dc4-1b71-4053-b6fb-c579ec19303a	procurement department manager	essential	http://data.europa.eu/esco/skill/bc067d2e-e151-408f-8e34-24effd2b7fd6	use e-procurement	skill
91f93dc4-1b71-4053-b6fb-c579ec19303a	procurement department manager	essential	http://data.europa.eu/esco/skill/c842be42-81b3-40f2-904c-ea8790ac88bd	negotiate supplier arrangements	skill
91f93dc4-1b71-4053-b6fb-c579ec19303a	procurement department manager	essential	http://data.europa.eu/esco/skill/a9dc9e40-14a6-4899-93ec-29d5c79c2ebd	manage procurement planning	skill
91f93dc4-1b71-4053-b6fb-c579ec19303a	procurement department manager	essential	http://data.europa.eu/esco/skill/3cd35f5d-ce6d-4f14-9a09-53d7a28d834c	maintain relationship with suppliers	skill
91f93dc4-1b71-4053-b6fb-c579ec19303a	procurement department manager	essential	http://data.europa.eu/esco/skill/1af2db15-2af9-44dd-9639-bf1fc69d4c34	manage relationships with stakeholders	skill
91f93dc4-1b71-4053-b6fb-c579ec19303a	procurement department manager	essential	http://data.europa.eu/esco/skill/a1f2e26f-b2ba-47dc-a0e8-8c53424a508d	apply certification and payment procedures	skill
91f93dc4-1b71-4053-b6fb-c579ec19303a	procurement department manager	essential	http://data.europa.eu/esco/skill/c4272323-cce6-4535-ac71-4f6841f4f89a	organisational structure	knowledge
91f93dc4-1b71-4053-b6fb-c579ec19303a	procurement department manager	essential	http://data.europa.eu/esco/skill/d5145a9a-602e-40bf-b3e1-f04cf9c3ef86	leadership principles	knowledge
91f93dc4-1b71-4053-b6fb-c579ec19303a	procurement department manager	essential	http://data.europa.eu/esco/skill/7111b95d-0ce3-441a-9d92-4c75d05c4388	project management	knowledge
91f93dc4-1b71-4053-b6fb-c579ec19303a	procurement department manager	optional	http://data.europa.eu/esco/skill/e54ff029-1ce9-447d-a5b2-eb7283a23e6e	train employees	skill
91f93dc4-1b71-4053-b6fb-c579ec19303a	procurement department manager	optional	http://data.europa.eu/esco/skill/3254275d-a1b5-4640-9481-02f38780ac35	develop organisational policies	skill
91f93dc4-1b71-4053-b6fb-c579ec19303a	procurement department manager	optional	http://data.europa.eu/esco/skill/56042303-972b-41be-9310-58467599ff7e	analyse business processes	skill
91f93dc4-1b71-4053-b6fb-c579ec19303a	procurement department manager	optional	http://data.europa.eu/esco/skill/77931759-69af-4637-8b26-c8376f9240e2	international business	knowledge
91f93dc4-1b71-4053-b6fb-c579ec19303a	procurement department manager	optional	http://data.europa.eu/esco/skill/848b5879-10af-4e3a-bfbf-263956b4ebf3	management department processes	knowledge
91f93dc4-1b71-4053-b6fb-c579ec19303a	procurement department manager	optional	http://data.europa.eu/esco/skill/eaece6b2-97f1-49df-b6b9-1691fb3bf797	analyse legal enforceability	skill
91f93dc4-1b71-4053-b6fb-c579ec19303a	procurement department manager	optional	http://data.europa.eu/esco/skill/0550431f-9c8b-4204-9c45-59bc5feacf06	continuous improvement philosophies	knowledge
91f93dc4-1b71-4053-b6fb-c579ec19303a	procurement department manager	optional	http://data.europa.eu/esco/skill/5c003e77-867f-4213-b7e9-0a4671362646	government policy	knowledge
91f93dc4-1b71-4053-b6fb-c579ec19303a	procurement department manager	optional	http://data.europa.eu/esco/skill/2d008d5a-b7bd-46f7-bbb1-5d70a0af9c84	control financial resources	skill
91f93dc4-1b71-4053-b6fb-c579ec19303a	procurement department manager	optional	http://data.europa.eu/esco/skill/3c03ee71-4a23-448f-b79e-81fd75d27dca	apply change management	skill
91f93dc4-1b71-4053-b6fb-c579ec19303a	procurement department manager	optional	http://data.europa.eu/esco/skill/21c5790c-0930-4d74-b3b0-84caf5af12ea	manage budgets	skill
91f93dc4-1b71-4053-b6fb-c579ec19303a	procurement department manager	optional	http://data.europa.eu/esco/skill/6053cf28-2f42-44bb-8d27-a43920128b30	gather feedback from employees	skill
377865f0-c327-4599-8c7e-d428c6588edf	purchasing manager	essential	http://data.europa.eu/esco/skill/f5f5b244-6cea-4fbc-8a50-8f712791bc09	follow company standards	skill
377865f0-c327-4599-8c7e-d428c6588edf	purchasing manager	essential	http://data.europa.eu/esco/skill/f14ff4b7-be1e-4b55-b39b-520005f8a97e	liaise with managers	skill
377865f0-c327-4599-8c7e-d428c6588edf	purchasing manager	essential	http://data.europa.eu/esco/skill/8d4271ca-c9fd-40b3-875f-15f78332a49e	quality standards	knowledge
377865f0-c327-4599-8c7e-d428c6588edf	purchasing manager	essential	http://data.europa.eu/esco/skill/92721092-fe7c-4689-96bd-4f02385bc0e7	manage contracts	skill
377865f0-c327-4599-8c7e-d428c6588edf	purchasing manager	essential	http://data.europa.eu/esco/skill/21c5790c-0930-4d74-b3b0-84caf5af12ea	manage budgets	skill
377865f0-c327-4599-8c7e-d428c6588edf	purchasing manager	essential	http://data.europa.eu/esco/skill/2239694b-771a-4586-8b54-2794e361a9ae	maintain relationship with customers	skill
377865f0-c327-4599-8c7e-d428c6588edf	purchasing manager	essential	http://data.europa.eu/esco/skill/650f44e2-cb4c-41ba-9095-581fe6bea4b1	coordinate purchasing activities	skill
377865f0-c327-4599-8c7e-d428c6588edf	purchasing manager	essential	http://data.europa.eu/esco/skill/cf579543-272b-43c8-b942-555836ae4241	supply chain principles	knowledge
377865f0-c327-4599-8c7e-d428c6588edf	purchasing manager	essential	http://data.europa.eu/esco/skill/fe1ec582-d63b-466c-9149-e7fc4fe93e22	supplier management	knowledge
377865f0-c327-4599-8c7e-d428c6588edf	purchasing manager	essential	http://data.europa.eu/esco/skill/11747665-0e98-4f27-bd0d-536862cd5746	identify suppliers	skill
377865f0-c327-4599-8c7e-d428c6588edf	purchasing manager	essential	http://data.europa.eu/esco/skill/96ec2d53-4f41-4172-8ef2-70742c4bb540	assess supplier risks	skill
377865f0-c327-4599-8c7e-d428c6588edf	purchasing manager	essential	http://data.europa.eu/esco/skill/5d26851b-270a-4fbe-abeb-2bfd6eba3e2d	analyse logistic changes	skill
377865f0-c327-4599-8c7e-d428c6588edf	purchasing manager	essential	http://data.europa.eu/esco/skill/2a2fa8e8-aaf3-4abf-a60b-af6415f1c6d4	strive for company growth	skill
377865f0-c327-4599-8c7e-d428c6588edf	purchasing manager	essential	http://data.europa.eu/esco/skill/71152876-b629-4a99-b9ea-0f25a0d07e4e	negotiate sales contracts	skill
377865f0-c327-4599-8c7e-d428c6588edf	purchasing manager	essential	http://data.europa.eu/esco/skill/3cd35f5d-ce6d-4f14-9a09-53d7a28d834c	maintain relationship with suppliers	skill
377865f0-c327-4599-8c7e-d428c6588edf	purchasing manager	essential	http://data.europa.eu/esco/skill/e3e42d54-78bd-4337-aa87-bb31a7670c9a	issue sales invoices	skill
377865f0-c327-4599-8c7e-d428c6588edf	purchasing manager	essential	http://data.europa.eu/esco/skill/f929c89e-c363-4132-a918-e021d57b307c	supply chain management	knowledge
377865f0-c327-4599-8c7e-d428c6588edf	purchasing manager	essential	http://data.europa.eu/esco/skill/b7e57889-a84f-440c-9e60-459aa69979e9	analyse supply chain trends	skill
377865f0-c327-4599-8c7e-d428c6588edf	purchasing manager	essential	http://data.europa.eu/esco/skill/171eee55-19b9-46d6-aded-33193ba8ccf1	study sales levels of products	skill
377865f0-c327-4599-8c7e-d428c6588edf	purchasing manager	essential	http://data.europa.eu/esco/skill/ab6265f2-a9bf-49e8-a9a5-67cbab4de38b	manage inventory	skill
377865f0-c327-4599-8c7e-d428c6588edf	purchasing manager	essential	http://data.europa.eu/esco/skill/66db424f-2abe-420d-8e5b-186607266b61	corporate social responsibility	knowledge
377865f0-c327-4599-8c7e-d428c6588edf	purchasing manager	essential	http://data.europa.eu/esco/skill/96d549bb-3e62-4c45-92a7-f114df089581	analyse supply chain strategies	skill
377865f0-c327-4599-8c7e-d428c6588edf	purchasing manager	essential	http://data.europa.eu/esco/skill/fde186df-c9c4-49f5-b2a5-d66adc7c43a5	negotiate buying conditions	skill
377865f0-c327-4599-8c7e-d428c6588edf	purchasing manager	essential	http://data.europa.eu/esco/skill/d1724ca5-ebd3-472a-bea9-fad9fe9004bf	estimate costs of required supplies	skill
377865f0-c327-4599-8c7e-d428c6588edf	purchasing manager	essential	http://data.europa.eu/esco/skill/210827e3-3129-45a2-8683-70399f3f561f	order supplies	skill
377865f0-c327-4599-8c7e-d428c6588edf	purchasing manager	optional	http://data.europa.eu/esco/skill/e54ff029-1ce9-447d-a5b2-eb7283a23e6e	train employees	skill
377865f0-c327-4599-8c7e-d428c6588edf	purchasing manager	optional	http://data.europa.eu/esco/skill/47ae7b24-3fe0-47e0-b0ea-825ebc10e18c	calculate purchasing levels of raw materials	skill
377865f0-c327-4599-8c7e-d428c6588edf	purchasing manager	optional	http://data.europa.eu/esco/skill/339ac029-066a-4985-9f9d-b3d7c8fea0bb	manage staff	skill
377865f0-c327-4599-8c7e-d428c6588edf	purchasing manager	optional	http://data.europa.eu/esco/skill/020b3c27-bae1-4b85-9d6f-eccee0f5ed99	manage supplies	skill
377865f0-c327-4599-8c7e-d428c6588edf	purchasing manager	optional	http://data.europa.eu/esco/skill/496932f1-0b6b-4f73-9432-d95c7ddcd43b	recruit employees	skill
377865f0-c327-4599-8c7e-d428c6588edf	purchasing manager	optional	http://data.europa.eu/esco/skill/77931759-69af-4637-8b26-c8376f9240e2	international business	knowledge
377865f0-c327-4599-8c7e-d428c6588edf	purchasing manager	optional	http://data.europa.eu/esco/skill/31eecea5-c1ef-4e5c-96a9-808ff4e43813	track price trends	skill
377865f0-c327-4599-8c7e-d428c6588edf	purchasing manager	optional	http://data.europa.eu/esco/skill/be727774-46d7-43d7-aee9-1a51b5cd8c71	carry out statistical forecasts	skill
377865f0-c327-4599-8c7e-d428c6588edf	purchasing manager	optional	http://data.europa.eu/esco/skill/6742977a-aa00-4c8c-9861-898b0373907e	advise on sustainable management policies	skill
377865f0-c327-4599-8c7e-d428c6588edf	purchasing manager	optional	http://data.europa.eu/esco/skill/3bc08c26-2f98-4730-bbb6-ec4a8566e3cf	procurement lifecycle	knowledge
377865f0-c327-4599-8c7e-d428c6588edf	purchasing manager	optional	http://data.europa.eu/esco/skill/a9dc9e40-14a6-4899-93ec-29d5c79c2ebd	manage procurement planning	skill
377865f0-c327-4599-8c7e-d428c6588edf	purchasing manager	optional	http://data.europa.eu/esco/skill/6962058d-9808-4820-a6bc-d7cabce60cde	implement sustainable procurement	skill
377865f0-c327-4599-8c7e-d428c6588edf	purchasing manager	optional	http://data.europa.eu/esco/skill/aafb8d62-1592-4488-bd40-7bdfb751ff98	manage rented goods returns	skill
377865f0-c327-4599-8c7e-d428c6588edf	purchasing manager	optional	http://data.europa.eu/esco/skill/1c460d2d-90c6-4fc9-ad49-febb6e15605a	pricing strategies	knowledge
377865f0-c327-4599-8c7e-d428c6588edf	purchasing manager	optional	http://data.europa.eu/esco/skill/d5111703-c344-484d-bef1-9565a278166a	market pricing	knowledge
377865f0-c327-4599-8c7e-d428c6588edf	purchasing manager	optional	http://data.europa.eu/esco/skill/9bbe0d37-822c-4096-8b56-8729e5783b4b	implement procurement of innovation	skill
377865f0-c327-4599-8c7e-d428c6588edf	purchasing manager	optional	http://data.europa.eu/esco/skill/9b862976-aa05-4bde-8ed6-8f39790edd0f	procurement legislation	knowledge
377865f0-c327-4599-8c7e-d428c6588edf	purchasing manager	optional	http://data.europa.eu/esco/skill/d9a9cb71-a62e-4800-a518-cfb61f8b15cd	category specific expertise	knowledge
377865f0-c327-4599-8c7e-d428c6588edf	purchasing manager	optional	http://data.europa.eu/esco/skill/53cc0cc2-a9ce-4803-ae55-3cc0d7a5fc2c	attend trade fairs	skill
377865f0-c327-4599-8c7e-d428c6588edf	purchasing manager	optional	http://data.europa.eu/esco/skill/28ad7c97-9fb3-4b1d-846a-654e529ab8ac	sustainable manufacturing	knowledge
377865f0-c327-4599-8c7e-d428c6588edf	purchasing manager	optional	http://data.europa.eu/esco/skill/6dd4ce8c-1813-429d-9f06-3382c4833ca3	assess procurement needs	skill
377865f0-c327-4599-8c7e-d428c6588edf	purchasing manager	optional	http://data.europa.eu/esco/skill/44f6a65f-6be7-4818-9a66-73908797283f	monitor stock level	skill
377865f0-c327-4599-8c7e-d428c6588edf	purchasing manager	optional	http://data.europa.eu/esco/skill/6c97d04d-7239-4dc7-90ef-3e812ba2b124	perform procurement market analysis	skill
377865f0-c327-4599-8c7e-d428c6588edf	purchasing manager	optional	http://data.europa.eu/esco/skill/750caee5-12a0-46ba-b8aa-1e56370deaf9	analyse consumer buying trends	skill
377865f0-c327-4599-8c7e-d428c6588edf	purchasing manager	optional	http://data.europa.eu/esco/skill/a703b581-ad64-4791-8bb3-624aea569fa5	maintain contract administration	skill
377865f0-c327-4599-8c7e-d428c6588edf	purchasing manager	optional	http://data.europa.eu/esco/skill/6eff134b-e34f-4d6e-a6e8-5e47cf2228d0	risk management	knowledge
377865f0-c327-4599-8c7e-d428c6588edf	purchasing manager	optional	http://data.europa.eu/esco/skill/bc067d2e-e151-408f-8e34-24effd2b7fd6	use e-procurement	skill
377865f0-c327-4599-8c7e-d428c6588edf	purchasing manager	optional	http://data.europa.eu/esco/skill/69f23426-9279-4fe6-a283-24c2aa4c855d	ensure equipment availability	skill
044d78cc-f62f-4532-83a5-8e04f2889652	administrative assistant	essential	http://data.europa.eu/esco/skill/047fcf0a-2936-49fb-b4eb-97cdd8d09d0b	maintain statutory books	skill
044d78cc-f62f-4532-83a5-8e04f2889652	administrative assistant	essential	http://data.europa.eu/esco/skill/c73ea1b8-e121-4f91-b8f0-dee4ee28d6ec	plan schedule	skill
044d78cc-f62f-4532-83a5-8e04f2889652	administrative assistant	essential	http://data.europa.eu/esco/skill/71dde84c-0058-4c52-a556-523369333db8	use office systems	skill
044d78cc-f62f-4532-83a5-8e04f2889652	administrative assistant	essential	http://data.europa.eu/esco/skill/3e04e39d-9eb6-4167-ad2d-e3413f647e4e	organise business documents	skill
044d78cc-f62f-4532-83a5-8e04f2889652	administrative assistant	essential	http://data.europa.eu/esco/skill/3d427a49-4f85-42cd-8a92-62d4a34f41a1	file documents	skill
044d78cc-f62f-4532-83a5-8e04f2889652	administrative assistant	essential	http://data.europa.eu/esco/skill/c58050e1-0774-4097-93d2-07dd7ba6a27a	organise facilities for office personnel	skill
044d78cc-f62f-4532-83a5-8e04f2889652	administrative assistant	essential	http://data.europa.eu/esco/skill/c241f5a5-e23f-47bf-ad24-d83ea0010166	ensure proper document management	skill
044d78cc-f62f-4532-83a5-8e04f2889652	administrative assistant	essential	http://data.europa.eu/esco/skill/ec0bbf39-0edd-4015-a2c3-82ad563ce3a8	draft corporate emails	skill
044d78cc-f62f-4532-83a5-8e04f2889652	administrative assistant	essential	http://data.europa.eu/esco/skill/5436f06d-4cc0-42a6-8e5b-63b842cce03b	disseminate general corporate information	skill
044d78cc-f62f-4532-83a5-8e04f2889652	administrative assistant	essential	http://data.europa.eu/esco/skill/8d49f760-3765-4612-8d40-a2bdd50738fe	fill out forms	skill
044d78cc-f62f-4532-83a5-8e04f2889652	administrative assistant	essential	http://data.europa.eu/esco/skill/f75b740c-b36c-495e-bc67-efe347bbc6b5	company policies	knowledge
044d78cc-f62f-4532-83a5-8e04f2889652	administrative assistant	essential	http://data.europa.eu/esco/skill/f683ae1d-cb7c-4aa1-b9fe-205e1bd23535	use microsoft office	skill
044d78cc-f62f-4532-83a5-8e04f2889652	administrative assistant	essential	http://data.europa.eu/esco/skill/81dc035c-921b-4fea-a453-94538e86097c	disseminate messages to people	skill
044d78cc-f62f-4532-83a5-8e04f2889652	administrative assistant	essential	http://data.europa.eu/esco/skill/7c3865d1-e5a9-4043-a7a4-2e9e30468c0b	perform office routine activities	skill
044d78cc-f62f-4532-83a5-8e04f2889652	administrative assistant	essential	http://data.europa.eu/esco/skill/1f6eac42-e5aa-4fa7-a75d-a4eea12c618e	disseminate internal communications	skill
044d78cc-f62f-4532-83a5-8e04f2889652	administrative assistant	essential	http://data.europa.eu/esco/skill/1973c966-f236-40c9-b2d4-5d71a89019be	use spreadsheets software	skill
044d78cc-f62f-4532-83a5-8e04f2889652	administrative assistant	essential	http://data.europa.eu/esco/skill/0839eea4-c57b-4c14-b19b-923fbedb5d88	perform business research	skill
044d78cc-f62f-4532-83a5-8e04f2889652	administrative assistant	essential	http://data.europa.eu/esco/skill/76f22707-8d30-453f-9eb7-3376e2960311	handle mail	skill
044d78cc-f62f-4532-83a5-8e04f2889652	administrative assistant	essential	http://data.europa.eu/esco/skill/43b13058-68d0-40c6-8031-caf5a7b7d20c	keep task records	skill
044d78cc-f62f-4532-83a5-8e04f2889652	administrative assistant	essential	http://data.europa.eu/esco/skill/b769f524-0f25-44d7-8538-5c46710a040e	manage digital documents	skill
044d78cc-f62f-4532-83a5-8e04f2889652	administrative assistant	optional	http://data.europa.eu/esco/skill/0959a14b-9743-4d71-93ba-a1fefa56e5ae	create import-export commercial documentation	skill
044d78cc-f62f-4532-83a5-8e04f2889652	administrative assistant	optional	http://data.europa.eu/esco/skill/b17f4305-741a-4a1c-8fe8-6f11cb3d5c0a	business communication	knowledge
044d78cc-f62f-4532-83a5-8e04f2889652	administrative assistant	optional	http://data.europa.eu/esco/skill/31c7add0-0150-4029-bf33-47872c23fcf1	maintain inventory of office supplies	skill
044d78cc-f62f-4532-83a5-8e04f2889652	administrative assistant	optional	http://data.europa.eu/esco/skill/2111dff8-f830-46ad-80ce-7885893b3134	coordinate events	skill
044d78cc-f62f-4532-83a5-8e04f2889652	administrative assistant	optional	http://data.europa.eu/esco/skill/e3e42d54-78bd-4337-aa87-bb31a7670c9a	issue sales invoices	skill
044d78cc-f62f-4532-83a5-8e04f2889652	administrative assistant	optional	http://data.europa.eu/esco/skill/73aeff8a-28d9-46ca-9920-a9f37ce074fe	transcription methods	knowledge
044d78cc-f62f-4532-83a5-8e04f2889652	administrative assistant	optional	http://data.europa.eu/esco/skill/382ed835-8958-4d86-8471-cff55c6df3e7	organise travel arrangements for staff	skill
044d78cc-f62f-4532-83a5-8e04f2889652	administrative assistant	optional	http://data.europa.eu/esco/skill/2de4572a-4724-4f76-afc2-72a568a264ac	speak different languages	skill
044d78cc-f62f-4532-83a5-8e04f2889652	administrative assistant	optional	http://data.europa.eu/esco/skill/f14ff4b7-be1e-4b55-b39b-520005f8a97e	liaise with managers	skill
044d78cc-f62f-4532-83a5-8e04f2889652	administrative assistant	optional	http://data.europa.eu/esco/skill/3838a64c-78dc-4f3f-a0c0-9f604e33eefd	maintain internal communication systems	skill
044d78cc-f62f-4532-83a5-8e04f2889652	administrative assistant	optional	http://data.europa.eu/esco/skill/48391ec6-42ba-4093-acf4-c7673b0c07f4	process commissioned instructions	skill
044d78cc-f62f-4532-83a5-8e04f2889652	administrative assistant	optional	http://data.europa.eu/esco/skill/7ec3c77b-1955-4397-9bd3-7b7b9d0b8531	manage personnel agenda	skill
044d78cc-f62f-4532-83a5-8e04f2889652	administrative assistant	optional	http://data.europa.eu/esco/skill/906c9e66-bdee-4f8e-93d7-88d9fcf39a0a	fix meetings	skill
044d78cc-f62f-4532-83a5-8e04f2889652	administrative assistant	optional	http://data.europa.eu/esco/skill/debb8d81-ed7f-447d-853a-5d107fda6fcf	provide customer follow-up services	skill
044d78cc-f62f-4532-83a5-8e04f2889652	administrative assistant	optional	http://data.europa.eu/esco/skill/40005305-4541-4da7-9f76-abab74f0bc51	monitor staff absences	skill
044d78cc-f62f-4532-83a5-8e04f2889652	administrative assistant	optional	http://data.europa.eu/esco/skill/63321ecf-4fc6-44d9-88f1-5373a4f3038a	handle petty cash	skill
044d78cc-f62f-4532-83a5-8e04f2889652	administrative assistant	optional	http://data.europa.eu/esco/skill/df1265b9-81fd-4a40-a746-f0442ffbf7ef	deliver correspondence	skill
044d78cc-f62f-4532-83a5-8e04f2889652	administrative assistant	optional	http://data.europa.eu/esco/skill/1ba59ce0-7fec-434b-8d5c-9b275250a26c	prepare presentation material	skill
044d78cc-f62f-4532-83a5-8e04f2889652	administrative assistant	optional	http://data.europa.eu/esco/skill/097c6a36-f031-4d3e-b5c1-62d6ffcb430b	respect data protection principles	skill
044d78cc-f62f-4532-83a5-8e04f2889652	administrative assistant	optional	http://data.europa.eu/esco/skill/fdf15b35-9028-4acb-bfd2-43f00a015cd9	use personal organization software	skill
044d78cc-f62f-4532-83a5-8e04f2889652	administrative assistant	optional	http://data.europa.eu/esco/skill/880c54f9-866e-4f37-b5fa-25ef8a7d49b6	accounting techniques	knowledge
6c999fc7-c6b7-4ef3-a4b9-af124a1783a2	office clerk	essential	http://data.europa.eu/esco/skill/3e04e39d-9eb6-4167-ad2d-e3413f647e4e	organise business documents	skill
6c999fc7-c6b7-4ef3-a4b9-af124a1783a2	office clerk	essential	http://data.europa.eu/esco/skill/dcbeb0b1-631e-4ab5-897a-94e15735ef52	route correspondence to business departments	skill
6c999fc7-c6b7-4ef3-a4b9-af124a1783a2	office clerk	essential	http://data.europa.eu/esco/skill/71dde84c-0058-4c52-a556-523369333db8	use office systems	skill
6c999fc7-c6b7-4ef3-a4b9-af124a1783a2	office clerk	essential	http://data.europa.eu/esco/skill/f2d57f41-43b4-4f5b-8100-3df5c21eda50	process data	skill
6c999fc7-c6b7-4ef3-a4b9-af124a1783a2	office clerk	essential	http://data.europa.eu/esco/skill/415abd43-e8e5-4643-b5da-5f11307af57a	use different communication channels	skill
6c999fc7-c6b7-4ef3-a4b9-af124a1783a2	office clerk	essential	http://data.europa.eu/esco/skill/81dc035c-921b-4fea-a453-94538e86097c	disseminate messages to people	skill
6c999fc7-c6b7-4ef3-a4b9-af124a1783a2	office clerk	essential	http://data.europa.eu/esco/skill/b769f524-0f25-44d7-8538-5c46710a040e	manage digital documents	skill
6c999fc7-c6b7-4ef3-a4b9-af124a1783a2	office clerk	essential	http://data.europa.eu/esco/skill/3d427a49-4f85-42cd-8a92-62d4a34f41a1	file documents	skill
6c999fc7-c6b7-4ef3-a4b9-af124a1783a2	office clerk	essential	http://data.europa.eu/esco/skill/0da516ee-e70e-4384-be13-f5ff80be8127	communicate with customers	skill
6c999fc7-c6b7-4ef3-a4b9-af124a1783a2	office clerk	essential	http://data.europa.eu/esco/skill/f75b740c-b36c-495e-bc67-efe347bbc6b5	company policies	knowledge
6c999fc7-c6b7-4ef3-a4b9-af124a1783a2	office clerk	essential	http://data.europa.eu/esco/skill/f2fdd2db-8755-4540-8af8-b46f2c0de95f	facilitate access to information	skill
6c999fc7-c6b7-4ef3-a4b9-af124a1783a2	office clerk	essential	http://data.europa.eu/esco/skill/1f6eac42-e5aa-4fa7-a75d-a4eea12c618e	disseminate internal communications	skill
6c999fc7-c6b7-4ef3-a4b9-af124a1783a2	office clerk	essential	http://data.europa.eu/esco/skill/8d49f760-3765-4612-8d40-a2bdd50738fe	fill out forms	skill
6c999fc7-c6b7-4ef3-a4b9-af124a1783a2	office clerk	essential	http://data.europa.eu/esco/skill/1973c966-f236-40c9-b2d4-5d71a89019be	use spreadsheets software	skill
6c999fc7-c6b7-4ef3-a4b9-af124a1783a2	office clerk	essential	http://data.europa.eu/esco/skill/ab821cc3-a0cb-4fcc-b4c0-bf7c96352cbf	maintain correspondence records	skill
6c999fc7-c6b7-4ef3-a4b9-af124a1783a2	office clerk	essential	http://data.europa.eu/esco/skill/8dd2806f-6dcf-477c-a5bf-66b5d6e02637	prepare correspondence for customers	skill
6c999fc7-c6b7-4ef3-a4b9-af124a1783a2	office clerk	essential	http://data.europa.eu/esco/skill/a56dec32-05ef-45de-a256-ee6741f356db	information confidentiality	knowledge
6c999fc7-c6b7-4ef3-a4b9-af124a1783a2	office clerk	essential	http://data.europa.eu/esco/skill/48391ec6-42ba-4093-acf4-c7673b0c07f4	process commissioned instructions	skill
6c999fc7-c6b7-4ef3-a4b9-af124a1783a2	office clerk	essential	http://data.europa.eu/esco/skill/96ae5ab6-d696-4d4f-be1c-d02e722c6f55	apply grammar and spelling rules	skill
6c999fc7-c6b7-4ef3-a4b9-af124a1783a2	office clerk	essential	http://data.europa.eu/esco/skill/4806e6cf-24b0-4828-b9c4-866d9b8a2ca6	align content with form	skill
6c999fc7-c6b7-4ef3-a4b9-af124a1783a2	office clerk	essential	http://data.europa.eu/esco/skill/76f22707-8d30-453f-9eb7-3376e2960311	handle mail	skill
6c999fc7-c6b7-4ef3-a4b9-af124a1783a2	office clerk	essential	http://data.europa.eu/esco/skill/c58050e1-0774-4097-93d2-07dd7ba6a27a	organise facilities for office personnel	skill
6c999fc7-c6b7-4ef3-a4b9-af124a1783a2	office clerk	essential	http://data.europa.eu/esco/skill/e1f2f22f-3248-4eb2-83a6-c6f7c4437c5c	handle delivered packages	skill
6c999fc7-c6b7-4ef3-a4b9-af124a1783a2	office clerk	essential	http://data.europa.eu/esco/skill/df1265b9-81fd-4a40-a746-f0442ffbf7ef	deliver correspondence	skill
6c999fc7-c6b7-4ef3-a4b9-af124a1783a2	office clerk	essential	http://data.europa.eu/esco/skill/de2f0ce8-f8d6-48c5-a213-4d065251cecf	communicate by telephone	skill
6c999fc7-c6b7-4ef3-a4b9-af124a1783a2	office clerk	essential	http://data.europa.eu/esco/skill/7c3865d1-e5a9-4043-a7a4-2e9e30468c0b	perform office routine activities	skill
6c999fc7-c6b7-4ef3-a4b9-af124a1783a2	office clerk	optional	http://data.europa.eu/esco/skill/31c7add0-0150-4029-bf33-47872c23fcf1	maintain inventory of office supplies	skill
6c999fc7-c6b7-4ef3-a4b9-af124a1783a2	office clerk	optional	http://data.europa.eu/esco/skill/8b7409b0-e18e-4dfc-9ad9-8ddbcce38849	keep records of customer interaction	skill
6c999fc7-c6b7-4ef3-a4b9-af124a1783a2	office clerk	optional	http://data.europa.eu/esco/skill/3c4c3fa1-d638-42df-8e98-2a38021da6f9	use software for data preservation	skill
6c999fc7-c6b7-4ef3-a4b9-af124a1783a2	office clerk	optional	http://data.europa.eu/esco/skill/880c54f9-866e-4f37-b5fa-25ef8a7d49b6	accounting techniques	knowledge
6c999fc7-c6b7-4ef3-a4b9-af124a1783a2	office clerk	optional	http://data.europa.eu/esco/skill/e3e42d54-78bd-4337-aa87-bb31a7670c9a	issue sales invoices	skill
6c999fc7-c6b7-4ef3-a4b9-af124a1783a2	office clerk	optional	http://data.europa.eu/esco/skill/b4548845-dc4c-43fb-a55c-b9b7c6c1defd	document sharing procedures	knowledge
6c999fc7-c6b7-4ef3-a4b9-af124a1783a2	office clerk	optional	http://data.europa.eu/esco/skill/ec66b111-d8d0-4516-88ba-ee0b6fe6f695	process customer orders	skill
6c999fc7-c6b7-4ef3-a4b9-af124a1783a2	office clerk	optional	http://data.europa.eu/esco/skill/c241f5a5-e23f-47bf-ad24-d83ea0010166	ensure proper document management	skill
6c999fc7-c6b7-4ef3-a4b9-af124a1783a2	office clerk	optional	http://data.europa.eu/esco/skill/06e347f2-2504-4ee8-b7f7-8d9542f56207	translate keywords into full texts	skill
6c999fc7-c6b7-4ef3-a4b9-af124a1783a2	office clerk	optional	http://data.europa.eu/esco/skill/fdf15b35-9028-4acb-bfd2-43f00a015cd9	use personal organization software	skill
6c999fc7-c6b7-4ef3-a4b9-af124a1783a2	office clerk	optional	http://data.europa.eu/esco/skill/f683ae1d-cb7c-4aa1-b9fe-205e1bd23535	use microsoft office	skill
6c999fc7-c6b7-4ef3-a4b9-af124a1783a2	office clerk	optional	http://data.europa.eu/esco/skill/367c240d-5f34-423a-86b1-866ad27206ea	digitise documents	skill
6c999fc7-c6b7-4ef3-a4b9-af124a1783a2	office clerk	optional	http://data.europa.eu/esco/skill/beeaddc7-fe69-4b97-a286-0bd595432eb9	serve beverages	skill
6c999fc7-c6b7-4ef3-a4b9-af124a1783a2	office clerk	optional	http://data.europa.eu/esco/skill/73aeff8a-28d9-46ca-9920-a9f37ce074fe	transcription methods	knowledge
6c999fc7-c6b7-4ef3-a4b9-af124a1783a2	office clerk	optional	http://data.europa.eu/esco/skill/ec0bbf39-0edd-4015-a2c3-82ad563ce3a8	draft corporate emails	skill
6c999fc7-c6b7-4ef3-a4b9-af124a1783a2	office clerk	optional	http://data.europa.eu/esco/skill/3838a64c-78dc-4f3f-a0c0-9f604e33eefd	maintain internal communication systems	skill
6c999fc7-c6b7-4ef3-a4b9-af124a1783a2	office clerk	optional	http://data.europa.eu/esco/skill/4f1b6304-f54a-42f0-9604-5427a28d240f	perform cleaning duties	skill
6c999fc7-c6b7-4ef3-a4b9-af124a1783a2	office clerk	optional	http://data.europa.eu/esco/skill/5fed696b-77d6-46e1-aa57-e520928a9837	use free typing techniques	skill
6c999fc7-c6b7-4ef3-a4b9-af124a1783a2	office clerk	optional	http://data.europa.eu/esco/skill/40005305-4541-4da7-9f76-abab74f0bc51	monitor staff absences	skill
6c999fc7-c6b7-4ef3-a4b9-af124a1783a2	office clerk	optional	http://data.europa.eu/esco/skill/097c6a36-f031-4d3e-b5c1-62d6ffcb430b	respect data protection principles	skill
6c999fc7-c6b7-4ef3-a4b9-af124a1783a2	office clerk	optional	http://data.europa.eu/esco/skill/fa3e5cec-703e-4d46-b3bb-e8a89540ab54	manage digital archives	skill
6c999fc7-c6b7-4ef3-a4b9-af124a1783a2	office clerk	optional	http://data.europa.eu/esco/skill/b215031a-dd21-48b1-a998-75d6373838d8	communicate with customer service department	skill
2a04a1df-a3b9-403e-a245-e7f93fdddd44	executive assistant	essential	http://data.europa.eu/esco/skill/6ae8306a-4f9d-4410-ac82-6406f3cbd16a	manage office facility systems	skill
2a04a1df-a3b9-403e-a245-e7f93fdddd44	executive assistant	essential	http://data.europa.eu/esco/skill/e345cf05-bc6b-43a6-aca3-2f9c1ec0e772	maintain register of shareholders	skill
2a04a1df-a3b9-403e-a245-e7f93fdddd44	executive assistant	essential	http://data.europa.eu/esco/skill/eade4171-3d57-4fb2-9518-44d5a1da4ff5	build trust	skill
2a04a1df-a3b9-403e-a245-e7f93fdddd44	executive assistant	essential	http://data.europa.eu/esco/skill/86d2e2ea-1ba2-4aa6-b465-8a1f9abc81b8	apply information security policies	skill
2a04a1df-a3b9-403e-a245-e7f93fdddd44	executive assistant	essential	http://data.europa.eu/esco/skill/b17f4305-741a-4a1c-8fe8-6f11cb3d5c0a	business communication	knowledge
2a04a1df-a3b9-403e-a245-e7f93fdddd44	executive assistant	essential	http://data.europa.eu/esco/skill/c73ea1b8-e121-4f91-b8f0-dee4ee28d6ec	plan schedule	skill
2a04a1df-a3b9-403e-a245-e7f93fdddd44	executive assistant	essential	http://data.europa.eu/esco/skill/1973c966-f236-40c9-b2d4-5d71a89019be	use spreadsheets software	skill
2a04a1df-a3b9-403e-a245-e7f93fdddd44	executive assistant	essential	http://data.europa.eu/esco/skill/ab986bc4-df92-4351-9ac1-aa75af943cf7	perform clerical duties	skill
2a04a1df-a3b9-403e-a245-e7f93fdddd44	executive assistant	essential	http://data.europa.eu/esco/skill/48391ec6-42ba-4093-acf4-c7673b0c07f4	process commissioned instructions	skill
2a04a1df-a3b9-403e-a245-e7f93fdddd44	executive assistant	essential	http://data.europa.eu/esco/skill/906c9e66-bdee-4f8e-93d7-88d9fcf39a0a	fix meetings	skill
2a04a1df-a3b9-403e-a245-e7f93fdddd44	executive assistant	essential	http://data.europa.eu/esco/skill/f14ff4b7-be1e-4b55-b39b-520005f8a97e	liaise with managers	skill
2a04a1df-a3b9-403e-a245-e7f93fdddd44	executive assistant	essential	http://data.europa.eu/esco/skill/71dde84c-0058-4c52-a556-523369333db8	use office systems	skill
2a04a1df-a3b9-403e-a245-e7f93fdddd44	executive assistant	essential	http://data.europa.eu/esco/skill/0839eea4-c57b-4c14-b19b-923fbedb5d88	perform business research	skill
2a04a1df-a3b9-403e-a245-e7f93fdddd44	executive assistant	essential	http://data.europa.eu/esco/skill/da56feea-941c-4ff6-b573-bb16ccbde670	communicate schedules to the people concerned	skill
2a04a1df-a3b9-403e-a245-e7f93fdddd44	executive assistant	essential	http://data.europa.eu/esco/skill/382ed835-8958-4d86-8471-cff55c6df3e7	organise travel arrangements for staff	skill
2a04a1df-a3b9-403e-a245-e7f93fdddd44	executive assistant	essential	http://data.europa.eu/esco/skill/7ec3c77b-1955-4397-9bd3-7b7b9d0b8531	manage personnel agenda	skill
2a04a1df-a3b9-403e-a245-e7f93fdddd44	executive assistant	essential	http://data.europa.eu/esco/skill/415abd43-e8e5-4643-b5da-5f11307af57a	use different communication channels	skill
2a04a1df-a3b9-403e-a245-e7f93fdddd44	executive assistant	essential	http://data.europa.eu/esco/skill/81633a44-f1db-4a01-a940-804c6905e330	use word processing software	skill
2a04a1df-a3b9-403e-a245-e7f93fdddd44	executive assistant	essential	http://data.europa.eu/esco/skill/81dc035c-921b-4fea-a453-94538e86097c	disseminate messages to people	skill
2a04a1df-a3b9-403e-a245-e7f93fdddd44	executive assistant	essential	http://data.europa.eu/esco/skill/2111dff8-f830-46ad-80ce-7885893b3134	coordinate events	skill
2a04a1df-a3b9-403e-a245-e7f93fdddd44	executive assistant	essential	http://data.europa.eu/esco/skill/f75b740c-b36c-495e-bc67-efe347bbc6b5	company policies	knowledge
2a04a1df-a3b9-403e-a245-e7f93fdddd44	executive assistant	essential	http://data.europa.eu/esco/skill/dc72ad0a-c5dc-4abd-bc0d-ca43e82162e1	build business relationships	skill
2a04a1df-a3b9-403e-a245-e7f93fdddd44	executive assistant	essential	http://data.europa.eu/esco/skill/8d202e22-85e9-47b1-a1e0-3296d17244cd	observe confidentiality	skill
2a04a1df-a3b9-403e-a245-e7f93fdddd44	executive assistant	essential	http://data.europa.eu/esco/skill/ec0bbf39-0edd-4015-a2c3-82ad563ce3a8	draft corporate emails	skill
2a04a1df-a3b9-403e-a245-e7f93fdddd44	executive assistant	essential	http://data.europa.eu/esco/skill/06e347f2-2504-4ee8-b7f7-8d9542f56207	translate keywords into full texts	skill
2a04a1df-a3b9-403e-a245-e7f93fdddd44	executive assistant	optional	http://data.europa.eu/esco/skill/0959a14b-9743-4d71-93ba-a1fefa56e5ae	create import-export commercial documentation	skill
2a04a1df-a3b9-403e-a245-e7f93fdddd44	executive assistant	optional	http://data.europa.eu/esco/skill/3ee090a1-9d1c-44ed-bd93-f6b7c9b68a97	manage payroll reports	skill
2a04a1df-a3b9-403e-a245-e7f93fdddd44	executive assistant	optional	http://data.europa.eu/esco/skill/07ba491f-2fd4-4bab-bf52-32934c6f0b9f	work in an international environment	skill
2a04a1df-a3b9-403e-a245-e7f93fdddd44	executive assistant	optional	http://data.europa.eu/esco/skill/f241fbf8-08a2-4c05-b9c1-3438d3e648dd	revise drafts made by managers	skill
2a04a1df-a3b9-403e-a245-e7f93fdddd44	executive assistant	optional	http://data.europa.eu/esco/skill/21a3967a-dca2-4efa-9e5f-943f15527a47	international tariffs	knowledge
2a04a1df-a3b9-403e-a245-e7f93fdddd44	executive assistant	optional	http://data.europa.eu/esco/skill/c4118654-695f-44bc-b9d3-1b26f3a955f8	international import export regulations	knowledge
2a04a1df-a3b9-403e-a245-e7f93fdddd44	executive assistant	optional	http://data.europa.eu/esco/skill/1ba59ce0-7fec-434b-8d5c-9b275250a26c	prepare presentation material	skill
2a04a1df-a3b9-403e-a245-e7f93fdddd44	executive assistant	optional	http://data.europa.eu/esco/skill/e1e94871-b7d2-4492-a205-75ea078f9951	build international relations	skill
2a04a1df-a3b9-403e-a245-e7f93fdddd44	executive assistant	optional	http://data.europa.eu/esco/skill/fd8c0029-9dc7-4b54-845b-ed30c61ba0f8	translate language concepts	skill
2a04a1df-a3b9-403e-a245-e7f93fdddd44	executive assistant	optional	http://data.europa.eu/esco/skill/22a173f5-868c-4d82-87e6-beed500ce070	prepare tax returns forms	skill
2a04a1df-a3b9-403e-a245-e7f93fdddd44	executive assistant	optional	http://data.europa.eu/esco/skill/c0949c80-94c5-4bf1-8e05-ebed75807c01	liaise with board members	skill
2a04a1df-a3b9-403e-a245-e7f93fdddd44	executive assistant	optional	http://data.europa.eu/esco/skill/2de4572a-4724-4f76-afc2-72a568a264ac	speak different languages	skill
2a04a1df-a3b9-403e-a245-e7f93fdddd44	executive assistant	optional	http://data.europa.eu/esco/skill/7d23c508-c007-4221-bb84-0c9a479b8ea6	show intercultural awareness	skill
2a04a1df-a3b9-403e-a245-e7f93fdddd44	executive assistant	optional	http://data.europa.eu/esco/skill/147170ba-0141-4337-89af-b4513d745afe	support development of annual budget	skill
2a04a1df-a3b9-403e-a245-e7f93fdddd44	executive assistant	optional	http://data.europa.eu/esco/skill/60f51172-37c0-4933-a27a-cbf55dcd7580	prepare financial statements	skill
2a04a1df-a3b9-403e-a245-e7f93fdddd44	executive assistant	optional	http://data.europa.eu/esco/skill/0da516ee-e70e-4384-be13-f5ff80be8127	communicate with customers	skill
5ccb2c34-e860-43a5-9869-342487518115	project support officer	essential	http://data.europa.eu/esco/skill/e54ff029-1ce9-447d-a5b2-eb7283a23e6e	train employees	skill
5ccb2c34-e860-43a5-9869-342487518115	project support officer	essential	http://data.europa.eu/esco/skill/77e7cb08-2c6f-42ab-881b-b34b2318acbe	manage administrative systems	skill
5ccb2c34-e860-43a5-9869-342487518115	project support officer	essential	http://data.europa.eu/esco/skill/237db40b-4600-47c0-837f-4a2c4f3014ab	project management principles	knowledge
5ccb2c34-e860-43a5-9869-342487518115	project support officer	essential	http://data.europa.eu/esco/skill/1dd23dba-dd00-45ab-abf4-642902538317	perform risk analysis	skill
5ccb2c34-e860-43a5-9869-342487518115	project support officer	essential	http://data.europa.eu/esco/skill/6430eb0d-c6de-46b7-a7fc-3dd2e8e62a69	use ICT ticketing system	skill
5ccb2c34-e860-43a5-9869-342487518115	project support officer	essential	http://data.europa.eu/esco/skill/a8081afe-46ff-425d-9d9f-f4033b3f84f6	monitor the conformance to the project methodology	skill
5ccb2c34-e860-43a5-9869-342487518115	project support officer	essential	http://data.europa.eu/esco/skill/f17f94f1-88cb-4815-873a-2a9639f10729	draft project documentation	skill
5ccb2c34-e860-43a5-9869-342487518115	project support officer	essential	http://data.europa.eu/esco/skill/9d9ba780-4aa2-43d2-888c-95a41a713fb9	introduce new employees	skill
5ccb2c34-e860-43a5-9869-342487518115	project support officer	essential	http://data.europa.eu/esco/skill/f5f5b244-6cea-4fbc-8a50-8f712791bc09	follow company standards	skill
5ccb2c34-e860-43a5-9869-342487518115	project support officer	essential	http://data.europa.eu/esco/skill/f14ff4b7-be1e-4b55-b39b-520005f8a97e	liaise with managers	skill
5ccb2c34-e860-43a5-9869-342487518115	project support officer	essential	http://data.europa.eu/esco/skill/cf310cff-0d28-4dbc-9dbb-cc500a3196c2	office software	knowledge
5ccb2c34-e860-43a5-9869-342487518115	project support officer	essential	http://data.europa.eu/esco/skill/e207163b-7963-4c3e-9494-7a4bb000211b	estimate duration of work	skill
5ccb2c34-e860-43a5-9869-342487518115	project support officer	essential	http://data.europa.eu/esco/skill/1fcce318-3212-487a-ac07-4941bc85060d	carry out project activities	skill
5ccb2c34-e860-43a5-9869-342487518115	project support officer	essential	http://data.europa.eu/esco/skill/22902bf9-cc3f-495b-811a-c441e28e23f6	manage project information	skill
5ccb2c34-e860-43a5-9869-342487518115	project support officer	essential	http://data.europa.eu/esco/skill/c3687b34-fe53-4db2-ad1b-5055a6c5b6fd	organise project meetings	skill
5ccb2c34-e860-43a5-9869-342487518115	project support officer	essential	http://data.europa.eu/esco/skill/ccb2e5f2-4279-48fd-9d85-a1db42ff1e13	project configuration management	knowledge
5ccb2c34-e860-43a5-9869-342487518115	project support officer	essential	http://data.europa.eu/esco/skill/c7cc6dc5-d56b-4323-8e5c-47c4022f615f	quality assurance methodologies	knowledge
5ccb2c34-e860-43a5-9869-342487518115	project support officer	essential	http://data.europa.eu/esco/skill/4d38b095-6730-4157-9807-8049dd7b43b8	document project progress	skill
5ccb2c34-e860-43a5-9869-342487518115	project support officer	essential	http://data.europa.eu/esco/skill/1dae8445-12e5-423a-bb26-824010e299b9	ensure compliance with legal requirements	skill
5ccb2c34-e860-43a5-9869-342487518115	project support officer	essential	http://data.europa.eu/esco/skill/48b68726-0fd6-4e03-a5eb-82236516ee7a	provide cost benefit analysis reports	skill
5ccb2c34-e860-43a5-9869-342487518115	project support officer	essential	http://data.europa.eu/esco/skill/802e6973-3270-4cf0-86e4-a6835caf1ba6	project management methodology (PM²)	knowledge
5ccb2c34-e860-43a5-9869-342487518115	project support officer	essential	http://data.europa.eu/esco/skill/dd7c9dfd-6e2c-46fd-aefc-369402d0200c	create a financial report	skill
5ccb2c34-e860-43a5-9869-342487518115	project support officer	essential	http://data.europa.eu/esco/skill/770d4956-b5e0-4d44-bf42-3a766b232c5d	maintain a central project repository	skill
5ccb2c34-e860-43a5-9869-342487518115	project support officer	optional	http://data.europa.eu/esco/skill/7106b5df-e017-4c28-8c40-98814db5b775	Prince2 project management	knowledge
5ccb2c34-e860-43a5-9869-342487518115	project support officer	optional	http://data.europa.eu/esco/skill/1af2db15-2af9-44dd-9639-bf1fc69d4c34	manage relationships with stakeholders	skill
5ccb2c34-e860-43a5-9869-342487518115	project support officer	optional	http://data.europa.eu/esco/skill/8d4271ca-c9fd-40b3-875f-15f78332a49e	quality standards	knowledge
5ccb2c34-e860-43a5-9869-342487518115	project support officer	optional	http://data.europa.eu/esco/skill/21c5790c-0930-4d74-b3b0-84caf5af12ea	manage budgets	skill
5ccb2c34-e860-43a5-9869-342487518115	project support officer	optional	http://data.europa.eu/esco/skill/d3d5df62-35d5-4169-a4aa-a2af0aacb829	organise information on availability of the team	skill
5ccb2c34-e860-43a5-9869-342487518115	project support officer	optional	http://data.europa.eu/esco/skill/69f23426-9279-4fe6-a283-24c2aa4c855d	ensure equipment availability	skill
5ccb2c34-e860-43a5-9869-342487518115	project support officer	optional	http://data.europa.eu/esco/skill/faf8943c-72ff-4736-a587-25508695d6f0	maintain financial records	skill
5ccb2c34-e860-43a5-9869-342487518115	project support officer	optional	http://data.europa.eu/esco/skill/f0393af3-bcd9-41af-a36e-0cfb83b60081	manage standard enterprise resource planning system	skill
5ccb2c34-e860-43a5-9869-342487518115	project support officer	optional	http://data.europa.eu/esco/skill/41a3240f-58ba-44e2-a688-edeb21ea5c16	conduct quality control analysis	skill
5ccb2c34-e860-43a5-9869-342487518115	project support officer	optional	http://data.europa.eu/esco/skill/4df7a57a-9405-4995-8e02-4ca404832247	manage project changes	skill
5ccb2c34-e860-43a5-9869-342487518115	project support officer	optional	http://data.europa.eu/esco/skill/9979e727-3104-42e0-8f41-4af2578111ea	perform PESTEL analysis	skill
5ccb2c34-e860-43a5-9869-342487518115	project support officer	optional	http://data.europa.eu/esco/skill/c5a135be-218d-48e6-a422-5225a576dcd8	manage project metrics	skill
5ccb2c34-e860-43a5-9869-342487518115	project support officer	optional	http://data.europa.eu/esco/skill/32db65d3-5ef3-43eb-9bf8-752c9cf0b22e	customise project methodologies	skill
5ccb2c34-e860-43a5-9869-342487518115	project support officer	optional	http://data.europa.eu/esco/skill/da6393d5-a53c-4863-abc7-51f36281d74e	lean project management	knowledge
5ccb2c34-e860-43a5-9869-342487518115	project support officer	optional	http://data.europa.eu/esco/skill/3838a64c-78dc-4f3f-a0c0-9f604e33eefd	maintain internal communication systems	skill
5ccb2c34-e860-43a5-9869-342487518115	project support officer	optional	http://data.europa.eu/esco/skill/cd5efa8c-e44d-4cbc-91c6-796018dbed68	perform project management	skill
5ccb2c34-e860-43a5-9869-342487518115	project support officer	optional	http://data.europa.eu/esco/skill/0a9acb6b-1139-4be9-b431-3a80a959f2f4	Agile project management	knowledge
b09acdda-6680-49d1-a411-129610ee3bc0	corporate risk manager	essential	http://data.europa.eu/esco/skill/f14ff4b7-be1e-4b55-b39b-520005f8a97e	liaise with managers	skill
b09acdda-6680-49d1-a411-129610ee3bc0	corporate risk manager	essential	http://data.europa.eu/esco/skill/66db424f-2abe-420d-8e5b-186607266b61	corporate social responsibility	knowledge
b09acdda-6680-49d1-a411-129610ee3bc0	corporate risk manager	essential	http://data.europa.eu/esco/skill/773e217c-8b21-4d8c-b384-68752a2243a9	quantitative risk analysis techniques	knowledge
b09acdda-6680-49d1-a411-129610ee3bc0	corporate risk manager	essential	http://data.europa.eu/esco/skill/f780a6ad-b01e-4c35-9746-af8fc0c5ad06	apply crisis management	skill
b09acdda-6680-49d1-a411-129610ee3bc0	corporate risk manager	essential	http://data.europa.eu/esco/skill/7e7bbf72-2bfb-49c2-a341-04c02932f916	define risk policies	skill
b09acdda-6680-49d1-a411-129610ee3bc0	corporate risk manager	essential	http://data.europa.eu/esco/skill/873f205a-05f8-45f8-b544-fe963a3edc1e	address identified risks	skill
b09acdda-6680-49d1-a411-129610ee3bc0	corporate risk manager	essential	http://data.europa.eu/esco/skill/1c08d63d-1c5e-4b9b-ad3e-f7ba7debb2d1	forecast organisational risks	skill
b09acdda-6680-49d1-a411-129610ee3bc0	corporate risk manager	essential	http://data.europa.eu/esco/skill/f60c9e52-95fc-4ca1-a73c-18a491153b63	make strategic business decisions	skill
b09acdda-6680-49d1-a411-129610ee3bc0	corporate risk manager	essential	http://data.europa.eu/esco/skill/f5bf985b-ac78-4d23-881a-18a359234528	corporate sustainability	knowledge
b09acdda-6680-49d1-a411-129610ee3bc0	corporate risk manager	essential	http://data.europa.eu/esco/skill/00920055-eb50-4cb8-a23d-3deedbf3753e	enterprise risk management	knowledge
b09acdda-6680-49d1-a411-129610ee3bc0	corporate risk manager	essential	http://data.europa.eu/esco/skill/701f0a7d-1be9-4e98-b985-2652b2bf327a	risk financing techniques	knowledge
b09acdda-6680-49d1-a411-129610ee3bc0	corporate risk manager	essential	http://data.europa.eu/esco/skill/91816e1a-d026-4d21-9b1c-59ca5cf488de	analyse internal factors of companies	skill
b09acdda-6680-49d1-a411-129610ee3bc0	corporate risk manager	essential	http://data.europa.eu/esco/skill/0d564cb6-98ef-4c18-9392-dd69e6724cbf	risk transfer	knowledge
b09acdda-6680-49d1-a411-129610ee3bc0	corporate risk manager	essential	http://data.europa.eu/esco/skill/f5f5b244-6cea-4fbc-8a50-8f712791bc09	follow company standards	skill
b09acdda-6680-49d1-a411-129610ee3bc0	corporate risk manager	essential	http://data.europa.eu/esco/skill/d7b66759-c40c-44de-9f31-9418f84e10c5	assess risk factors	skill
b09acdda-6680-49d1-a411-129610ee3bc0	corporate risk manager	essential	http://data.europa.eu/esco/skill/8804d963-5a31-4609-b5df-f741b7199fb7	internal auditing	knowledge
b09acdda-6680-49d1-a411-129610ee3bc0	corporate risk manager	essential	http://data.europa.eu/esco/skill/88ec9e5e-8798-475d-81a3-dd5ea7e96215	qualitative risk analysis techniques	knowledge
b09acdda-6680-49d1-a411-129610ee3bc0	corporate risk manager	essential	http://data.europa.eu/esco/skill/8744f28f-59a9-45af-8ef6-6944cb5a1473	risk identification	knowledge
b09acdda-6680-49d1-a411-129610ee3bc0	corporate risk manager	essential	http://data.europa.eu/esco/skill/f2c63b7a-ed6c-4890-9f8c-7685d172624c	implement corporate governance	skill
b09acdda-6680-49d1-a411-129610ee3bc0	corporate risk manager	essential	http://data.europa.eu/esco/skill/fce3268c-c944-4a5f-8b9c-034a72d5df13	types of insurance	knowledge
b09acdda-6680-49d1-a411-129610ee3bc0	corporate risk manager	essential	http://data.europa.eu/esco/skill/0efbe2dc-2770-47ec-b8f4-d1bdff6ac0a4	advise on risk management	skill
b09acdda-6680-49d1-a411-129610ee3bc0	corporate risk manager	essential	http://data.europa.eu/esco/skill/ce5b1446-b5e3-4f05-a5ac-83f2ee142a44	analyse external factors of companies	skill
b09acdda-6680-49d1-a411-129610ee3bc0	corporate risk manager	essential	http://data.europa.eu/esco/skill/96a893b6-4520-4daa-89c1-b79487505da2	key risk indicators	knowledge
b09acdda-6680-49d1-a411-129610ee3bc0	corporate risk manager	essential	http://data.europa.eu/esco/skill/3d3ee5c3-4286-457f-9f76-1704011f7e11	comply with legal regulations	skill
b09acdda-6680-49d1-a411-129610ee3bc0	corporate risk manager	essential	http://data.europa.eu/esco/skill/64bd4157-5df0-4166-8259-ede237dd7cdf	estimate impact of risks	skill
b09acdda-6680-49d1-a411-129610ee3bc0	corporate risk manager	essential	http://data.europa.eu/esco/skill/6eff134b-e34f-4d6e-a6e8-5e47cf2228d0	risk management	knowledge
b09acdda-6680-49d1-a411-129610ee3bc0	corporate risk manager	essential	http://data.europa.eu/esco/skill/ee7f90cc-922e-4da7-a7ae-83c2688fed10	align efforts towards business development	skill
b09acdda-6680-49d1-a411-129610ee3bc0	corporate risk manager	optional	http://data.europa.eu/esco/skill/96ec2d53-4f41-4172-8ef2-70742c4bb540	assess supplier risks	skill
b09acdda-6680-49d1-a411-129610ee3bc0	corporate risk manager	optional	http://data.europa.eu/esco/skill/0bd4c62a-c309-467e-be76-8403b3f3a1a8	financial products	knowledge
b09acdda-6680-49d1-a411-129610ee3bc0	corporate risk manager	optional	http://data.europa.eu/esco/skill/d0c425c6-e3de-465e-923d-d4d30ec4be9b	national generally accepted accounting principles	knowledge
b09acdda-6680-49d1-a411-129610ee3bc0	corporate risk manager	optional	http://data.europa.eu/esco/skill/08371fe9-c658-4f6a-966f-71dbb0ab683d	accounting department processes	knowledge
b09acdda-6680-49d1-a411-129610ee3bc0	corporate risk manager	optional	http://data.europa.eu/esco/skill/ba2c6181-b036-40b4-8f6d-51499463ccbb	develop company strategies	skill
b09acdda-6680-49d1-a411-129610ee3bc0	corporate risk manager	optional	http://data.europa.eu/esco/skill/6b4f794c-062e-4e05-863a-ae1bad44f395	Monte Carlo simulation	knowledge
b09acdda-6680-49d1-a411-129610ee3bc0	corporate risk manager	optional	http://data.europa.eu/esco/skill/80ae18bf-f3a4-4f83-b372-7c5c9d686865	manage commercial risks	skill
b09acdda-6680-49d1-a411-129610ee3bc0	corporate risk manager	optional	http://data.europa.eu/esco/skill/15d6d4e9-9b4b-4a93-aea5-a29a67b6d9e7	insurance law	knowledge
b09acdda-6680-49d1-a411-129610ee3bc0	corporate risk manager	optional	http://data.europa.eu/esco/skill/b74fd765-e1ae-4f56-a188-45cd782bca01	assess reliability of data	skill
b09acdda-6680-49d1-a411-129610ee3bc0	corporate risk manager	optional	http://data.europa.eu/esco/skill/e2482d6f-90c8-4b93-997b-7d2556d2579d	identify if a company is a going concern	skill
b09acdda-6680-49d1-a411-129610ee3bc0	corporate risk manager	optional	http://data.europa.eu/esco/skill/5d5f0963-a8b7-4a4f-a8f5-05b3142752b9	risk modelling	knowledge
b09acdda-6680-49d1-a411-129610ee3bc0	corporate risk manager	optional	http://data.europa.eu/esco/skill/bd832a82-b079-4001-80d1-f59efed33688	create risk reports	skill
b09acdda-6680-49d1-a411-129610ee3bc0	corporate risk manager	optional	http://data.europa.eu/esco/skill/3dde5918-f4c6-4d46-9d6f-c7b2865f594f	analyse insurance needs	skill
b09acdda-6680-49d1-a411-129610ee3bc0	corporate risk manager	optional	http://data.europa.eu/esco/skill/4a855abe-ac5b-4e95-ac10-3c1adceeee28	international financial reporting standards	knowledge
b09acdda-6680-49d1-a411-129610ee3bc0	corporate risk manager	optional	http://data.europa.eu/esco/skill/812590e4-7108-4016-baba-957dcf8213ae	keep updated on the political landscape	skill
b09acdda-6680-49d1-a411-129610ee3bc0	corporate risk manager	optional	http://data.europa.eu/esco/skill/8dcbcabe-09f7-4d11-940d-125af57bbc40	track key performance indicators	skill
b09acdda-6680-49d1-a411-129610ee3bc0	corporate risk manager	optional	http://data.europa.eu/esco/skill/e95058a6-e139-42e7-a470-72038a606649	assess financial viability	skill
b09acdda-6680-49d1-a411-129610ee3bc0	corporate risk manager	optional	http://data.europa.eu/esco/skill/d03dbfd1-0415-4a3a-8d2b-ff4dfff06bc8	reinsurance	knowledge
b09acdda-6680-49d1-a411-129610ee3bc0	corporate risk manager	optional	http://data.europa.eu/esco/skill/2ddb1226-1117-4eb4-ae65-3a2f5a5a3c80	ICT network security risks	knowledge
b09acdda-6680-49d1-a411-129610ee3bc0	corporate risk manager	optional	http://data.europa.eu/esco/skill/3dbb132f-fb62-4227-8277-7c89a9fe4749	compile appraisal reports	skill
c0489e22-6a1b-4e52-974a-eb71bbb42134	public relations officer	essential	http://data.europa.eu/esco/skill/fe30a4b0-1a99-4fc7-afff-b162b8c834ba	communication principles	knowledge
c0489e22-6a1b-4e52-974a-eb71bbb42134	public relations officer	essential	http://data.europa.eu/esco/skill/7053c54a-994e-4b87-865d-a520b5c401c7	establish relationship with the media	skill
c0489e22-6a1b-4e52-974a-eb71bbb42134	public relations officer	essential	http://data.europa.eu/esco/skill/c606cb12-9c63-4d2d-a58a-934b1dd3a0a8	develop public relations strategies	skill
c0489e22-6a1b-4e52-974a-eb71bbb42134	public relations officer	essential	http://data.europa.eu/esco/skill/1ba59ce0-7fec-434b-8d5c-9b275250a26c	prepare presentation material	skill
c0489e22-6a1b-4e52-974a-eb71bbb42134	public relations officer	essential	http://data.europa.eu/esco/skill/089bab26-a854-40fb-8c04-5be4f693315a	integrate strategic foundation in daily performance	skill
c0489e22-6a1b-4e52-974a-eb71bbb42134	public relations officer	essential	http://data.europa.eu/esco/skill/d952e003-b5af-4a8a-9d32-921d34dc4907	advise on public image	skill
c0489e22-6a1b-4e52-974a-eb71bbb42134	public relations officer	essential	http://data.europa.eu/esco/skill/9194696f-8a5a-4f7b-bf8a-a680da41c320	forming of public opinion	knowledge
c0489e22-6a1b-4e52-974a-eb71bbb42134	public relations officer	essential	http://data.europa.eu/esco/skill/aa56a80c-b4d5-495c-9c15-70b5a7933911	rhetoric	knowledge
c0489e22-6a1b-4e52-974a-eb71bbb42134	public relations officer	essential	http://data.europa.eu/esco/skill/574257ea-7b64-4100-b7b6-e27c233fe143	digital communication and collaboration	
c0489e22-6a1b-4e52-974a-eb71bbb42134	public relations officer	essential	http://data.europa.eu/esco/skill/7edc05fe-378b-4c9e-bbb2-e5a29c5a845f	perform public relations	skill
c0489e22-6a1b-4e52-974a-eb71bbb42134	public relations officer	essential	http://data.europa.eu/esco/skill/7800332c-a8eb-4792-8d72-50d509616154	draft press releases	skill
c0489e22-6a1b-4e52-974a-eb71bbb42134	public relations officer	essential	http://data.europa.eu/esco/skill/fd446407-b08e-49da-b8e3-7e7c79618c3f	conduct public presentations	skill
c0489e22-6a1b-4e52-974a-eb71bbb42134	public relations officer	essential	http://data.europa.eu/esco/skill/5753e2ca-8934-45d3-8e52-3877d373239d	diplomatic principles	knowledge
c0489e22-6a1b-4e52-974a-eb71bbb42134	public relations officer	essential	http://data.europa.eu/esco/skill/3c834f6e-523a-49ee-8ed1-e073e28ae6fe	develop communications strategies	skill
c0489e22-6a1b-4e52-974a-eb71bbb42134	public relations officer	essential	http://data.europa.eu/esco/skill/4d313147-b39d-413f-a5e2-b12d5f0dc9e6	give interviews to media	skill
c0489e22-6a1b-4e52-974a-eb71bbb42134	public relations officer	essential	http://data.europa.eu/esco/skill/2e046d83-a38a-453c-a26d-64114ed2e036	organise press conferences	skill
c0489e22-6a1b-4e52-974a-eb71bbb42134	public relations officer	essential	http://data.europa.eu/esco/skill/66db424f-2abe-420d-8e5b-186607266b61	corporate social responsibility	knowledge
c0489e22-6a1b-4e52-974a-eb71bbb42134	public relations officer	essential	http://data.europa.eu/esco/skill/eade4171-3d57-4fb2-9518-44d5a1da4ff5	build trust	skill
c0489e22-6a1b-4e52-974a-eb71bbb42134	public relations officer	essential	http://data.europa.eu/esco/skill/d80f7a28-1e75-4247-9104-de8e5f909f0a	reputation management	knowledge
c0489e22-6a1b-4e52-974a-eb71bbb42134	public relations officer	essential	http://data.europa.eu/esco/skill/5fd5c985-eaaa-47aa-8314-62359c54505a	develop digital content	skill
c0489e22-6a1b-4e52-974a-eb71bbb42134	public relations officer	essential	http://data.europa.eu/esco/skill/2691f4d8-d090-423f-afd7-9e721f562e8d	advise on public relations	skill
c0489e22-6a1b-4e52-974a-eb71bbb42134	public relations officer	essential	http://data.europa.eu/esco/skill/949ced5f-7536-4614-ac60-563ffc91a2f2	strategic planning	knowledge
c0489e22-6a1b-4e52-974a-eb71bbb42134	public relations officer	essential	http://data.europa.eu/esco/skill/8770350e-746f-4adb-9556-18ca68104be6	market research	knowledge
c0489e22-6a1b-4e52-974a-eb71bbb42134	public relations officer	essential	http://data.europa.eu/esco/skill/b17f4305-741a-4a1c-8fe8-6f11cb3d5c0a	business communication	knowledge
c0489e22-6a1b-4e52-974a-eb71bbb42134	public relations officer	essential	http://data.europa.eu/esco/skill/25a7fc25-f2fc-4bfd-9999-943c03d53372	protect client interests	skill
c0489e22-6a1b-4e52-974a-eb71bbb42134	public relations officer	essential	http://data.europa.eu/esco/skill/ce5b1446-b5e3-4f05-a5ac-83f2ee142a44	analyse external factors of companies	skill
c0489e22-6a1b-4e52-974a-eb71bbb42134	public relations officer	essential	http://data.europa.eu/esco/skill/f5bf985b-ac78-4d23-881a-18a359234528	corporate sustainability	knowledge
c0489e22-6a1b-4e52-974a-eb71bbb42134	public relations officer	essential	http://data.europa.eu/esco/skill/415abd43-e8e5-4643-b5da-5f11307af57a	use different communication channels	skill
c0489e22-6a1b-4e52-974a-eb71bbb42134	public relations officer	optional	http://data.europa.eu/esco/skill/28f98c7e-b89c-4b4d-ae0a-0c5a6328992e	build community relations	skill
c0489e22-6a1b-4e52-974a-eb71bbb42134	public relations officer	optional	http://data.europa.eu/esco/skill/1b1cf435-46ba-4471-afda-5029b36b3862	government representation	knowledge
c0489e22-6a1b-4e52-974a-eb71bbb42134	public relations officer	optional	http://data.europa.eu/esco/skill/9c6e951f-aa88-4890-983d-e7a6ee49f5bb	plan marketing campaigns	skill
c0489e22-6a1b-4e52-974a-eb71bbb42134	public relations officer	optional	http://data.europa.eu/esco/skill/68698869-c13c-4563-adc7-118b7644f45d	identify customer's needs	skill
c0489e22-6a1b-4e52-974a-eb71bbb42134	public relations officer	optional	http://data.europa.eu/esco/skill/2de4572a-4724-4f76-afc2-72a568a264ac	speak different languages	skill
c0489e22-6a1b-4e52-974a-eb71bbb42134	public relations officer	optional	http://data.europa.eu/esco/skill/7d35602d-bc94-4975-aa7c-f4e8e05ce8e0	cost management	knowledge
c0489e22-6a1b-4e52-974a-eb71bbb42134	public relations officer	optional	http://data.europa.eu/esco/skill/66fda9e5-f9f7-4342-b4f1-23355bcdd0b9	develop promotional tools	skill
c0489e22-6a1b-4e52-974a-eb71bbb42134	public relations officer	optional	http://data.europa.eu/esco/skill/f39a5dcd-1b8b-4eff-a021-a96196fd71eb	follow the news	skill
c0489e22-6a1b-4e52-974a-eb71bbb42134	public relations officer	optional	http://data.europa.eu/esco/skill/ae6af2c6-890d-40a7-9849-326a8c21df76	coordinate advertising campaigns	skill
c0489e22-6a1b-4e52-974a-eb71bbb42134	public relations officer	optional	http://data.europa.eu/esco/skill/683bc3e3-6ec1-4ad2-8d62-d0ac1fabbe76	use analytics for commercial purposes	skill
c0489e22-6a1b-4e52-974a-eb71bbb42134	public relations officer	optional	http://data.europa.eu/esco/skill/5303169c-75d6-4751-9136-a4b88343388c	social media management	knowledge
c0489e22-6a1b-4e52-974a-eb71bbb42134	public relations officer	optional	http://data.europa.eu/esco/skill/dff7260b-0879-4d4a-98db-0866c64e08ec	psychological concepts	knowledge
c0489e22-6a1b-4e52-974a-eb71bbb42134	public relations officer	optional	http://data.europa.eu/esco/skill/0023e7a5-43da-4b68-bee3-726ef21f986d	apply diplomatic principles	skill
c0489e22-6a1b-4e52-974a-eb71bbb42134	public relations officer	optional	http://data.europa.eu/esco/skill/d83e8dbd-257b-4aa9-abb5-e65924eb1797	ethics of sharing work through social media	knowledge
c0489e22-6a1b-4e52-974a-eb71bbb42134	public relations officer	optional	http://data.europa.eu/esco/skill/69f36674-440a-4fa0-89f9-1b70172ebb9d	advise on communication strategies	skill
c0489e22-6a1b-4e52-974a-eb71bbb42134	public relations officer	optional	http://data.europa.eu/esco/skill/99ca6ed2-b6b8-4eb0-8180-92e750e546be	liaise with quality assurance	skill
c0489e22-6a1b-4e52-974a-eb71bbb42134	public relations officer	optional	http://data.europa.eu/esco/skill/f75b740c-b36c-495e-bc67-efe347bbc6b5	company policies	knowledge
c0489e22-6a1b-4e52-974a-eb71bbb42134	public relations officer	optional	http://data.europa.eu/esco/skill/b0560439-14eb-41d1-aa53-1938efc24123	content marketing strategy	knowledge
c0489e22-6a1b-4e52-974a-eb71bbb42134	public relations officer	optional	http://data.europa.eu/esco/skill/e1e94871-b7d2-4492-a205-75ea078f9951	build international relations	skill
c0489e22-6a1b-4e52-974a-eb71bbb42134	public relations officer	optional	http://data.europa.eu/esco/skill/bf5d77ad-e18c-48d8-83f0-bc79c011c74a	develop professional network	skill
c0489e22-6a1b-4e52-974a-eb71bbb42134	public relations officer	optional	http://data.europa.eu/esco/skill/91816e1a-d026-4d21-9b1c-59ca5cf488de	analyse internal factors of companies	skill
c0489e22-6a1b-4e52-974a-eb71bbb42134	public relations officer	optional	http://data.europa.eu/esco/skill/cd74c564-57af-4aa2-b775-13e7609ffca1	liaise with politicians	skill
c0489e22-6a1b-4e52-974a-eb71bbb42134	public relations officer	optional	http://data.europa.eu/esco/skill/e2103a1d-4a84-47a9-b4f7-774787573449	copyright legislation	knowledge
c0489e22-6a1b-4e52-974a-eb71bbb42134	public relations officer	optional	http://data.europa.eu/esco/skill/6543eef3-d05e-4e97-a7dc-379398a1a798	work closely with news teams	skill
c0489e22-6a1b-4e52-974a-eb71bbb42134	public relations officer	optional	http://data.europa.eu/esco/skill/13e2378e-0d10-450d-843a-b3592575826e	implement marketing strategies	skill
c0489e22-6a1b-4e52-974a-eb71bbb42134	public relations officer	optional	http://data.europa.eu/esco/skill/f6d294f4-db62-4fc5-a7b8-778e5071c112	carry out forum moderation	skill
c0489e22-6a1b-4e52-974a-eb71bbb42134	public relations officer	optional	http://data.europa.eu/esco/skill/27ed854c-15b8-4ba2-90e9-ae888a219703	perform business analysis	skill
c0489e22-6a1b-4e52-974a-eb71bbb42134	public relations officer	optional	http://data.europa.eu/esco/skill/8c4c49d4-9708-433f-8ca7-bf2c5211ee49	develop creative ideas	skill
c0489e22-6a1b-4e52-974a-eb71bbb42134	public relations officer	optional	http://data.europa.eu/esco/skill/96a67da1-881f-4d09-927e-ac75fcff4d93	compile content	skill
c0489e22-6a1b-4e52-974a-eb71bbb42134	public relations officer	optional	http://data.europa.eu/esco/skill/dc72ad0a-c5dc-4abd-bc0d-ca43e82162e1	build business relationships	skill
c0489e22-6a1b-4e52-974a-eb71bbb42134	public relations officer	optional	http://data.europa.eu/esco/skill/c55caed2-de9e-4a25-819e-a0b0e83fba1b	give live presentation	skill
c0489e22-6a1b-4e52-974a-eb71bbb42134	public relations officer	optional	http://data.europa.eu/esco/skill/89c1d71c-f443-4e60-a7c3-f824ecb10597	types of media	knowledge
cd7b838c-51f6-41ec-9067-bb974c0f991b	communication manager	essential	http://data.europa.eu/esco/skill/25a7fc25-f2fc-4bfd-9999-943c03d53372	protect client interests	skill
cd7b838c-51f6-41ec-9067-bb974c0f991b	communication manager	essential	http://data.europa.eu/esco/skill/91816e1a-d026-4d21-9b1c-59ca5cf488de	analyse internal factors of companies	skill
cd7b838c-51f6-41ec-9067-bb974c0f991b	communication manager	essential	http://data.europa.eu/esco/skill/9194696f-8a5a-4f7b-bf8a-a680da41c320	forming of public opinion	knowledge
cd7b838c-51f6-41ec-9067-bb974c0f991b	communication manager	essential	http://data.europa.eu/esco/skill/d952e003-b5af-4a8a-9d32-921d34dc4907	advise on public image	skill
cd7b838c-51f6-41ec-9067-bb974c0f991b	communication manager	essential	http://data.europa.eu/esco/skill/f5bf985b-ac78-4d23-881a-18a359234528	corporate sustainability	knowledge
cd7b838c-51f6-41ec-9067-bb974c0f991b	communication manager	essential	http://data.europa.eu/esco/skill/574257ea-7b64-4100-b7b6-e27c233fe143	digital communication and collaboration	
cd7b838c-51f6-41ec-9067-bb974c0f991b	communication manager	essential	http://data.europa.eu/esco/skill/c779cf40-506b-44b6-a366-b3bff0a5e11a	use intranet	skill
cd7b838c-51f6-41ec-9067-bb974c0f991b	communication manager	essential	http://data.europa.eu/esco/skill/ce5b1446-b5e3-4f05-a5ac-83f2ee142a44	analyse external factors of companies	skill
cd7b838c-51f6-41ec-9067-bb974c0f991b	communication manager	essential	http://data.europa.eu/esco/skill/aa56a80c-b4d5-495c-9c15-70b5a7933911	rhetoric	knowledge
cd7b838c-51f6-41ec-9067-bb974c0f991b	communication manager	essential	http://data.europa.eu/esco/skill/d83e8dbd-257b-4aa9-abb5-e65924eb1797	ethics of sharing work through social media	knowledge
cd7b838c-51f6-41ec-9067-bb974c0f991b	communication manager	essential	http://data.europa.eu/esco/skill/96ae5ab6-d696-4d4f-be1c-d02e722c6f55	apply grammar and spelling rules	skill
cd7b838c-51f6-41ec-9067-bb974c0f991b	communication manager	essential	http://data.europa.eu/esco/skill/66db424f-2abe-420d-8e5b-186607266b61	corporate social responsibility	knowledge
cd7b838c-51f6-41ec-9067-bb974c0f991b	communication manager	essential	http://data.europa.eu/esco/skill/f43ee9cc-7284-406f-b23f-3eedb0581141	identify clients' needs	skill
cd7b838c-51f6-41ec-9067-bb974c0f991b	communication manager	essential	http://data.europa.eu/esco/skill/cf310cff-0d28-4dbc-9dbb-cc500a3196c2	office software	knowledge
cd7b838c-51f6-41ec-9067-bb974c0f991b	communication manager	essential	http://data.europa.eu/esco/skill/3c834f6e-523a-49ee-8ed1-e073e28ae6fe	develop communications strategies	skill
cd7b838c-51f6-41ec-9067-bb974c0f991b	communication manager	essential	http://data.europa.eu/esco/skill/949ced5f-7536-4614-ac60-563ffc91a2f2	strategic planning	knowledge
cd7b838c-51f6-41ec-9067-bb974c0f991b	communication manager	essential	http://data.europa.eu/esco/skill/54e60889-c5cc-435f-8d6d-7aefb67e993a	organise participation in local or international events	skill
cd7b838c-51f6-41ec-9067-bb974c0f991b	communication manager	essential	http://data.europa.eu/esco/skill/b17f4305-741a-4a1c-8fe8-6f11cb3d5c0a	business communication	knowledge
cd7b838c-51f6-41ec-9067-bb974c0f991b	communication manager	essential	http://data.europa.eu/esco/skill/5753e2ca-8934-45d3-8e52-3877d373239d	diplomatic principles	knowledge
cd7b838c-51f6-41ec-9067-bb974c0f991b	communication manager	essential	http://data.europa.eu/esco/skill/415abd43-e8e5-4643-b5da-5f11307af57a	use different communication channels	skill
cd7b838c-51f6-41ec-9067-bb974c0f991b	communication manager	essential	http://data.europa.eu/esco/skill/0023e7a5-43da-4b68-bee3-726ef21f986d	apply diplomatic principles	skill
cd7b838c-51f6-41ec-9067-bb974c0f991b	communication manager	essential	http://data.europa.eu/esco/skill/637ca2e2-0624-48b1-be6e-9ff4580344ac	proofread text	skill
cd7b838c-51f6-41ec-9067-bb974c0f991b	communication manager	essential	http://data.europa.eu/esco/skill/96a67da1-881f-4d09-927e-ac75fcff4d93	compile content	skill
cd7b838c-51f6-41ec-9067-bb974c0f991b	communication manager	essential	http://data.europa.eu/esco/skill/8770350e-746f-4adb-9556-18ca68104be6	market research	knowledge
cd7b838c-51f6-41ec-9067-bb974c0f991b	communication manager	essential	http://data.europa.eu/esco/skill/d4ae9564-0b61-4aa0-9df0-d4fdc969fd6f	grammar	knowledge
cd7b838c-51f6-41ec-9067-bb974c0f991b	communication manager	essential	http://data.europa.eu/esco/skill/7edc05fe-378b-4c9e-bbb2-e5a29c5a845f	perform public relations	skill
cd7b838c-51f6-41ec-9067-bb974c0f991b	communication manager	essential	http://data.europa.eu/esco/skill/69f36674-440a-4fa0-89f9-1b70172ebb9d	advise on communication strategies	skill
cd7b838c-51f6-41ec-9067-bb974c0f991b	communication manager	essential	http://data.europa.eu/esco/skill/d80f7a28-1e75-4247-9104-de8e5f909f0a	reputation management	knowledge
cd7b838c-51f6-41ec-9067-bb974c0f991b	communication manager	essential	http://data.europa.eu/esco/skill/eade4171-3d57-4fb2-9518-44d5a1da4ff5	build trust	skill
cd7b838c-51f6-41ec-9067-bb974c0f991b	communication manager	essential	http://data.europa.eu/esco/skill/c606cb12-9c63-4d2d-a58a-934b1dd3a0a8	develop public relations strategies	skill
cd7b838c-51f6-41ec-9067-bb974c0f991b	communication manager	essential	http://data.europa.eu/esco/skill/089bab26-a854-40fb-8c04-5be4f693315a	integrate strategic foundation in daily performance	skill
cd7b838c-51f6-41ec-9067-bb974c0f991b	communication manager	essential	http://data.europa.eu/esco/skill/fe30a4b0-1a99-4fc7-afff-b162b8c834ba	communication principles	knowledge
cd7b838c-51f6-41ec-9067-bb974c0f991b	communication manager	essential	http://data.europa.eu/esco/skill/1ba59ce0-7fec-434b-8d5c-9b275250a26c	prepare presentation material	skill
cd7b838c-51f6-41ec-9067-bb974c0f991b	communication manager	optional	http://data.europa.eu/esco/skill/7800332c-a8eb-4792-8d72-50d509616154	draft press releases	skill
cd7b838c-51f6-41ec-9067-bb974c0f991b	communication manager	optional	http://data.europa.eu/esco/skill/fd446407-b08e-49da-b8e3-7e7c79618c3f	conduct public presentations	skill
cd7b838c-51f6-41ec-9067-bb974c0f991b	communication manager	optional	http://data.europa.eu/esco/skill/e1e94871-b7d2-4492-a205-75ea078f9951	build international relations	skill
cd7b838c-51f6-41ec-9067-bb974c0f991b	communication manager	optional	http://data.europa.eu/esco/skill/fef96bad-e623-42cd-b961-d1adf39db8b9	media and information literacy	knowledge
cd7b838c-51f6-41ec-9067-bb974c0f991b	communication manager	optional	http://data.europa.eu/esco/skill/5330b70e-16f5-43a7-a6de-18fd6a4bd063	public relations	knowledge
cd7b838c-51f6-41ec-9067-bb974c0f991b	communication manager	optional	http://data.europa.eu/esco/skill/580660a6-5d3a-421d-a54f-d85b706c2b2f	use online tools to collaborate	skill
cd7b838c-51f6-41ec-9067-bb974c0f991b	communication manager	optional	http://data.europa.eu/esco/skill/dff7260b-0879-4d4a-98db-0866c64e08ec	psychological concepts	knowledge
cd7b838c-51f6-41ec-9067-bb974c0f991b	communication manager	optional	http://data.europa.eu/esco/skill/f75b740c-b36c-495e-bc67-efe347bbc6b5	company policies	knowledge
cd7b838c-51f6-41ec-9067-bb974c0f991b	communication manager	optional	http://data.europa.eu/esco/skill/2de4572a-4724-4f76-afc2-72a568a264ac	speak different languages	skill
cd7b838c-51f6-41ec-9067-bb974c0f991b	communication manager	optional	http://data.europa.eu/esco/skill/f39a5dcd-1b8b-4eff-a021-a96196fd71eb	follow the news	skill
cd7b838c-51f6-41ec-9067-bb974c0f991b	communication manager	optional	http://data.europa.eu/esco/skill/2e046d83-a38a-453c-a26d-64114ed2e036	organise press conferences	skill
cd7b838c-51f6-41ec-9067-bb974c0f991b	communication manager	optional	http://data.europa.eu/esco/skill/bf5d77ad-e18c-48d8-83f0-bc79c011c74a	develop professional network	skill
cd7b838c-51f6-41ec-9067-bb974c0f991b	communication manager	optional	http://data.europa.eu/esco/skill/5303169c-75d6-4751-9136-a4b88343388c	social media management	knowledge
cd7b838c-51f6-41ec-9067-bb974c0f991b	communication manager	optional	http://data.europa.eu/esco/skill/7053c54a-994e-4b87-865d-a520b5c401c7	establish relationship with the media	skill
cd7b838c-51f6-41ec-9067-bb974c0f991b	communication manager	optional	http://data.europa.eu/esco/skill/40001d93-8937-4859-89d5-2dca53290ff4	share through digital technologies	skill
cd7b838c-51f6-41ec-9067-bb974c0f991b	communication manager	optional	http://data.europa.eu/esco/skill/28f98c7e-b89c-4b4d-ae0a-0c5a6328992e	build community relations	skill
cd7b838c-51f6-41ec-9067-bb974c0f991b	communication manager	optional	http://data.europa.eu/esco/skill/13e2378e-0d10-450d-843a-b3592575826e	implement marketing strategies	skill
cd7b838c-51f6-41ec-9067-bb974c0f991b	communication manager	optional	http://data.europa.eu/esco/skill/1f6eac42-e5aa-4fa7-a75d-a4eea12c618e	disseminate internal communications	skill
cd7b838c-51f6-41ec-9067-bb974c0f991b	communication manager	optional	http://data.europa.eu/esco/skill/c683335e-b862-44a5-9d37-fc85b39cf022	establish communication with foreign cultures	skill
cd7b838c-51f6-41ec-9067-bb974c0f991b	communication manager	optional	http://data.europa.eu/esco/skill/1b1cf435-46ba-4471-afda-5029b36b3862	government representation	knowledge
cd7b838c-51f6-41ec-9067-bb974c0f991b	communication manager	optional	http://data.europa.eu/esco/skill/dc72ad0a-c5dc-4abd-bc0d-ca43e82162e1	build business relationships	skill
cd7b838c-51f6-41ec-9067-bb974c0f991b	communication manager	optional	http://data.europa.eu/esco/skill/2691f4d8-d090-423f-afd7-9e721f562e8d	advise on public relations	skill
cd7b838c-51f6-41ec-9067-bb974c0f991b	communication manager	optional	http://data.europa.eu/esco/skill/f6d294f4-db62-4fc5-a7b8-778e5071c112	carry out forum moderation	skill
cd7b838c-51f6-41ec-9067-bb974c0f991b	communication manager	optional	http://data.europa.eu/esco/skill/50b96d21-f2eb-4f35-a8d3-77eee15ef51f	manage visual communications	skill
cd7b838c-51f6-41ec-9067-bb974c0f991b	communication manager	optional	http://data.europa.eu/esco/skill/e33f2942-c4e7-4cfa-8b5a-4e068ab5b1aa	writing style guides	knowledge
cd7b838c-51f6-41ec-9067-bb974c0f991b	communication manager	optional	http://data.europa.eu/esco/skill/11877887-d81e-4fdd-865a-e47a40b6707d	study communications channels for different employers/contractors	skill
cd7b838c-51f6-41ec-9067-bb974c0f991b	communication manager	optional	http://data.europa.eu/esco/skill/52e3507b-1cad-409f-9146-3c5e2afe7df9	manage online communications	skill
cd7b838c-51f6-41ec-9067-bb974c0f991b	communication manager	optional	http://data.europa.eu/esco/skill/4d313147-b39d-413f-a5e2-b12d5f0dc9e6	give interviews to media	skill
